row_type,gt_duration_bin_broad,matching_cell,short_qid,long_qid,short_vid,long_vid,short_audio_duration_sec,long_audio_duration_sec,short_gt_duration_sec,long_gt_duration_sec,short_gt_count,long_gt_count,short_query_word_count,long_query_word_count,short_r1_iou05,long_r1_iou05,long_minus_short_r1_iou05,short_r1_iou07,long_r1_iou07,long_minus_short_r1_iou07,short_oracle10_iou07,long_oracle10_iou07,long_minus_short_oracle10_iou07,short_qd_top1_center_hit_le_2s,long_qd_top1_center_hit_le_2s,long_minus_short_qd_top1_center_hit_le_2s,short_final_width_gt_ratio,long_final_width_gt_ratio,long_minus_short_final_width_gt_ratio,short_center_error_sec,long_center_error_sec,long_minus_short_center_error_sec,short_normalized_gt_width,long_normalized_gt_width,long_minus_short_normalized_gt_width
matched_pair,0-2s,1-2s|1|0-5w,-nQHwrRLfc0_2,3RultJjvTWI_2,-nQHwrRLfc0,3RultJjvTWI,165.0,299.0,1.0,1.0,1,1,3,3,0.0,0.0,0.0,0.0,0.0,0.0,0.0,0.0,0.0,0.0,0.0,0.0,7.0,10.0,3.0,8.0,16.5,8.5,0.006060606060606061,0.0033444816053511705,-0.00271612445525489
matched_pair,0-2s,1-2s|1|0-5w,6Nvu6EcpdE8_2,Hdxfbpnd2-8_4,6Nvu6EcpdE8,Hdxfbpnd2-8,211.0,299.0,1.0,1.0,1,1,4,4,0.0,0.0,0.0,0.0,0.0,0.0,0.0,0.0,0.0,1.0,0.0,-1.0,4.0,12.0,8.0,1.5,58.5,57.0,0.004739336492890996,0.0033444816053511705,-0.0013948548875398251
matched_pair,0-2s,1-2s|1|0-5w,Aj_VMUSNjNM_2,OUUckswAaNI_4,Aj_VMUSNjNM,OUUckswAaNI,150.0,260.0,1.0,1.0,1,1,3,3,0.0,0.0,0.0,0.0,0.0,0.0,0.0,0.0,0.0,1.0,0.0,-1.0,5.0,6.0,1.0,0.0,25.5,25.5,0.006666666666666667,0.0038461538461538464,-0.0028205128205128207
matched_pair,0-2s,1-2s|1|0-5w,ItS07xtdi4s_5,KnsKf9KoNds_1,ItS07xtdi4s,KnsKf9KoNds,160.0,299.0,1.0,1.0,1,1,4,4,0.0,0.0,0.0,0.0,0.0,0.0,0.0,0.0,0.0,0.0,0.0,0.0,4.0,9.0,5.0,38.5,26.0,-12.5,0.00625,0.0033444816053511705,-0.00290551839464883
matched_pair,0-2s,1-2s|1|0-5w,OpiWMltpj44_3,3VHpLxtd498_3,OpiWMltpj44,3VHpLxtd498,77.0,242.0,1.0,1.0,1,1,5,5,0.0,0.0,0.0,0.0,0.0,0.0,0.0,0.0,0.0,0.0,0.0,0.0,7.0,12.0,5.0,46.0,45.5,-0.5,0.012987012987012988,0.004132231404958678,-0.00885478158205431
matched_pair,0-2s,1-2s|1|0-5w,QKHpSAAjakY_1,BUAPM4D3-h8_2,QKHpSAAjakY,BUAPM4D3-h8,94.0,299.0,1.0,1.0,1,1,2,2,0.0,0.0,0.0,0.0,0.0,0.0,0.0,0.0,0.0,0.0,0.0,0.0,3.0,13.0,10.0,35.0,116.0,81.0,0.010638297872340425,0.0033444816053511705,-0.007293816266989255
matched_pair,0-2s,1-2s|1|0-5w,ilspW7JRjAg_1,inSvboaSRwA_2,ilspW7JRjAg,inSvboaSRwA,208.0,299.0,1.0,1.0,1,1,5,5,0.0,0.0,0.0,0.0,0.0,0.0,0.0,0.0,0.0,0.0,0.0,0.0,38.0,9.0,-29.0,32.5,216.0,183.5,0.004807692307692308,0.0033444816053511705,-0.0014632107023411375
matched_pair,0-2s,1-2s|1|0-5w,pI_kPedctoo_1,_YS5uKWoB6g_2,pI_kPedctoo,_YS5uKWoB6g,76.0,237.0,1.0,1.0,1,1,2,2,1.0,0.0,-1.0,0.0,0.0,0.0,1.0,0.0,-1.0,1.0,0.0,-1.0,2.0,17.0,15.0,0.5,3.0,2.5,0.013157894736842105,0.004219409282700422,-0.008938485454141682
matched_pair,0-2s,1-2s|1|0-5w,vruDH_YLaPI_3,taYKM1OSTwE_2,vruDH_YLaPI,taYKM1OSTwE,125.0,220.0,1.0,1.0,1,1,5,5,0.0,0.0,0.0,0.0,0.0,0.0,0.0,0.0,0.0,1.0,0.0,-1.0,5.0,5.0,0.0,2.0,149.0,147.0,0.008,0.004545454545454545,-0.003454545454545455
matched_pair,0-2s,1-2s|1|0-5w,z1ax0QPpd14_3,yrxa6_P2I80_2,z1ax0QPpd14,yrxa6_P2I80,183.0,240.0,1.0,1.0,1,1,5,5,0.0,0.0,0.0,0.0,0.0,0.0,0.0,0.0,0.0,0.0,0.0,0.0,11.0,9.0,-2.0,93.0,87.0,-6.0,0.00546448087431694,0.004166666666666667,-0.0012978142076502733
matched_pair,0-2s,1-2s|1|0-5w,C5kmOK_l4jc_1,_YS5uKWoB6g_5,C5kmOK_l4jc,_YS5uKWoB6g,79.0,237.0,1.0,1.0,1,1,3,2,0.0,0.0,0.0,0.0,0.0,0.0,0.0,0.0,0.0,0.0,0.0,0.0,4.0,12.0,8.0,6.5,51.5,45.0,0.012658227848101266,0.004219409282700422,-0.008438818565400845
matched_pair,0-2s,1-2s|1|11-15w,52IxrdTxGs4_2,hmd6pa2e_rs_1,52IxrdTxGs4,hmd6pa2e_rs,213.0,242.0,1.0,1.0,1,1,11,11,0.0,0.0,0.0,0.0,0.0,0.0,0.0,0.0,0.0,0.0,0.0,0.0,7.0,12.0,5.0,10.0,8.5,-1.5,0.004694835680751174,0.004132231404958678,-0.000562604275792496
matched_pair,0-2s,1-2s|1|11-15w,6Nvu6EcpdE8_3,lrKGCtSsAkA_3,6Nvu6EcpdE8,lrKGCtSsAkA,211.0,240.0,1.0,1.0,1,1,11,11,0.0,0.0,0.0,0.0,0.0,0.0,0.0,0.0,0.0,0.0,0.0,0.0,14.0,67.0,53.0,61.5,83.0,21.5,0.004739336492890996,0.004166666666666667,-0.000572669826224329
matched_pair,0-2s,1-2s|1|11-15w,PYP-r0nvbFk_3,MPLZUg89y5U_2,PYP-r0nvbFk,MPLZUg89y5U,121.0,300.0,1.0,1.0,1,1,12,12,0.0,0.0,0.0,0.0,0.0,0.0,0.0,0.0,0.0,0.0,0.0,0.0,5.0,28.0,23.0,21.0,69.5,48.5,0.008264462809917356,0.0033333333333333335,-0.004931129476584022
matched_pair,0-2s,1-2s|1|6-10w,096oTVzc5Gs_4,T9_ep-3BZDY_2,096oTVzc5Gs,T9_ep-3BZDY,129.0,299.0,1.0,1.0,1,1,6,6,0.0,0.0,0.0,0.0,0.0,0.0,0.0,0.0,0.0,0.0,0.0,0.0,4.0,15.0,11.0,68.5,38.0,-30.5,0.007751937984496124,0.0033444816053511705,-0.004407456379144954
matched_pair,0-2s,1-2s|1|6-10w,27HIamF8pKo_3,3VHpLxtd498_1,27HIamF8pKo,3VHpLxtd498,140.0,242.0,1.0,1.0,1,1,8,8,0.0,0.0,0.0,0.0,0.0,0.0,0.0,0.0,0.0,1.0,0.0,-1.0,13.0,14.0,1.0,0.0,145.5,145.5,0.007142857142857143,0.004132231404958678,-0.003010625737898465
matched_pair,0-2s,1-2s|1|6-10w,BA-lFjpzad4_2,5t6tSW0yT40_4,BA-lFjpzad4,5t6tSW0yT40,64.0,299.0,1.0,1.0,1,1,7,7,0.0,0.0,0.0,0.0,0.0,0.0,0.0,0.0,0.0,0.0,0.0,0.0,4.0,13.0,9.0,9.5,238.0,228.5,0.015625,0.0033444816053511705,-0.01228051839464883
matched_pair,0-2s,1-2s|1|6-10w,Dn3buZWMzwY_2,e2rScj9UyMs_2,Dn3buZWMzwY,e2rScj9UyMs,99.0,225.0,1.0,1.0,1,1,6,6,0.0,0.0,0.0,0.0,0.0,0.0,0.0,0.0,0.0,0.0,0.0,0.0,6.0,10.0,4.0,4.5,153.5,149.0,0.010101010101010102,0.0044444444444444444,-0.005656565656565657
matched_pair,0-2s,1-2s|1|6-10w,Dn3buZWMzwY_3,b1PXsfgQw5w_2,Dn3buZWMzwY,b1PXsfgQw5w,99.0,297.0,1.0,1.0,1,1,9,9,0.0,0.0,0.0,0.0,0.0,0.0,0.0,0.0,0.0,0.0,0.0,0.0,9.0,14.0,5.0,3.0,37.5,34.5,0.010101010101010102,0.003367003367003367,-0.006734006734006735
matched_pair,0-2s,1-2s|1|6-10w,PYP-r0nvbFk_2,fPqj3nnwQOI_4,PYP-r0nvbFk,fPqj3nnwQOI,121.0,280.0,1.0,1.0,1,1,9,9,0.0,0.0,0.0,0.0,0.0,0.0,0.0,0.0,0.0,0.0,0.0,0.0,4.0,28.0,24.0,34.5,103.5,69.0,0.008264462809917356,0.0035714285714285713,-0.004693034238488785
matched_pair,0-2s,1-2s|1|6-10w,kXjzsroVTtw_1,9dLLsZVRSZI_1,kXjzsroVTtw,9dLLsZVRSZI,92.0,225.0,1.0,1.0,1,1,7,7,0.0,0.0,0.0,0.0,0.0,0.0,0.0,0.0,0.0,0.0,1.0,1.0,2.0,4.0,2.0,57.5,0.5,-57.0,0.010869565217391304,0.0044444444444444444,-0.00642512077294686
matched_pair,0-2s,1-2s|1|6-10w,tIM-H2rdq8U_3,G3YO2unWz7k_1,tIM-H2rdq8U,G3YO2unWz7k,105.0,299.0,1.0,1.0,1,1,7,7,0.0,0.0,0.0,0.0,0.0,0.0,0.0,0.0,0.0,0.0,0.0,0.0,6.0,9.0,3.0,42.5,177.0,134.5,0.009523809523809525,0.0033444816053511705,-0.006179327918458355
matched_pair,0-2s,1-2s|1|6-10w,4_DjmCg8Ra8_1,eRU-rABp8nk_3,4_DjmCg8Ra8,eRU-rABp8nk,196.0,299.0,1.0,1.0,1,1,8,7,0.0,0.0,0.0,0.0,0.0,0.0,0.0,0.0,0.0,0.0,0.0,0.0,8.0,12.0,4.0,6.5,8.5,2.0,0.00510204081632653,0.0033444816053511705,-0.0017575592109753597
matched_pair,0-2s,1-2s|1|6-10w,A61Mry8zBwE_1,lrKGCtSsAkA_4,A61Mry8zBwE,lrKGCtSsAkA,132.0,240.0,1.0,1.0,1,1,8,7,0.0,0.0,0.0,0.0,0.0,0.0,0.0,0.0,0.0,0.0,0.0,0.0,5.0,8.0,3.0,25.0,4.5,-20.5,0.007575757575757576,0.004166666666666667,-0.0034090909090909094
matched_pair,0-2s,1-2s|1|6-10w,XZTt1xdK8uQ_1,vfNKduToki4_1,XZTt1xdK8uQ,vfNKduToki4,140.0,217.0,1.0,1.0,1,1,8,9,0.0,0.0,0.0,0.0,0.0,0.0,0.0,0.0,0.0,0.0,0.0,0.0,8.0,10.0,2.0,48.5,28.5,-20.0,0.007142857142857143,0.004608294930875576,-0.0025345622119815666
matched_pair,0-2s,1-2s|2|0-5w,HVz-FJBf_iM_1,H7rd9bZtbgc_2,HVz-FJBf_iM,H7rd9bZtbgc,67.0,299.0,1.0,1.0,2,2,3,3,0.0,0.0,0.0,0.0,0.0,0.0,0.0,0.0,0.0,0.0,0.0,0.0,4.0,158.0,154.0,13.5,108.5,95.0,0.014925373134328358,0.0033444816053511705,-0.011580891528977188
matched_pair,0-2s,1-2s|2|0-5w,vruDH_YLaPI_1,-NrFeH-kBSM_2,vruDH_YLaPI,-NrFeH-kBSM,125.0,300.0,1.0,1.0,2,2,4,4,0.0,0.0,0.0,0.0,0.0,0.0,0.0,0.0,0.0,1.0,0.0,-1.0,3.0,9.0,6.0,0.0,149.0,149.0,0.008,0.0033333333333333335,-0.004666666666666666
matched_pair,0-2s,1-2s|2|6-10w,Kel-hfZ_9h8_4,CefFMA3klxk_1,Kel-hfZ_9h8,CefFMA3klxk,147.0,299.0,1.0,1.0,2,2,7,7,0.0,0.0,0.0,0.0,0.0,0.0,0.0,0.0,0.0,0.0,0.0,0.0,3.0,10.0,7.0,34.0,30.5,-3.5,0.006802721088435374,0.0033444816053511705,-0.0034582394830842034
matched_pair,0-2s,1-2s|2|6-10w,RfGapDlAYoQ_2,aZAXO2WZn84_5,RfGapDlAYoQ,aZAXO2WZn84,150.0,300.0,1.0,1.0,2,2,7,7,0.0,0.0,0.0,0.0,0.0,0.0,0.0,0.0,0.0,0.0,0.0,0.0,5.0,14.0,9.0,64.0,168.5,104.5,0.006666666666666667,0.0033333333333333335,-0.0033333333333333335
matched_pair,0-2s,1-2s|2|6-10w,gr5Zss89yLQ_1,b1PXsfgQw5w_1,gr5Zss89yLQ,b1PXsfgQw5w,106.0,297.0,1.0,1.0,2,2,7,7,0.0,0.0,0.0,0.0,0.0,0.0,0.0,0.0,0.0,1.0,0.0,-1.0,4.0,10.0,6.0,0.5,49.5,49.0,0.009433962264150943,0.003367003367003367,-0.006066958897147576
matched_pair,0-2s,1-2s|2|6-10w,52IxrdTxGs4_4,jjfUaMQaG1A_2,52IxrdTxGs4,jjfUaMQaG1A,213.0,300.0,1.0,1.0,2,2,6,8,0.0,0.0,0.0,0.0,0.0,0.0,0.0,0.0,0.0,0.0,0.0,0.0,10.0,9.0,-1.0,82.5,176.0,93.5,0.004694835680751174,0.0033333333333333335,-0.0013615023474178403
matched_pair,0-2s,1-2s|2|6-10w,bX2vDaHL26U_2,zwoqJY03yHE_1,bX2vDaHL26U,zwoqJY03yHE,74.0,300.0,1.0,1.0,2,2,6,9,0.0,0.0,0.0,0.0,0.0,0.0,0.0,0.0,0.0,0.0,0.0,0.0,4.0,14.0,10.0,4.5,11.5,7.0,0.013513513513513514,0.0033333333333333335,-0.01018018018018018
matched_pair,0-2s,1-2s|3+|0-5w,hzn_wGlzGpU_2,T9_ep-3BZDY_1,hzn_wGlzGpU,T9_ep-3BZDY,126.0,299.0,1.0,1.0,3,3,5,5,0.0,0.0,0.0,0.0,0.0,0.0,0.0,0.0,0.0,1.0,0.0,-1.0,5.0,9.0,4.0,2.0,58.0,56.0,0.007936507936507936,0.0033444816053511705,-0.004592026331156766
matched_pair,0-2s,1-2s|3+|6-10w,frOqlk0Wm5Y_1,LP_DzNUkAKY_1,frOqlk0Wm5Y,LP_DzNUkAKY,109.0,300.0,1.0,1.0,3,4,8,7,0.0,0.0,0.0,0.0,0.0,0.0,0.0,0.0,0.0,1.0,0.0,-1.0,4.0,12.0,8.0,0.5,6.5,6.0,0.009174311926605505,0.0033333333333333335,-0.005840978593272171
matched_pair,2-5s,2-3s|1|0-5w,2RjqBRzmxaM_3,1WTSW96XP6E_2,2RjqBRzmxaM,1WTSW96XP6E,122.0,300.0,2.0,2.0,1,1,3,3,0.0,0.0,0.0,0.0,0.0,0.0,0.0,0.0,0.0,0.0,0.0,0.0,2.5,5.0,2.5,4.5,32.0,27.5,0.01639344262295082,0.006666666666666667,-0.009726775956284153
matched_pair,2-5s,2-3s|1|0-5w,9F3sutgYTvo_2,8ycflE3dIHw_2,9F3sutgYTvo,8ycflE3dIHw,69.0,299.0,2.0,2.0,1,1,5,5,0.0,0.0,0.0,0.0,0.0,0.0,0.0,0.0,0.0,0.0,1.0,1.0,3.0,2.5,-0.5,7.0,0.5,-6.5,0.028985507246376812,0.006688963210702341,-0.022296544035674472
matched_pair,2-5s,2-3s|1|0-5w,AKHZMg9ba30_2,dkiwn2FdDVw_2,AKHZMg9ba30,dkiwn2FdDVw,115.0,300.0,2.0,2.0,1,1,4,4,0.0,0.0,0.0,0.0,0.0,0.0,0.0,0.0,0.0,0.0,0.0,0.0,2.0,7.0,5.0,9.0,19.0,10.0,0.017391304347826087,0.006666666666666667,-0.01072463768115942
matched_pair,2-5s,2-3s|1|0-5w,Cbe2B6ohBpw_2,AI1OweEW8C0_1,Cbe2B6ohBpw,AI1OweEW8C0,60.0,205.0,2.0,2.0,1,1,5,5,0.0,0.0,0.0,0.0,0.0,0.0,0.0,0.0,0.0,0.0,0.0,0.0,1.5,11.0,9.5,26.5,17.0,-9.5,0.03333333333333333,0.00975609756097561,-0.02357723577235772
matched_pair,2-5s,2-3s|1|0-5w,E3Q1jfTeuWs_2,LVvS3s9dFKw_3,E3Q1jfTeuWs,LVvS3s9dFKw,60.0,226.0,2.0,2.0,1,1,3,3,0.0,0.0,0.0,0.0,0.0,0.0,0.0,0.0,0.0,0.0,0.0,0.0,1.5,5.0,3.5,28.5,47.0,18.5,0.03333333333333333,0.008849557522123894,-0.02448377581120944
matched_pair,2-5s,2-3s|1|0-5w,GGgQR7aIofY_1,n-JyOqYSLQM_2,GGgQR7aIofY,n-JyOqYSLQM,168.0,299.0,2.0,2.0,1,1,4,4,0.0,0.0,0.0,0.0,0.0,0.0,0.0,0.0,0.0,1.0,0.0,-1.0,2.5,4.5,2.0,1.5,36.5,35.0,0.011904761904761904,0.006688963210702341,-0.005215798694059563
matched_pair,2-5s,2-3s|1|0-5w,IsUG5SKWNZA_2,VjSEIRnLAh8_2,IsUG5SKWNZA,VjSEIRnLAh8,134.0,300.0,2.0,2.0,1,1,5,5,0.0,0.0,0.0,0.0,0.0,0.0,0.0,0.0,0.0,0.0,0.0,0.0,2.5,8.0,5.5,82.5,146.0,63.5,0.014925373134328358,0.006666666666666667,-0.008258706467661692
matched_pair,2-5s,2-3s|1|0-5w,OpiWMltpj44_4,AI1OweEW8C0_2,OpiWMltpj44,AI1OweEW8C0,77.0,205.0,2.0,2.0,1,1,2,2,0.0,0.0,0.0,0.0,0.0,0.0,0.0,0.0,0.0,1.0,0.0,-1.0,1.0,13.5,12.5,1.0,129.5,128.5,0.025974025974025976,0.00975609756097561,-0.016217928413050364
matched_pair,2-5s,2-3s|1|0-5w,VE6Ku0-ucUM_1,Hdxfbpnd2-8_3,VE6Ku0-ucUM,Hdxfbpnd2-8,66.0,299.0,2.0,2.0,1,1,2,2,1.0,0.0,-1.0,1.0,0.0,-1.0,1.0,0.0,-1.0,1.0,0.0,-1.0,1.0,3.5,2.5,0.0,145.5,145.5,0.030303030303030304,0.006688963210702341,-0.023614067092327964
matched_pair,2-5s,2-3s|1|0-5w,ZTYAQBnU4GM_1,pgq2KPX5_SA_4,ZTYAQBnU4GM,pgq2KPX5_SA,114.0,208.0,2.0,2.0,1,1,3,3,0.0,0.0,0.0,0.0,0.0,0.0,0.0,0.0,0.0,0.0,1.0,1.0,3.0,3.0,0.0,24.0,1.0,-23.0,0.017543859649122806,0.009615384615384616,-0.00792847503373819
matched_pair,2-5s,2-3s|1|0-5w,hDMHIDJdfDA_3,uY4fe5DT1gI_2,hDMHIDJdfDA,uY4fe5DT1gI,76.0,299.0,2.0,2.0,1,1,3,3,0.0,0.0,0.0,0.0,0.0,0.0,0.0,0.0,0.0,0.0,0.0,0.0,2.0,13.5,11.5,43.0,199.5,156.5,0.02631578947368421,0.006688963210702341,-0.01962682626298187
matched_pair,2-5s,2-3s|1|0-5w,lVr-PxhZo8s_1,wAZrOPvul4Y_1,lVr-PxhZo8s,wAZrOPvul4Y,69.0,283.0,2.0,2.0,1,1,3,3,0.0,0.0,0.0,0.0,0.0,0.0,0.0,0.0,0.0,1.0,0.0,-1.0,1.0,5.0,4.0,1.0,50.0,49.0,0.028985507246376812,0.007067137809187279,-0.021918369437189535
matched_pair,2-5s,2-3s|1|0-5w,MdlEswBfZMQ_2,ZBtgrP4vU_w_2,MdlEswBfZMQ,ZBtgrP4vU_w,120.0,300.0,2.0,2.0,1,1,4,2,0.0,0.0,0.0,0.0,0.0,0.0,0.0,0.0,0.0,0.0,0.0,0.0,1.5,3.0,1.5,36.5,5.0,-31.5,0.016666666666666666,0.006666666666666667,-0.009999999999999998
matched_pair,2-5s,2-3s|1|11-15w,7P6lcyeDKNI_1,52IxrdTxGs4_3,7P6lcyeDKNI,52IxrdTxGs4,98.0,213.0,2.0,2.0,1,1,12,12,0.0,0.0,0.0,0.0,0.0,0.0,0.0,0.0,0.0,0.0,0.0,0.0,3.0,3.0,0.0,68.0,141.0,73.0,0.02040816326530612,0.009389671361502348,-0.011018491903803773
matched_pair,2-5s,2-3s|1|11-15w,Dn3buZWMzwY_1,lrKGCtSsAkA_2,Dn3buZWMzwY,lrKGCtSsAkA,99.0,240.0,2.0,2.0,1,1,12,12,0.0,0.0,0.0,0.0,0.0,0.0,0.0,0.0,0.0,0.0,0.0,0.0,2.0,95.0,93.0,12.0,127.0,115.0,0.020202020202020204,0.008333333333333333,-0.01186868686868687
matched_pair,2-5s,2-3s|1|11-15w,tIM-H2rdq8U_4,m_U506sf9p4_3,tIM-H2rdq8U,m_U506sf9p4,105.0,212.0,2.0,2.0,1,1,12,12,0.0,0.0,0.0,0.0,0.0,0.0,0.0,0.0,0.0,0.0,0.0,0.0,3.0,3.5,0.5,52.0,4.5,-47.5,0.01904761904761905,0.009433962264150943,-0.009613656783468106
matched_pair,2-5s,2-3s|1|6-10w,-oy0BkpMGAk_3,CefFMA3klxk_3,-oy0BkpMGAk,CefFMA3klxk,80.0,299.0,2.0,2.0,1,1,10,10,0.0,0.0,0.0,0.0,0.0,0.0,0.0,0.0,0.0,0.0,0.0,0.0,1.5,5.5,4.0,3.5,59.5,56.0,0.025,0.006688963210702341,-0.01831103678929766
matched_pair,2-5s,2-3s|1|6-10w,2KR0C5ysO8o_2,1Og2TJ3bXW0_1,2KR0C5ysO8o,1Og2TJ3bXW0,137.0,300.0,2.0,2.0,1,1,6,6,0.0,0.0,0.0,0.0,0.0,0.0,0.0,0.0,0.0,0.0,0.0,0.0,2.5,4.5,2.0,10.5,22.5,12.0,0.014598540145985401,0.006666666666666667,-0.007931873479318733
matched_pair,2-5s,2-3s|1|6-10w,4UPOUGVMlEs_3,Rp4Ct_TQvAM_2,4UPOUGVMlEs,Rp4Ct_TQvAM,84.0,299.0,2.0,2.0,1,1,10,10,0.0,0.0,0.0,0.0,0.0,0.0,0.0,0.0,0.0,0.0,0.0,0.0,1.5,5.5,4.0,31.5,40.5,9.0,0.023809523809523808,0.006688963210702341,-0.017120560598821468
matched_pair,2-5s,2-3s|1|6-10w,4ftDFi4684Y_1,7P0N61TVOxE_3,4ftDFi4684Y,7P0N61TVOxE,115.0,299.0,2.0,2.0,1,1,7,7,0.0,0.0,0.0,0.0,0.0,0.0,0.0,0.0,0.0,0.0,0.0,0.0,3.0,6.5,3.5,12.0,100.5,88.5,0.017391304347826087,0.006688963210702341,-0.010702341137123747
matched_pair,2-5s,2-3s|1|6-10w,9vZDsGjyh5M_1,1GgEpRZDWN0_1,9vZDsGjyh5M,1GgEpRZDWN0,117.0,300.0,2.0,2.0,1,1,8,8,1.0,0.0,-1.0,0.0,0.0,0.0,0.0,0.0,0.0,1.0,0.0,-1.0,1.5,5.0,3.5,0.5,14.0,13.5,0.017094017094017096,0.006666666666666667,-0.010427350427350428
matched_pair,2-5s,2-3s|1|6-10w,AtkD-3GjXMw_1,5G6b_QWL3nY_4,AtkD-3GjXMw,5G6b_QWL3nY,132.0,246.0,2.0,2.0,1,1,6,6,1.0,0.0,-1.0,0.0,0.0,0.0,0.0,0.0,0.0,1.0,0.0,-1.0,1.5,5.0,3.5,0.5,47.0,46.5,0.015151515151515152,0.008130081300813009,-0.007021433850702143
matched_pair,2-5s,2-3s|1|6-10w,Dn3buZWMzwY_4,T32kii824pA_2,Dn3buZWMzwY,T32kii824pA,99.0,299.0,2.0,2.0,1,1,10,10,0.0,0.0,0.0,0.0,0.0,0.0,0.0,0.0,0.0,1.0,0.0,-1.0,8.5,4.5,-4.0,1.5,216.5,215.0,0.020202020202020204,0.006688963210702341,-0.013513056991317864
matched_pair,2-5s,2-3s|1|6-10w,GOD8Bt5LfDE_3,Ba92IrXFvJo_1,GOD8Bt5LfDE,Ba92IrXFvJo,129.0,246.0,2.0,2.0,1,1,7,7,0.0,0.0,0.0,0.0,0.0,0.0,0.0,0.0,0.0,0.0,0.0,0.0,2.0,4.5,2.5,5.0,3.5,-1.5,0.015503875968992248,0.008130081300813009,-0.007373794668179239
matched_pair,2-5s,2-3s|1|6-10w,QKHpSAAjakY_3,BzHTqyX69pI_2,QKHpSAAjakY,BzHTqyX69pI,94.0,230.0,2.0,2.0,1,1,7,7,0.0,0.0,0.0,0.0,0.0,0.0,0.0,0.0,0.0,0.0,0.0,0.0,5.0,6.0,1.0,7.0,121.0,114.0,0.02127659574468085,0.008695652173913044,-0.012580943570767807
matched_pair,2-5s,2-3s|1|6-10w,V4PLSw_WzVw_2,JC2ZrXzCX4Y_2,V4PLSw_WzVw,JC2ZrXzCX4Y,82.0,209.0,2.0,2.0,1,1,7,7,0.0,0.0,0.0,0.0,0.0,0.0,0.0,0.0,0.0,0.0,0.0,0.0,2.0,6.5,4.5,64.0,61.5,-2.5,0.024390243902439025,0.009569377990430622,-0.014820865912008404
matched_pair,2-5s,2-3s|1|6-10w,V8A0VRGdgwM_2,VjSEIRnLAh8_4,V8A0VRGdgwM,VjSEIRnLAh8,77.0,300.0,2.0,2.0,1,1,7,7,0.0,0.0,0.0,0.0,0.0,0.0,0.0,0.0,0.0,0.0,0.0,0.0,2.0,12.0,10.0,33.0,251.0,218.0,0.025974025974025976,0.006666666666666667,-0.019307359307359308
matched_pair,2-5s,2-3s|1|6-10w,VE6Ku0-ucUM_3,Z1Cyj4N05lk_3,VE6Ku0-ucUM,Z1Cyj4N05lk,66.0,299.0,2.0,2.0,1,1,10,10,0.0,0.0,0.0,0.0,0.0,0.0,0.0,0.0,0.0,0.0,0.0,0.0,5.0,9.0,4.0,14.0,69.0,55.0,0.030303030303030304,0.006688963210702341,-0.023614067092327964
matched_pair,2-5s,2-3s|1|6-10w,_ezm-TpKj1w_1,uY4fe5DT1gI_1,_ezm-TpKj1w,uY4fe5DT1gI,130.0,299.0,2.0,2.0,1,1,7,7,0.0,0.0,0.0,0.0,0.0,0.0,0.0,0.0,0.0,0.0,0.0,0.0,4.0,6.5,2.5,125.0,2.5,-122.5,0.015384615384615385,0.006688963210702341,-0.008695652173913045
matched_pair,2-5s,2-3s|1|6-10w,_oKXrY5Ff0g_3,7JWHbs3gu1w_2,_oKXrY5Ff0g,7JWHbs3gu1w,82.0,296.0,2.0,2.0,1,1,8,8,0.0,0.0,0.0,0.0,0.0,0.0,0.0,0.0,0.0,0.0,0.0,0.0,2.0,3.5,1.5,65.0,82.5,17.5,0.024390243902439025,0.006756756756756757,-0.017633487145682268
matched_pair,2-5s,2-3s|1|6-10w,cPiSd5nJLrI_1,Axd__X2rixk_1,cPiSd5nJLrI,Axd__X2rixk,60.0,267.0,2.0,2.0,1,1,6,6,0.0,0.0,0.0,0.0,0.0,0.0,0.0,0.0,0.0,0.0,0.0,0.0,7.0,4.0,-3.0,23.0,126.0,103.0,0.03333333333333333,0.00749063670411985,-0.025842696629213482
matched_pair,2-5s,2-3s|1|6-10w,gkWd1HugK2w_1,hmd6pa2e_rs_2,gkWd1HugK2w,hmd6pa2e_rs,151.0,242.0,2.0,2.0,1,1,10,10,0.0,0.0,0.0,0.0,0.0,0.0,0.0,0.0,0.0,0.0,0.0,0.0,7.5,7.0,-0.5,13.5,125.0,111.5,0.013245033112582781,0.008264462809917356,-0.004980570302665426
matched_pair,2-5s,2-3s|1|6-10w,h3UhoHIMfpw_1,MVGhC-xB79s_2,h3UhoHIMfpw,MVGhC-xB79s,130.0,268.0,2.0,2.0,1,1,6,6,0.0,0.0,0.0,0.0,0.0,0.0,0.0,0.0,0.0,1.0,0.0,-1.0,2.5,4.5,2.0,1.5,111.5,110.0,0.015384615384615385,0.007462686567164179,-0.007921928817451206
matched_pair,2-5s,2-3s|1|6-10w,hzn_wGlzGpU_1,QRtuOWWya30_1,hzn_wGlzGpU,QRtuOWWya30,126.0,299.0,2.0,2.0,1,1,6,6,0.0,0.0,0.0,0.0,0.0,0.0,0.0,0.0,0.0,1.0,0.0,-1.0,3.0,8.0,5.0,1.0,3.0,2.0,0.015873015873015872,0.006688963210702341,-0.009184052662313532
matched_pair,2-5s,2-3s|1|6-10w,sl_Pxpc7beo_1,0fMXnvD38zI_1,sl_Pxpc7beo,0fMXnvD38zI,74.0,300.0,2.0,2.0,1,1,9,9,1.0,0.0,-1.0,0.0,0.0,0.0,0.0,0.0,0.0,1.0,0.0,-1.0,1.5,6.5,5.0,0.5,8.5,8.0,0.02702702702702703,0.006666666666666667,-0.02036036036036036
matched_pair,2-5s,2-3s|1|6-10w,kdflh3akyH8_1,ECw5Yf7QoMo_3,kdflh3akyH8,ECw5Yf7QoMo,99.0,299.0,2.0,2.0,1,1,7,8,0.0,0.0,0.0,0.0,0.0,0.0,0.0,0.0,0.0,0.0,0.0,0.0,2.0,3.5,1.5,54.0,114.5,60.5,0.020202020202020204,0.006688963210702341,-0.013513056991317864
matched_pair,2-5s,2-3s|1|6-10w,p9qRTh4BmSE_1,eRU-rABp8nk_2,p9qRTh4BmSE,eRU-rABp8nk,128.0,299.0,2.0,2.0,1,1,7,9,0.0,0.0,0.0,0.0,0.0,0.0,0.0,0.0,0.0,0.0,0.0,0.0,3.5,5.0,1.5,2.5,39.0,36.5,0.015625,0.006688963210702341,-0.00893603678929766
matched_pair,2-5s,2-3s|1|6-10w,q1ivQ_2fddk_3,eu5bq0A3XVQ_2,q1ivQ_2fddk,eu5bq0A3XVQ,167.0,300.0,2.0,2.0,1,1,7,9,0.0,0.0,0.0,0.0,0.0,0.0,0.0,0.0,0.0,0.0,0.0,0.0,3.5,5.5,2.0,119.5,12.5,-107.0,0.011976047904191617,0.006666666666666667,-0.00530938123752495
matched_pair,2-5s,2-3s|2|0-5w,0_K6OKtoBBU_1,yfYNPWs7mWY_2,0_K6OKtoBBU,yfYNPWs7mWY,61.0,300.0,2.0,2.0,2,2,4,4,1.0,0.0,-1.0,0.0,0.0,0.0,0.0,0.0,0.0,1.0,0.0,-1.0,1.5,5.0,3.5,0.5,7.5,7.0,0.03278688524590164,0.006666666666666667,-0.026120218579234973
matched_pair,2-5s,2-3s|2|0-5w,0_K6OKtoBBU_3,9z2OwpftxUE_2,0_K6OKtoBBU,9z2OwpftxUE,61.0,208.0,2.0,2.0,2,2,3,5,1.0,0.0,-1.0,0.0,0.0,0.0,0.0,0.0,0.0,1.0,0.0,-1.0,1.5,7.5,6.0,0.5,97.0,96.5,0.03278688524590164,0.009615384615384616,-0.023171500630517025
matched_pair,2-5s,2-3s|2|0-5w,E3Q1jfTeuWs_1,bUTOsLXYyxg_1,E3Q1jfTeuWs,bUTOsLXYyxg,60.0,300.0,2.0,2.0,2,2,3,5,0.0,0.0,0.0,0.0,0.0,0.0,0.0,0.0,0.0,0.0,0.0,0.0,1.5,5.5,4.0,12.0,37.5,25.5,0.03333333333333333,0.006666666666666667,-0.026666666666666665
matched_pair,2-5s,2-3s|2|0-5w,UQtBt6CQpwg_1,o7-X8DAToGc_2,UQtBt6CQpwg,o7-X8DAToGc,59.0,300.0,2.0,2.0,2,2,3,5,1.0,0.0,-1.0,0.0,0.0,0.0,0.0,0.0,0.0,1.0,0.0,-1.0,1.5,7.0,5.5,0.5,14.0,13.5,0.03389830508474576,0.006666666666666667,-0.027231638418079095
matched_pair,2-5s,2-3s|2|6-10w,gr5Zss89yLQ_3,ObWjGBJF_94_1,gr5Zss89yLQ,ObWjGBJF_94,106.0,299.0,2.0,2.0,2,2,8,8,0.0,0.0,0.0,0.0,0.0,0.0,0.0,0.0,0.0,1.0,0.0,-1.0,1.0,8.0,7.0,2.0,9.0,7.0,0.018867924528301886,0.006688963210702341,-0.012178961317599546
matched_pair,2-5s,2-3s|2|6-10w,q3SEOW2m4WY_1,1IoHRTUp86c_3,q3SEOW2m4WY,1IoHRTUp86c,62.0,226.0,2.0,2.0,2,2,7,7,0.0,0.0,0.0,0.0,0.0,0.0,0.0,0.0,0.0,1.0,0.0,-1.0,1.0,8.0,7.0,1.0,98.0,97.0,0.03225806451612903,0.008849557522123894,-0.023408506994005138
matched_pair,2-5s,2-3s|2|6-10w,EcihYbSlyck_3,WUyeFOyKIg0_1,EcihYbSlyck,WUyeFOyKIg0,157.0,299.0,2.0,2.0,2,2,9,8,0.0,0.0,0.0,0.0,0.0,0.0,0.0,0.0,0.0,0.0,0.0,0.0,5.0,4.0,-1.0,35.0,26.0,-9.0,0.012738853503184714,0.006688963210702341,-0.006049890292482373
matched_pair,2-5s,2-3s|2|6-10w,MkbP_8zJwXU_2,ErxgH5g3Kx0_2,MkbP_8zJwXU,ErxgH5g3Kx0,99.0,210.0,2.0,2.0,2,2,9,6,0.0,0.0,0.0,0.0,0.0,0.0,0.0,0.0,0.0,0.0,0.0,0.0,2.5,3.5,1.0,85.5,22.5,-63.0,0.020202020202020204,0.009523809523809525,-0.010678210678210679
matched_pair,2-5s,2-3s|2|6-10w,jlwe9jtu5Gw_2,OMGHnJV0l2U_1,jlwe9jtu5Gw,OMGHnJV0l2U,63.0,299.0,2.0,2.0,2,2,9,6,0.0,0.0,0.0,0.0,0.0,0.0,0.0,0.0,0.0,0.0,0.0,0.0,1.5,11.5,10.0,5.0,73.5,68.5,0.031746031746031744,0.006688963210702341,-0.025057068535329404
matched_pair,2-5s,2-3s|3+|0-5w,-FW109cbv0g_4,WUpeplQr3A4_1,-FW109cbv0g,WUpeplQr3A4,96.0,300.0,2.0,2.0,6,4,3,3,0.0,0.0,0.0,0.0,0.0,0.0,0.0,0.0,0.0,0.0,0.0,0.0,2.0,4.5,2.5,6.5,6.5,0.0,0.020833333333333332,0.006666666666666667,-0.014166666666666664
matched_pair,2-5s,2-3s|3+|0-5w,HdPSebdDxe4_1,LvMA1Wcgu3w_1,HdPSebdDxe4,LvMA1Wcgu3w,121.0,282.0,2.0,2.0,6,3,2,2,0.0,0.0,0.0,0.0,0.0,0.0,0.0,0.0,0.0,1.0,1.0,0.0,2.0,5.0,3.0,2.0,0.0,-2.0,0.01652892561983471,0.0070921985815602835,-0.009436727038274428
matched_pair,2-5s,2-3s|3+|0-5w,LB6CZ0x-kns_1,--0w1YA1Hm4_3,LB6CZ0x-kns,--0w1YA1Hm4,138.0,299.0,2.0,2.0,3,3,5,5,0.0,0.0,0.0,0.0,0.0,0.0,0.0,0.0,0.0,1.0,1.0,0.0,3.5,3.0,-0.5,2.0,1.5,-0.5,0.014492753623188406,0.006688963210702341,-0.007803790412486065
matched_pair,2-5s,2-3s|3+|0-5w,VZLZ08k3YeA_1,pHYkWkZ4guE_3,VZLZ08k3YeA,pHYkWkZ4guE,142.0,300.0,2.0,2.0,3,3,3,3,0.0,0.0,0.0,0.0,0.0,0.0,0.0,0.0,0.0,0.0,0.0,0.0,2.0,4.5,2.5,73.0,40.0,-33.0,0.014084507042253521,0.006666666666666667,-0.007417840375586854
matched_pair,2-5s,2-3s|3+|0-5w,Z3wDry8nnJs_3,zwoqJY03yHE_4,Z3wDry8nnJs,zwoqJY03yHE,90.0,300.0,2.0,2.0,3,3,3,3,1.0,0.0,-1.0,0.0,0.0,0.0,1.0,0.0,-1.0,1.0,1.0,0.0,1.5,5.0,3.5,0.5,2.0,1.5,0.022222222222222223,0.006666666666666667,-0.015555555555555555
matched_pair,2-5s,2-3s|3+|0-5w,Zsf2YvJfCKw_1,QOmV7O9mFwg_3,Zsf2YvJfCKw,QOmV7O9mFwg,135.0,260.0,2.0,2.0,3,3,2,2,0.0,0.0,0.0,0.0,0.0,0.0,0.0,0.0,0.0,0.0,0.0,0.0,2.5,4.5,2.0,2.5,46.5,44.0,0.014814814814814815,0.007692307692307693,-0.007122507122507123
matched_pair,2-5s,2-3s|3+|0-5w,_BSmz3SEW1w_1,RrmBGjJqlEo_1,_BSmz3SEW1w,RrmBGjJqlEo,133.0,300.0,2.0,2.0,3,6,2,2,0.0,0.0,0.0,0.0,0.0,0.0,0.0,0.0,0.0,0.0,0.0,0.0,2.5,5.5,3.0,11.0,12.5,1.5,0.015037593984962405,0.006666666666666667,-0.008370927318295737
matched_pair,2-5s,2-3s|3+|0-5w,p9qRTh4BmSE_2,1Og2TJ3bXW0_4,p9qRTh4BmSE,1Og2TJ3bXW0,128.0,300.0,2.0,2.0,3,3,5,5,0.0,0.0,0.0,0.0,0.0,0.0,0.0,0.0,0.0,0.0,0.0,0.0,10.0,3.5,-6.5,16.5,57.5,41.0,0.015625,0.006666666666666667,-0.008958333333333332
matched_pair,2-5s,2-3s|3+|0-5w,t1hj7se76wQ_2,IJ6pm5Kns8A_1,t1hj7se76wQ,IJ6pm5Kns8A,119.0,209.0,2.0,2.0,7,4,5,5,0.0,0.0,0.0,0.0,0.0,0.0,0.0,0.0,0.0,1.0,0.0,-1.0,12.0,3.5,-8.5,1.0,9.5,8.5,0.01680672268907563,0.009569377990430622,-0.007237344698645008
matched_pair,2-5s,2-3s|3+|6-10w,2RjqBRzmxaM_5,8OTd45_6cvY_2,2RjqBRzmxaM,8OTd45_6cvY,122.0,299.0,2.0,2.0,3,5,9,9,0.0,0.0,0.0,0.0,0.0,0.0,0.0,0.0,0.0,0.0,0.0,0.0,13.0,4.0,-9.0,20.5,4.5,-16.0,0.01639344262295082,0.006688963210702341,-0.00970447941224848
matched_pair,2-5s,2-3s|3+|6-10w,BA-lFjpzad4_4,1vCYiVvZ7VE_2,BA-lFjpzad4,1vCYiVvZ7VE,64.0,296.0,2.0,2.0,3,4,7,7,0.0,0.0,0.0,0.0,0.0,0.0,0.0,0.0,0.0,0.0,1.0,1.0,3.5,4.0,0.5,21.5,2.0,-19.5,0.03125,0.006756756756756757,-0.024493243243243243
matched_pair,2-5s,2-3s|3+|6-10w,ItS07xtdi4s_3,7JWHbs3gu1w_1,ItS07xtdi4s,7JWHbs3gu1w,160.0,296.0,2.0,2.0,4,3,7,7,0.0,0.0,0.0,0.0,0.0,0.0,0.0,0.0,0.0,1.0,0.0,-1.0,3.0,6.0,3.0,1.0,29.0,28.0,0.0125,0.006756756756756757,-0.0057432432432432436
matched_pair,2-5s,2-3s|3+|6-10w,MvHpNzDpC6Q_1,8b9z7N25DmU_1,MvHpNzDpC6Q,8b9z7N25DmU,82.0,268.0,2.0,2.0,11,4,8,8,1.0,0.0,-1.0,0.0,0.0,0.0,0.0,0.0,0.0,1.0,0.0,-1.0,1.5,9.0,7.5,0.5,20.0,19.5,0.024390243902439025,0.007462686567164179,-0.016927557335274845
matched_pair,2-5s,2-3s|3+|6-10w,Pb6MqpdX5Jw_5,D2Xc_jZllDY_2,Pb6MqpdX5Jw,D2Xc_jZllDY,120.0,299.0,2.0,2.0,3,11,6,6,0.0,0.0,0.0,0.0,0.0,0.0,0.0,0.0,0.0,0.0,1.0,1.0,3.0,4.0,1.0,10.0,1.5,-8.5,0.016666666666666666,0.006688963210702341,-0.009977703455964326
matched_pair,2-5s,2-3s|3+|6-10w,S0SQyFXbqF8_2,9ucb5HYO8ps_2,S0SQyFXbqF8,9ucb5HYO8ps,96.0,238.0,2.0,2.0,3,4,7,7,0.0,0.0,0.0,0.0,0.0,0.0,0.0,0.0,0.0,0.0,0.0,0.0,3.0,5.0,2.0,18.0,39.0,21.0,0.020833333333333332,0.008403361344537815,-0.012429971988795517
matched_pair,2-5s,2-3s|3+|6-10w,UAmDLPjNyMg_1,Wq4OD3olO2w_1,UAmDLPjNyMg,Wq4OD3olO2w,137.0,299.0,2.0,2.0,5,3,9,9,0.0,0.0,0.0,0.0,0.0,0.0,0.0,0.0,0.0,1.0,1.0,0.0,3.0,3.5,0.5,0.5,0.5,0.0,0.014598540145985401,0.006688963210702341,-0.00790957693528306
matched_pair,2-5s,2-3s|3+|6-10w,ZUmZgPL0ges_3,oN0IcZaHD_8_2,ZUmZgPL0ges,oN0IcZaHD_8,168.0,299.0,2.0,2.0,5,4,6,6,0.0,0.0,0.0,0.0,0.0,0.0,0.0,0.0,0.0,1.0,1.0,0.0,3.0,6.0,3.0,1.5,1.0,-0.5,0.011904761904761904,0.006688963210702341,-0.005215798694059563
matched_pair,2-5s,2-3s|3+|6-10w,d6gu2w19YQo_1,U90e2P9jy30_1,d6gu2w19YQo,U90e2P9jy30,102.0,300.0,2.0,2.0,4,5,7,7,0.0,0.0,0.0,0.0,0.0,0.0,0.0,0.0,0.0,0.0,0.0,0.0,2.0,5.5,3.5,6.5,20.5,14.0,0.0196078431372549,0.006666666666666667,-0.012941176470588234
matched_pair,2-5s,2-3s|3+|6-10w,fYTZVxQ8LJk_3,fPqj3nnwQOI_2,fYTZVxQ8LJk,fPqj3nnwQOI,95.0,280.0,2.0,2.0,3,9,9,9,0.0,0.0,0.0,0.0,0.0,0.0,0.0,0.0,0.0,0.0,0.0,0.0,1.5,17.0,15.5,71.5,4.0,-67.5,0.021052631578947368,0.007142857142857143,-0.013909774436090226
matched_pair,2-5s,2-3s|3+|6-10w,t1hj7se76wQ_3,o7-X8DAToGc_1,t1hj7se76wQ,o7-X8DAToGc,119.0,300.0,2.0,2.0,6,3,8,9,0.0,0.0,0.0,0.0,0.0,0.0,0.0,0.0,0.0,0.0,0.0,0.0,5.0,6.0,1.0,7.5,39.0,31.5,0.01680672268907563,0.006666666666666667,-0.010140056022408962
matched_pair,2-5s,3-5s|1|0-5w,0AsXkZkqelg_1,ESjMIqrvRj4_2,0AsXkZkqelg,ESjMIqrvRj4,172.0,299.0,4.0,4.0,1,1,4,4,1.0,0.0,-1.0,0.0,0.0,0.0,0.0,0.0,0.0,1.0,1.0,0.0,2.0,4.0,2.0,2.0,2.0,0.0,0.023255813953488372,0.013377926421404682,-0.00987788753208369
matched_pair,2-5s,3-5s|1|0-5w,0AsXkZkqelg_2,gW7s3YAthpI_2,0AsXkZkqelg,gW7s3YAthpI,172.0,299.0,3.0,3.0,1,1,5,5,0.0,0.0,0.0,0.0,0.0,0.0,0.0,0.0,0.0,1.0,0.0,-1.0,3.3333333333333335,4.0,0.6666666666666665,1.5,26.5,25.0,0.01744186046511628,0.010033444816053512,-0.007408415649062767
matched_pair,2-5s,3-5s|1|0-5w,Cbe2B6ohBpw_1,Bvw2gv1fcZw_2,Cbe2B6ohBpw,Bvw2gv1fcZw,60.0,290.0,3.0,3.0,1,1,2,2,1.0,0.0,-1.0,1.0,0.0,-1.0,1.0,0.0,-1.0,1.0,0.0,-1.0,1.3333333333333333,2.6666666666666665,1.3333333333333333,0.5,109.5,109.0,0.05,0.010344827586206896,-0.039655172413793106
matched_pair,2-5s,3-5s|1|0-5w,DjKGzOe_COc_1,BMayJId0X1s_1,DjKGzOe_COc,BMayJId0X1s,113.0,193.0,3.0,3.0,1,1,3,3,0.0,0.0,0.0,0.0,0.0,0.0,0.0,0.0,0.0,0.0,0.0,0.0,6.666666666666667,4.0,-2.666666666666667,93.5,9.5,-84.0,0.02654867256637168,0.015544041450777202,-0.01100463111559448
matched_pair,2-5s,3-5s|1|0-5w,E3D_z0aoUEg_4,Gkb4f6yodPE_2,E3D_z0aoUEg,Gkb4f6yodPE,158.0,299.0,3.0,3.0,1,1,3,3,0.0,0.0,0.0,0.0,0.0,0.0,0.0,0.0,0.0,0.0,0.0,0.0,2.0,4.0,2.0,3.5,80.5,77.0,0.0189873417721519,0.010033444816053512,-0.008953896956098387
matched_pair,2-5s,3-5s|1|0-5w,HdPSebdDxe4_4,os_2U4xqTqw_4,HdPSebdDxe4,os_2U4xqTqw,121.0,223.0,4.0,4.0,1,1,2,2,0.0,0.0,0.0,0.0,0.0,0.0,1.0,0.0,-1.0,0.0,0.0,0.0,0.75,2.25,1.5,110.5,44.5,-66.0,0.03305785123966942,0.017937219730941704,-0.015120631508727719
matched_pair,2-5s,3-5s|1|0-5w,JZloTOdIY_c_3,Ni3dIj90Oa4_2,JZloTOdIY_c,Ni3dIj90Oa4,88.0,299.0,3.0,3.0,1,1,3,3,0.0,0.0,0.0,0.0,0.0,0.0,0.0,0.0,0.0,0.0,0.0,0.0,3.3333333333333335,4.333333333333333,0.9999999999999996,6.5,8.0,1.5,0.03409090909090909,0.010033444816053512,-0.024057464274855576
matched_pair,2-5s,3-5s|1|0-5w,K-7Y8yhcUiw_3,H7rd9bZtbgc_1,K-7Y8yhcUiw,H7rd9bZtbgc,85.0,299.0,3.0,3.0,1,1,2,2,0.0,0.0,0.0,0.0,0.0,0.0,0.0,0.0,0.0,0.0,0.0,0.0,1.0,3.3333333333333335,2.3333333333333335,8.0,2.5,-5.5,0.03529411764705882,0.010033444816053512,-0.02526067283100531
matched_pair,2-5s,3-5s|1|0-5w,V4PLSw_WzVw_1,7XXSOzDQ2z0_3,V4PLSw_WzVw,7XXSOzDQ2z0,82.0,297.0,4.0,4.0,1,1,3,3,0.0,0.0,0.0,0.0,0.0,0.0,0.0,0.0,0.0,1.0,0.0,-1.0,0.5,2.75,2.25,2.0,4.5,2.5,0.04878048780487805,0.013468013468013467,-0.03531247433686458
matched_pair,2-5s,3-5s|1|0-5w,VE6Ku0-ucUM_2,hmd6pa2e_rs_3,VE6Ku0-ucUM,hmd6pa2e_rs,66.0,242.0,3.0,3.0,1,1,3,3,0.0,0.0,0.0,0.0,0.0,0.0,0.0,0.0,0.0,0.0,0.0,0.0,1.0,2.6666666666666665,1.6666666666666665,60.0,237.5,177.5,0.045454545454545456,0.012396694214876033,-0.03305785123966942
matched_pair,2-5s,3-5s|1|0-5w,VZLZ08k3YeA_4,JmWaRt8-u0s_1,VZLZ08k3YeA,JmWaRt8-u0s,142.0,300.0,4.0,4.0,1,1,3,3,0.0,0.0,0.0,0.0,0.0,0.0,0.0,0.0,0.0,0.0,0.0,0.0,1.5,4.5,3.0,120.0,17.0,-103.0,0.028169014084507043,0.013333333333333334,-0.014835680751173709
matched_pair,2-5s,3-5s|1|0-5w,fGGYeXR_LS8_1,pCQEWAFGEjc_2,fGGYeXR_LS8,pCQEWAFGEjc,127.0,299.0,4.0,4.0,1,1,2,2,1.0,0.0,-1.0,1.0,0.0,-1.0,1.0,0.0,-1.0,1.0,0.0,-1.0,0.75,2.75,2.0,0.5,67.5,67.0,0.031496062992125984,0.013377926421404682,-0.018118136570721304
matched_pair,2-5s,3-5s|1|0-5w,gf6H_MWCqjw_4,m_U506sf9p4_4,gf6H_MWCqjw,m_U506sf9p4,119.0,212.0,3.0,3.0,1,1,2,2,0.0,0.0,0.0,0.0,0.0,0.0,0.0,0.0,0.0,0.0,0.0,0.0,2.6666666666666665,3.6666666666666665,1.0,105.5,57.0,-48.5,0.025210084033613446,0.014150943396226415,-0.01105914063738703
matched_pair,2-5s,3-5s|1|0-5w,jlwe9jtu5Gw_1,rE6BJ0Bo4w4_4,jlwe9jtu5Gw,rE6BJ0Bo4w4,63.0,242.0,3.0,3.0,1,1,3,3,1.0,0.0,-1.0,1.0,0.0,-1.0,1.0,0.0,-1.0,1.0,1.0,0.0,1.0,3.3333333333333335,2.3333333333333335,0.0,0.5,0.5,0.047619047619047616,0.012396694214876033,-0.03522235340417158
matched_pair,2-5s,3-5s|1|0-5w,mSF_FqBtRPs_1,RNBoH2LHQEM_2,mSF_FqBtRPs,RNBoH2LHQEM,67.0,299.0,4.0,4.0,1,1,3,3,1.0,0.0,-1.0,0.0,0.0,0.0,0.0,0.0,0.0,1.0,0.0,-1.0,0.5,1.5,1.0,1.0,4.0,3.0,0.05970149253731343,0.013377926421404682,-0.04632356611590875
matched_pair,2-5s,3-5s|1|0-5w,U3CAjsm1sec_1,pgq2KPX5_SA_2,U3CAjsm1sec,pgq2KPX5_SA,89.0,208.0,4.0,4.0,1,1,4,3,0.0,0.0,0.0,0.0,0.0,0.0,0.0,0.0,0.0,0.0,0.0,0.0,0.75,2.75,2.0,36.5,17.5,-19.0,0.0449438202247191,0.019230769230769232,-0.025713050993949868
matched_pair,2-5s,3-5s|1|0-5w,jid4t-FzUn0_3,tjCNwdOUiGc_1,jid4t-FzUn0,tjCNwdOUiGc,163.0,299.0,3.0,3.0,1,1,4,3,0.0,0.0,0.0,0.0,0.0,0.0,0.0,0.0,0.0,0.0,1.0,1.0,1.3333333333333333,1.6666666666666667,0.3333333333333335,110.5,2.0,-108.5,0.018404907975460124,0.010033444816053512,-0.008371463159406612
matched_pair,2-5s,3-5s|1|11-15w,6pssFJ0m-kU_3,nLtNjMimLE0_1,6pssFJ0m-kU,nLtNjMimLE0,140.0,299.0,4.0,4.0,1,1,11,11,0.0,0.0,0.0,0.0,0.0,0.0,0.0,0.0,0.0,0.0,0.0,0.0,2.25,6.5,4.25,117.5,183.0,65.5,0.02857142857142857,0.013377926421404682,-0.015193502150023889
matched_pair,2-5s,3-5s|1|11-15w,aMhu5eMQAsI_3,sTMKled6Q1M_3,aMhu5eMQAsI,sTMKled6Q1M,170.0,300.0,3.0,3.0,1,1,12,12,0.0,0.0,0.0,0.0,0.0,0.0,0.0,0.0,0.0,0.0,0.0,0.0,3.0,4.666666666666667,1.666666666666667,113.0,200.5,87.5,0.01764705882352941,0.01,-0.007647058823529411
matched_pair,2-5s,3-5s|1|11-15w,gbi6MxPf3hA_2,txeXrpoMST4_1,gbi6MxPf3hA,txeXrpoMST4,65.0,300.0,4.0,4.0,1,1,14,14,0.0,0.0,0.0,0.0,0.0,0.0,1.0,0.0,-1.0,0.0,0.0,0.0,0.75,1.5,0.75,7.5,268.0,260.5,0.06153846153846154,0.013333333333333334,-0.048205128205128206
matched_pair,2-5s,3-5s|1|11-15w,rvtA7c1I4xo_2,qeSl7YZAfs4_2,rvtA7c1I4xo,qeSl7YZAfs4,130.0,299.0,4.0,4.0,1,1,12,12,0.0,0.0,0.0,0.0,0.0,0.0,0.0,0.0,0.0,0.0,0.0,0.0,1.0,8.25,7.25,5.0,75.5,70.5,0.03076923076923077,0.013377926421404682,-0.01739130434782609
matched_pair,2-5s,3-5s|1|11-15w,Dc2WEiRk0rA_2,2KEfkDO6hlA_1,Dc2WEiRk0rA,2KEfkDO6hlA,73.0,233.0,3.0,3.0,1,1,14,13,0.0,0.0,0.0,0.0,0.0,0.0,0.0,0.0,0.0,0.0,0.0,0.0,1.3333333333333333,2.0,0.6666666666666667,68.5,3.5,-65.0,0.0410958904109589,0.012875536480686695,-0.028220353930272207
matched_pair,2-5s,3-5s|1|6-10w,7bO0AJI-ihs_2,-mhFGevxLUg_3,7bO0AJI-ihs,-mhFGevxLUg,65.0,300.0,4.0,4.0,1,1,6,6,1.0,0.0,-1.0,1.0,0.0,-1.0,1.0,0.0,-1.0,1.0,0.0,-1.0,1.25,2.75,1.5,0.5,30.5,30.0,0.06153846153846154,0.013333333333333334,-0.048205128205128206
matched_pair,2-5s,3-5s|1|6-10w,GGgQR7aIofY_3,eUecAF626A8_2,GGgQR7aIofY,eUecAF626A8,168.0,299.0,3.0,3.0,1,1,8,8,0.0,0.0,0.0,0.0,0.0,0.0,0.0,0.0,0.0,0.0,0.0,0.0,2.6666666666666665,3.0,0.3333333333333335,47.5,13.0,-34.5,0.017857142857142856,0.010033444816053512,-0.007823698041089344
matched_pair,2-5s,3-5s|1|6-10w,KvrcRMfFzOE_1,2JutOgAnqWA_2,KvrcRMfFzOE,2JutOgAnqWA,186.0,214.0,4.0,4.0,1,1,6,6,1.0,0.0,-1.0,0.0,0.0,0.0,1.0,0.0,-1.0,1.0,0.0,-1.0,1.25,5.0,3.75,1.5,54.0,52.5,0.021505376344086023,0.018691588785046728,-0.0028137875590392956
matched_pair,2-5s,3-5s|1|6-10w,QvATUKXYFBs_2,i6MQCm58zlY_3,QvATUKXYFBs,i6MQCm58zlY,119.0,247.0,3.0,3.0,1,1,8,8,0.0,0.0,0.0,0.0,0.0,0.0,0.0,0.0,0.0,0.0,0.0,0.0,1.0,2.6666666666666665,1.6666666666666665,4.0,32.5,28.5,0.025210084033613446,0.012145748987854251,-0.013064335045759195
matched_pair,2-5s,3-5s|1|6-10w,RfGapDlAYoQ_3,FXdoNvmrYxo_2,RfGapDlAYoQ,FXdoNvmrYxo,150.0,299.0,4.0,4.0,1,1,6,6,0.0,0.0,0.0,0.0,0.0,0.0,0.0,0.0,0.0,0.0,0.0,0.0,1.5,2.5,1.0,80.0,3.0,-77.0,0.02666666666666667,0.013377926421404682,-0.013288740245261986
matched_pair,2-5s,3-5s|1|6-10w,bX2vDaHL26U_1,1Og2TJ3bXW0_2,bX2vDaHL26U,1Og2TJ3bXW0,74.0,300.0,3.0,3.0,1,1,9,9,0.0,0.0,0.0,0.0,0.0,0.0,0.0,0.0,0.0,0.0,0.0,0.0,1.0,1.6666666666666667,0.6666666666666667,19.0,13.0,-6.0,0.04054054054054054,0.01,-0.03054054054054054
matched_pair,2-5s,3-5s|1|6-10w,bpv_LneHmfU_1,2a6GNu6uCDE_3,bpv_LneHmfU,2a6GNu6uCDE,138.0,299.0,3.0,3.0,1,1,9,9,0.0,0.0,0.0,0.0,0.0,0.0,0.0,0.0,0.0,0.0,1.0,1.0,1.6666666666666667,3.3333333333333335,1.6666666666666667,67.0,0.5,-66.5,0.021739130434782608,0.010033444816053512,-0.011705685618729096
matched_pair,2-5s,3-5s|1|6-10w,fWvWhLJ5Fow_3,5G6b_QWL3nY_3,fWvWhLJ5Fow,5G6b_QWL3nY,128.0,246.0,4.0,4.0,1,1,9,9,1.0,0.0,-1.0,0.0,0.0,0.0,0.0,0.0,0.0,1.0,0.0,-1.0,2.0,2.0,0.0,1.0,142.0,141.0,0.03125,0.016260162601626018,-0.014989837398373982
matched_pair,2-5s,3-5s|1|6-10w,frOqlk0Wm5Y_3,HxZADVzNIqs_3,frOqlk0Wm5Y,HxZADVzNIqs,109.0,299.0,3.0,3.0,1,1,7,7,1.0,0.0,-1.0,1.0,0.0,-1.0,1.0,0.0,-1.0,1.0,0.0,-1.0,1.3333333333333333,9.333333333333334,8.0,0.5,59.5,59.0,0.027522935779816515,0.010033444816053512,-0.017489490963763003
matched_pair,2-5s,3-5s|1|6-10w,rvtA7c1I4xo_4,83j4GgHXTLE_1,rvtA7c1I4xo,83j4GgHXTLE,130.0,220.0,3.0,3.0,1,1,9,9,0.0,0.0,0.0,0.0,0.0,0.0,0.0,0.0,0.0,0.0,0.0,0.0,1.6666666666666667,3.0,1.3333333333333333,82.0,124.0,42.0,0.023076923076923078,0.013636363636363636,-0.009440559440559443
matched_pair,2-5s,3-5s|1|6-10w,tfOIhQpYYe8_2,iOCpICiu4LA_2,tfOIhQpYYe8,iOCpICiu4LA,109.0,299.0,3.0,3.0,1,1,9,9,0.0,0.0,0.0,0.0,0.0,0.0,0.0,0.0,0.0,0.0,0.0,0.0,2.3333333333333335,4.333333333333333,1.9999999999999996,15.0,14.0,-1.0,0.027522935779816515,0.010033444816053512,-0.017489490963763003
matched_pair,2-5s,3-5s|1|6-10w,xUWSHYoslPQ_2,Flk-X0gwjF4_1,xUWSHYoslPQ,Flk-X0gwjF4,115.0,299.0,4.0,4.0,1,1,6,6,0.0,0.0,0.0,0.0,0.0,0.0,0.0,0.0,0.0,0.0,0.0,0.0,3.0,6.25,3.25,26.0,12.5,-13.5,0.034782608695652174,0.013377926421404682,-0.021404682274247494
matched_pair,2-5s,3-5s|1|6-10w,-oy0BkpMGAk_1,--0w1YA1Hm4_2,-oy0BkpMGAk,--0w1YA1Hm4,80.0,299.0,4.0,4.0,1,1,7,8,1.0,0.0,-1.0,0.0,0.0,0.0,0.0,0.0,0.0,1.0,1.0,0.0,1.0,2.5,1.5,1.0,0.0,-1.0,0.05,0.013377926421404682,-0.03662207357859532
matched_pair,2-5s,3-5s|1|6-10w,EUZaxaWqhwg_1,-NrFeH-kBSM_4,EUZaxaWqhwg,-NrFeH-kBSM,165.0,300.0,4.0,4.0,1,1,7,8,0.0,0.0,0.0,0.0,0.0,0.0,0.0,0.0,0.0,0.0,0.0,0.0,19.75,2.5,-17.25,36.5,189.0,152.5,0.024242424242424242,0.013333333333333334,-0.010909090909090908
matched_pair,2-5s,3-5s|1|6-10w,EzWEO2WD_MM_1,tjCNwdOUiGc_4,EzWEO2WD_MM,tjCNwdOUiGc,188.0,299.0,3.0,3.0,1,1,6,7,0.0,0.0,0.0,0.0,0.0,0.0,0.0,0.0,0.0,0.0,0.0,0.0,1.6666666666666667,11.0,9.333333333333334,5.0,20.0,15.0,0.015957446808510637,0.010033444816053512,-0.005924001992457125
matched_pair,2-5s,3-5s|1|6-10w,K_Vre_-4KqU_2,FR7BDRhMATo_2,K_Vre_-4KqU,FR7BDRhMATo,177.0,299.0,4.0,4.0,1,1,7,8,1.0,0.0,-1.0,1.0,0.0,-1.0,1.0,0.0,-1.0,1.0,0.0,-1.0,1.25,11.75,10.5,0.5,266.5,266.0,0.022598870056497175,0.013377926421404682,-0.009220943635092493
matched_pair,2-5s,3-5s|1|6-10w,lh801oHGtD4_3,I4HpYGMMsz4_1,lh801oHGtD4,I4HpYGMMsz4,97.0,238.0,4.0,4.0,1,1,7,8,0.0,0.0,0.0,0.0,0.0,0.0,0.0,0.0,0.0,0.0,0.0,0.0,1.5,10.0,8.5,86.0,172.0,86.0,0.041237113402061855,0.01680672268907563,-0.024430390712986225
matched_pair,2-5s,3-5s|1|6-10w,lmPMhs-9IYE_2,UE3XnVFodMI_1,lmPMhs-9IYE,UE3XnVFodMI,155.0,249.0,4.0,4.0,1,1,7,6,0.0,0.0,0.0,0.0,0.0,0.0,0.0,0.0,0.0,0.0,0.0,0.0,6.0,1.25,-4.75,36.0,24.5,-11.5,0.025806451612903226,0.01606425702811245,-0.009742194584790777
matched_pair,2-5s,3-5s|1|6-10w,GOD8Bt5LfDE_2,uJzAf4PaExI_3,GOD8Bt5LfDE,uJzAf4PaExI,129.0,299.0,3.0,4.0,1,1,6,8,0.0,0.0,0.0,0.0,0.0,0.0,0.0,0.0,0.0,0.0,0.0,0.0,2.3333333333333335,3.25,0.9166666666666665,17.0,9.5,-7.5,0.023255813953488372,0.013377926421404682,-0.00987788753208369
matched_pair,2-5s,3-5s|1|6-10w,KJhGuhNHToA_2,paf0nyjg1Js_1,KJhGuhNHToA,paf0nyjg1Js,66.0,299.0,3.0,4.0,1,1,6,9,0.0,0.0,0.0,0.0,0.0,0.0,0.0,0.0,0.0,0.0,0.0,0.0,2.0,5.25,3.25,11.5,3.5,-8.0,0.045454545454545456,0.013377926421404682,-0.032076619033140776
matched_pair,2-5s,3-5s|1|6-10w,QHfyKaOHSz4_2,4fz0-Kx2oNs_1,QHfyKaOHSz4,4fz0-Kx2oNs,82.0,300.0,3.0,4.0,1,1,6,10,0.0,0.0,0.0,0.0,0.0,0.0,0.0,0.0,0.0,0.0,0.0,0.0,1.3333333333333333,2.75,1.4166666666666667,13.5,7.5,-6.0,0.036585365853658534,0.013333333333333334,-0.0232520325203252
matched_pair,2-5s,3-5s|1|6-10w,cPiSd5nJLrI_2,gW7s3YAthpI_1,cPiSd5nJLrI,gW7s3YAthpI,60.0,299.0,3.0,4.0,1,1,6,10,1.0,0.0,-1.0,1.0,0.0,-1.0,1.0,0.0,-1.0,1.0,0.0,-1.0,1.0,3.75,2.75,0.0,28.5,28.5,0.05,0.013377926421404682,-0.03662207357859532
matched_pair,2-5s,3-5s|2|0-5w,7bO0AJI-ihs_1,eu5bq0A3XVQ_3,7bO0AJI-ihs,eu5bq0A3XVQ,65.0,300.0,3.0,3.0,2,2,5,5,0.0,0.0,0.0,0.0,0.0,0.0,0.0,0.0,0.0,0.0,0.0,0.0,1.6666666666666667,3.3333333333333335,1.6666666666666667,4.0,135.5,131.5,0.046153846153846156,0.01,-0.036153846153846154
matched_pair,2-5s,3-5s|2|0-5w,ptIksg9KEac_2,rE6BJ0Bo4w4_3,ptIksg9KEac,rE6BJ0Bo4w4,133.0,242.0,4.0,4.0,2,2,2,2,0.0,0.0,0.0,0.0,0.0,0.0,0.0,0.0,0.0,0.0,1.0,1.0,1.0,0.75,-0.25,9.0,1.5,-7.5,0.03007518796992481,0.01652892561983471,-0.0135462623500901
matched_pair,2-5s,3-5s|2|11-15w,gr5Zss89yLQ_4,txeXrpoMST4_4,gr5Zss89yLQ,txeXrpoMST4,106.0,300.0,4.0,4.0,2,2,12,11,1.0,0.0,-1.0,0.0,0.0,0.0,0.0,0.0,0.0,1.0,0.0,-1.0,1.25,1.5,0.25,1.0,25.0,24.0,0.03773584905660377,0.013333333333333334,-0.024402515723270436
matched_pair,2-5s,3-5s|2|6-10w,0yETgW44MZU_2,8o-Y4QP8LWs_2,0yETgW44MZU,8o-Y4QP8LWs,90.0,300.0,4.0,4.0,2,2,7,7,0.0,0.0,0.0,0.0,0.0,0.0,0.0,0.0,0.0,0.0,0.0,0.0,5.0,3.0,-2.0,34.0,3.0,-31.0,0.044444444444444446,0.013333333333333334,-0.03111111111111111
matched_pair,2-5s,3-5s|2|6-10w,CO6-i8NLbeo_1,HxZADVzNIqs_2,CO6-i8NLbeo,HxZADVzNIqs,187.0,299.0,4.0,4.0,2,2,7,7,0.0,0.0,0.0,0.0,0.0,0.0,0.0,0.0,0.0,0.0,0.0,0.0,3.0,11.25,8.25,11.0,193.5,182.5,0.0213903743315508,0.013377926421404682,-0.008012447910146119
matched_pair,2-5s,3-5s|2|6-10w,H7-orYrKBeo_1,BDpU2Qh77NE_3,H7-orYrKBeo,BDpU2Qh77NE,93.0,248.0,4.0,4.0,2,2,6,6,0.0,0.0,0.0,0.0,0.0,0.0,0.0,0.0,0.0,0.0,0.0,0.0,5.5,4.25,-1.25,12.0,51.5,39.5,0.043010752688172046,0.016129032258064516,-0.02688172043010753
matched_pair,2-5s,3-5s|2|6-10w,RfGapDlAYoQ_1,aZAXO2WZn84_4,RfGapDlAYoQ,aZAXO2WZn84,150.0,300.0,3.0,3.0,2,2,7,7,0.0,0.0,0.0,0.0,0.0,0.0,0.0,0.0,0.0,0.0,0.0,0.0,1.3333333333333333,5.0,3.666666666666667,71.5,106.5,35.0,0.02,0.01,-0.01
matched_pair,2-5s,3-5s|2|6-10w,gbi6MxPf3hA_1,0a9wVat2PWk_2,gbi6MxPf3hA,0a9wVat2PWk,65.0,300.0,4.0,4.0,2,2,10,10,0.0,0.0,0.0,0.0,0.0,0.0,0.0,0.0,0.0,0.0,0.0,0.0,1.25,2.75,1.5,48.5,93.5,45.0,0.06153846153846154,0.013333333333333334,-0.048205128205128206
matched_pair,2-5s,3-5s|2|6-10w,nlC4UI4hZ60_2,fmEft49sPfE_2,nlC4UI4hZ60,fmEft49sPfE,77.0,300.0,3.0,3.0,2,2,7,7,0.0,0.0,0.0,0.0,0.0,0.0,0.0,0.0,0.0,0.0,0.0,0.0,1.6666666666666667,6.666666666666667,5.0,35.0,2.5,-32.5,0.03896103896103896,0.01,-0.028961038961038958
matched_pair,2-5s,3-5s|2|6-10w,z1ax0QPpd14_1,KnsKf9KoNds_2,z1ax0QPpd14,KnsKf9KoNds,183.0,299.0,3.0,3.0,2,2,9,10,0.0,0.0,0.0,0.0,0.0,0.0,0.0,0.0,0.0,0.0,0.0,0.0,3.0,3.0,0.0,3.5,131.0,127.5,0.01639344262295082,0.010033444816053512,-0.0063599978068973086
matched_pair,2-5s,3-5s|3+|0-5w,-FW109cbv0g_1,os_2U4xqTqw_1,-FW109cbv0g,os_2U4xqTqw,96.0,223.0,3.0,3.0,9,4,2,2,0.0,0.0,0.0,0.0,0.0,0.0,0.0,0.0,0.0,1.0,1.0,0.0,1.3333333333333333,4.666666666666667,3.333333333333334,0.5,0.5,0.0,0.03125,0.013452914798206279,-0.01779708520179372
matched_pair,2-5s,3-5s|3+|0-5w,3xDZ-kdGE3o_2,4IeDBwyQ9ZQ_4,3xDZ-kdGE3o,4IeDBwyQ9ZQ,65.0,300.0,3.0,3.0,4,3,3,3,0.0,0.0,0.0,0.0,0.0,0.0,0.0,0.0,0.0,1.0,0.0,-1.0,0.6666666666666666,3.0,2.3333333333333335,1.5,3.0,1.5,0.046153846153846156,0.01,-0.036153846153846154
matched_pair,2-5s,3-5s|3+|0-5w,CO6-i8NLbeo_2,1slvoNgzBLE_4,CO6-i8NLbeo,1slvoNgzBLE,187.0,299.0,3.0,3.0,6,6,4,4,1.0,0.0,-1.0,0.0,0.0,0.0,0.0,0.0,0.0,1.0,0.0,-1.0,1.3333333333333333,4.666666666666667,3.333333333333334,0.0,128.5,128.5,0.016042780748663103,0.010033444816053512,-0.006009335932609591
matched_pair,2-5s,3-5s|3+|0-5w,K03ydb1uaoQ_1,N_s9F4CI_98_2,K03ydb1uaoQ,N_s9F4CI_98,71.0,299.0,3.0,3.0,11,14,3,3,0.0,0.0,0.0,0.0,0.0,0.0,0.0,0.0,0.0,1.0,0.0,-1.0,3.3333333333333335,3.0,-0.3333333333333335,1.0,10.0,9.0,0.04225352112676056,0.010033444816053512,-0.03222007631070705
matched_pair,2-5s,3-5s|3+|0-5w,PO8Nu3F8mkA_1,LVvS3s9dFKw_2,PO8Nu3F8mkA,LVvS3s9dFKw,164.0,226.0,3.0,3.0,13,3,5,5,0.0,0.0,0.0,0.0,0.0,0.0,0.0,0.0,0.0,0.0,0.0,0.0,2.3333333333333335,3.0,0.6666666666666665,23.5,8.5,-15.0,0.018292682926829267,0.01327433628318584,-0.005018346643643427
matched_pair,2-5s,3-5s|3+|0-5w,UXGzbBGbqAA_2,os_2U4xqTqw_2,UXGzbBGbqAA,os_2U4xqTqw,113.0,223.0,3.0,3.0,3,7,2,2,0.0,0.0,0.0,0.0,0.0,0.0,0.0,0.0,0.0,0.0,0.0,0.0,2.3333333333333335,6.0,3.6666666666666665,8.0,3.5,-4.5,0.02654867256637168,0.013452914798206279,-0.013095757768165402
matched_pair,2-5s,3-5s|3+|0-5w,_BSmz3SEW1w_2,U5ij0M7T-hk_1,_BSmz3SEW1w,U5ij0M7T-hk,133.0,223.0,3.0,3.0,3,3,5,5,0.0,0.0,0.0,0.0,0.0,0.0,1.0,0.0,-1.0,0.0,1.0,1.0,4.0,2.0,-2.0,47.0,1.0,-46.0,0.022556390977443608,0.013452914798206279,-0.009103476179237329
matched_pair,2-5s,3-5s|3+|0-5w,hVUmQfBIYe8_1,8OTd45_6cvY_4,hVUmQfBIYe8,8OTd45_6cvY,179.0,299.0,4.0,4.0,6,3,5,5,0.0,0.0,0.0,0.0,0.0,0.0,0.0,0.0,0.0,0.0,0.0,0.0,1.75,2.5,0.75,11.0,20.5,9.5,0.0223463687150838,0.013377926421404682,-0.008968442293679118
matched_pair,2-5s,3-5s|3+|0-5w,R4fXcbWFhJg_1,1vCYiVvZ7VE_1,R4fXcbWFhJg,1vCYiVvZ7VE,133.0,296.0,3.0,3.0,4,5,3,4,1.0,0.0,-1.0,0.0,0.0,0.0,1.0,0.0,-1.0,1.0,0.0,-1.0,1.6666666666666667,3.3333333333333335,1.6666666666666667,1.0,13.5,12.5,0.022556390977443608,0.010135135135135136,-0.012421255842308472
matched_pair,2-5s,3-5s|3+|0-5w,fWvWhLJ5Fow_1,C8kR19NvynA_1,fWvWhLJ5Fow,C8kR19NvynA,128.0,299.0,4.0,4.0,5,11,2,3,0.0,0.0,0.0,0.0,0.0,0.0,1.0,0.0,-1.0,0.0,0.0,0.0,1.25,1.75,0.5,8.0,4.0,-4.0,0.03125,0.013377926421404682,-0.01787207357859532
matched_pair,2-5s,3-5s|3+|0-5w,TtRtURWVYBE_2,CvNAwby6Xos_1,TtRtURWVYBE,CvNAwby6Xos,67.0,299.0,3.0,4.0,7,9,3,3,0.0,0.0,0.0,0.0,0.0,0.0,1.0,0.0,-1.0,1.0,0.0,-1.0,1.0,2.25,1.25,1.0,7.5,6.5,0.04477611940298507,0.013377926421404682,-0.03139819298158039
matched_pair,2-5s,3-5s|3+|0-5w,fYTZVxQ8LJk_2,Tgxst7Ft9js_1,fYTZVxQ8LJk,Tgxst7Ft9js,95.0,225.0,3.0,4.0,4,3,3,3,0.0,1.0,1.0,0.0,1.0,1.0,0.0,1.0,1.0,0.0,1.0,1.0,1.3333333333333333,1.0,-0.33333333333333326,10.5,0.0,-10.5,0.031578947368421054,0.017777777777777778,-0.013801169590643276
matched_pair,2-5s,3-5s|3+|0-5w,vruDH_YLaPI_2,zoctgurhvHE_1,vruDH_YLaPI,zoctgurhvHE,125.0,299.0,3.0,4.0,5,6,3,3,0.0,0.0,0.0,0.0,0.0,0.0,0.0,0.0,0.0,1.0,0.0,-1.0,2.0,1.75,-0.25,1.0,5.0,4.0,0.024,0.013377926421404682,-0.010622073578595318
matched_pair,2-5s,3-5s|3+|11-15w,QvATUKXYFBs_4,up2PpjTzyyc_1,QvATUKXYFBs,up2PpjTzyyc,119.0,299.0,4.0,4.0,4,7,14,14,0.0,0.0,0.0,0.0,0.0,0.0,0.0,0.0,0.0,0.0,0.0,0.0,6.25,3.25,-3.0,3.5,10.5,7.0,0.03361344537815126,0.013377926421404682,-0.02023551895674658
matched_pair,2-5s,3-5s|3+|11-15w,jlwe9jtu5Gw_3,fPqj3nnwQOI_1,jlwe9jtu5Gw,fPqj3nnwQOI,63.0,280.0,3.0,3.0,3,7,11,11,0.0,0.0,0.0,0.0,0.0,0.0,0.0,0.0,0.0,0.0,1.0,1.0,1.0,7.0,6.0,48.0,1.5,-46.5,0.047619047619047616,0.010714285714285714,-0.0369047619047619
matched_pair,2-5s,3-5s|3+|11-15w,glAeihz0NAM_1,sTMKled6Q1M_1,glAeihz0NAM,sTMKled6Q1M,185.0,300.0,4.0,4.0,4,13,13,11,0.0,0.0,0.0,0.0,0.0,0.0,0.0,0.0,0.0,0.0,0.0,0.0,4.75,4.25,-0.5,39.5,2.5,-37.0,0.021621621621621623,0.013333333333333334,-0.008288288288288289
matched_pair,2-5s,3-5s|3+|6-10w,1FNJbN-eHY4_1,QOmV7O9mFwg_1,1FNJbN-eHY4,QOmV7O9mFwg,177.0,260.0,4.0,4.0,5,16,6,6,0.0,0.0,0.0,0.0,0.0,0.0,0.0,0.0,0.0,0.0,1.0,1.0,1.75,3.5,1.75,23.5,0.0,-23.5,0.022598870056497175,0.015384615384615385,-0.00721425467188179
matched_pair,2-5s,3-5s|3+|6-10w,27HIamF8pKo_1,3qTL7QRk-tg_4,27HIamF8pKo,3qTL7QRk-tg,140.0,189.0,3.0,3.0,3,5,8,8,1.0,0.0,-1.0,1.0,0.0,-1.0,1.0,0.0,-1.0,1.0,1.0,0.0,1.3333333333333333,3.0,1.6666666666666667,0.5,0.0,-0.5,0.02142857142857143,0.015873015873015872,-0.005555555555555557
matched_pair,2-5s,3-5s|3+|6-10w,2KR0C5ysO8o_1,NlKlRKz8OKI_1,2KR0C5ysO8o,NlKlRKz8OKI,137.0,299.0,4.0,4.0,5,5,7,7,0.0,0.0,0.0,0.0,0.0,0.0,0.0,0.0,0.0,1.0,0.0,-1.0,1.5,4.0,2.5,2.0,34.0,32.0,0.029197080291970802,0.013377926421404682,-0.01581915387056612
matched_pair,2-5s,3-5s|3+|6-10w,3rna9zo5ZOs_2,0a9wVat2PWk_3,3rna9zo5ZOs,0a9wVat2PWk,68.0,300.0,3.0,3.0,3,3,9,9,1.0,0.0,-1.0,0.0,0.0,0.0,1.0,0.0,-1.0,1.0,0.0,-1.0,0.6666666666666666,3.0,2.3333333333333335,0.5,3.0,2.5,0.04411764705882353,0.01,-0.03411764705882353
matched_pair,2-5s,3-5s|3+|6-10w,4CAMv5nlr-0_1,WUyeFOyKIg0_2,4CAMv5nlr-0,WUyeFOyKIg0,113.0,299.0,3.0,3.0,4,3,7,7,0.0,0.0,0.0,0.0,0.0,0.0,0.0,0.0,0.0,0.0,0.0,0.0,1.6666666666666667,3.3333333333333335,1.6666666666666667,11.5,6.5,-5.0,0.02654867256637168,0.010033444816053512,-0.01651522775031817
matched_pair,2-5s,3-5s|3+|6-10w,6OlHuvJR_Dk_1,PTyFYxXdut4_2,6OlHuvJR_Dk,PTyFYxXdut4,148.0,300.0,4.0,4.0,3,3,10,10,1.0,0.0,-1.0,0.0,0.0,0.0,0.0,0.0,0.0,1.0,1.0,0.0,1.5,8.75,7.25,1.0,1.5,0.5,0.02702702702702703,0.013333333333333334,-0.013693693693693694
matched_pair,2-5s,3-5s|3+|6-10w,6ZwYgzcN6Is_2,1slvoNgzBLE_2,6ZwYgzcN6Is,1slvoNgzBLE,97.0,299.0,3.0,3.0,6,14,6,6,1.0,0.0,-1.0,0.0,0.0,0.0,0.0,0.0,0.0,1.0,1.0,0.0,1.0,7.666666666666667,6.666666666666667,0.5,1.0,0.5,0.030927835051546393,0.010033444816053512,-0.02089439023549288
matched_pair,2-5s,3-5s|3+|6-10w,7upINC4seBw_1,Ot0bN_hz2ec_3,7upINC4seBw,Ot0bN_hz2ec,182.0,268.0,3.0,3.0,5,3,6,6,0.0,0.0,0.0,0.0,0.0,0.0,0.0,0.0,0.0,0.0,0.0,0.0,2.0,5.0,3.0,7.0,3.0,-4.0,0.016483516483516484,0.011194029850746268,-0.005289486632770216
matched_pair,2-5s,3-5s|3+|6-10w,9F3sutgYTvo_1,wBs02amFGXs_2,9F3sutgYTvo,wBs02amFGXs,69.0,299.0,4.0,4.0,4,3,6,6,1.0,0.0,-1.0,0.0,0.0,0.0,1.0,0.0,-1.0,1.0,0.0,-1.0,1.75,3.75,2.0,1.5,3.5,2.0,0.057971014492753624,0.013377926421404682,-0.044593088071348944
matched_pair,2-5s,3-5s|3+|6-10w,MBP4RcnwGZw_1,3VHpLxtd498_4,MBP4RcnwGZw,3VHpLxtd498,61.0,242.0,3.0,3.0,5,3,9,9,1.0,0.0,-1.0,0.0,0.0,0.0,0.0,0.0,0.0,1.0,0.0,-1.0,1.6666666666666667,5.333333333333333,3.666666666666666,1.0,23.5,22.5,0.04918032786885246,0.012396694214876033,-0.036783633653976425
matched_pair,2-5s,3-5s|3+|6-10w,Z3wDry8nnJs_1,QOmV7O9mFwg_2,Z3wDry8nnJs,QOmV7O9mFwg,90.0,260.0,3.0,3.0,3,3,6,6,0.0,0.0,0.0,0.0,0.0,0.0,0.0,0.0,0.0,0.0,0.0,0.0,1.6666666666666667,4.333333333333333,2.666666666666666,21.0,45.0,24.0,0.03333333333333333,0.011538461538461539,-0.021794871794871794
matched_pair,2-5s,3-5s|3+|6-10w,lh801oHGtD4_2,FDwK7T1JO_0_2,lh801oHGtD4,FDwK7T1JO_0,97.0,202.0,3.0,3.0,5,3,9,9,1.0,0.0,-1.0,1.0,0.0,-1.0,1.0,0.0,-1.0,1.0,1.0,0.0,1.0,2.0,1.0,0.0,2.0,2.0,0.030927835051546393,0.01485148514851485,-0.016076349903031542
matched_pair,2-5s,3-5s|3+|6-10w,mWqH2xwjkYA_1,7XXSOzDQ2z0_2,mWqH2xwjkYA,7XXSOzDQ2z0,118.0,297.0,4.0,4.0,13,3,8,8,0.0,0.0,0.0,0.0,0.0,0.0,1.0,0.0,-1.0,0.0,0.0,0.0,1.5,9.0,7.5,3.0,18.0,15.0,0.03389830508474576,0.013468013468013467,-0.020430291616732293
matched_pair,2-5s,3-5s|3+|6-10w,tIM-H2rdq8U_2,LP_DzNUkAKY_2,tIM-H2rdq8U,LP_DzNUkAKY,105.0,300.0,4.0,4.0,8,5,8,8,1.0,0.0,-1.0,0.0,0.0,0.0,0.0,0.0,0.0,1.0,0.0,-1.0,2.0,3.5,1.5,1.0,43.0,42.0,0.0380952380952381,0.013333333333333334,-0.024761904761904763
matched_pair,2-5s,3-5s|3+|6-10w,ztSjcZNUY7A_2,bgbnu5YKTDg_4,ztSjcZNUY7A,bgbnu5YKTDg,83.0,198.0,3.0,3.0,6,8,10,10,0.0,0.0,0.0,0.0,0.0,0.0,0.0,0.0,0.0,0.0,1.0,1.0,3.6666666666666665,6.333333333333333,2.6666666666666665,22.5,0.5,-22.0,0.03614457831325301,0.015151515151515152,-0.02099306316173786
matched_pair,2-5s,3-5s|3+|6-10w,4CAMv5nlr-0_2,dkiwn2FdDVw_4,4CAMv5nlr-0,dkiwn2FdDVw,113.0,300.0,3.0,3.0,6,4,7,8,0.0,0.0,0.0,0.0,0.0,0.0,1.0,0.0,-1.0,0.0,0.0,0.0,1.0,4.0,3.0,3.0,119.5,116.5,0.02654867256637168,0.01,-0.01654867256637168
matched_pair,2-5s,3-5s|3+|6-10w,BA-lFjpzad4_1,aZAXO2WZn84_2,BA-lFjpzad4,aZAXO2WZn84,64.0,300.0,4.0,4.0,3,11,7,8,1.0,0.0,-1.0,0.0,0.0,0.0,0.0,0.0,0.0,1.0,0.0,-1.0,1.75,3.0,1.25,0.5,31.5,31.0,0.0625,0.013333333333333334,-0.049166666666666664
matched_pair,2-5s,3-5s|3+|6-10w,BA-lFjpzad4_3,eYbFtxZmKL4_1,BA-lFjpzad4,eYbFtxZmKL4,64.0,299.0,3.0,3.0,5,4,7,8,0.0,0.0,0.0,0.0,0.0,0.0,1.0,0.0,-1.0,0.0,0.0,0.0,1.0,4.0,3.0,10.0,32.5,22.5,0.046875,0.010033444816053512,-0.03684155518394649
matched_pair,2-5s,3-5s|3+|6-10w,EzWEO2WD_MM_2,elztUCeNQvQ_2,EzWEO2WD_MM,elztUCeNQvQ,188.0,299.0,3.0,3.0,6,3,7,8,0.0,0.0,0.0,0.0,0.0,0.0,0.0,0.0,0.0,0.0,0.0,0.0,28.333333333333332,2.3333333333333335,-26.0,6.0,30.5,24.5,0.015957446808510637,0.010033444816053512,-0.005924001992457125
matched_pair,2-5s,3-5s|3+|6-10w,szkiW0GXEOI_1,pCQEWAFGEjc_1,szkiW0GXEOI,pCQEWAFGEjc,148.0,299.0,3.0,3.0,5,5,7,6,0.0,0.0,0.0,0.0,0.0,0.0,0.0,0.0,0.0,1.0,1.0,0.0,2.3333333333333335,3.3333333333333335,1.0,1.5,0.5,-1.0,0.02027027027027027,0.010033444816053512,-0.01023682545421676
matched_pair,2-5s,3-5s|3+|6-10w,V8A0VRGdgwM_1,xbLW9Wt1Jsg_3,V8A0VRGdgwM,xbLW9Wt1Jsg,77.0,300.0,4.0,4.0,8,8,6,8,1.0,0.0,-1.0,1.0,0.0,-1.0,1.0,0.0,-1.0,1.0,0.0,-1.0,1.25,2.75,1.5,0.5,6.0,5.5,0.05194805194805195,0.013333333333333334,-0.038614718614718616
matched_pair,2-5s,3-5s|3+|6-10w,_C2HinL8VlM_1,SQHYl2Kp5ww_2,_C2HinL8VlM,SQHYl2Kp5ww,73.0,300.0,4.0,4.0,4,5,6,10,1.0,0.0,-1.0,1.0,0.0,-1.0,1.0,0.0,-1.0,1.0,0.0,-1.0,0.75,28.5,27.75,0.5,4.5,4.0,0.0547945205479452,0.013333333333333334,-0.041461187214611867
