alpha,gt_bin,initial_center_condition,stage,N_proposals,median_width_gt_ratio,median_abs_log_width_gt_ratio,across_alpha_variance_median_width_gt_ratio,across_alpha_range_median_width_gt_ratio,across_alpha_variance_median_abs_log_width_gt_ratio,across_alpha_range_median_abs_log_width_gt_ratio
0.5,0-2s,<= 1s,initial,14,21.8707145601511,2.9566105975667596,261.5857535374776,43.74143350124359,0.16121373894283125,1.0986122941901342
0.75,0-2s,<= 1s,initial,14,32.80607508867979,3.362075772756094,261.5857535374776,43.74143350124359,0.16121373894283125,1.0986122941901342
1.0,0-2s,<= 1s,initial,14,43.741431310772896,3.6497577822682254,261.5857535374776,43.74143350124359,0.16121373894283125,1.0986122941901342
1.5,0-2s,<= 1s,initial,14,65.61214806139469,4.055222891756894,261.5857535374776,43.74143350124359,0.16121373894283125,1.0986122941901342
0.5,0-2s,<= 1s,decoder_layer1,14,17.166379652917385,2.836825397735106,59.62790263174207,20.95533151179552,0.08639999326848156,0.8037710685148096
0.75,0-2s,<= 1s,decoder_layer1,14,22.85647912323475,3.128869871233601,59.62790263174207,20.95533151179552,0.08639999326848156,0.8037710685148096
1.0,0-2s,<= 1s,decoder_layer1,14,28.259712487459183,3.3412979891518813,59.62790263174207,20.95533151179552,0.08639999326848156,0.8037710685148096
1.5,0-2s,<= 1s,decoder_layer1,14,38.121711164712906,3.6405964662499155,59.62790263174207,20.95533151179552,0.08639999326848156,0.8037710685148096
0.5,0-2s,<= 1s,decoder_layer2,14,10.316881723701954,2.3332974696449527,43.687289918307215,15.865550749003887,0.14309319248685137,0.9256927199786902
0.75,0-2s,<= 1s,decoder_layer2,14,10.765535842627287,2.3762504345917534,43.687289918307215,15.865550749003887,0.14309319248685137,0.9256927199786902
1.0,0-2s,<= 1s,decoder_layer2,14,11.830678744241595,2.46863752844697,43.687289918307215,15.865550749003887,0.14309319248685137,0.9256927199786902
1.5,0-2s,<= 1s,decoder_layer2,14,26.18243247270584,3.258990189623643,43.687289918307215,15.865550749003887,0.14309319248685137,0.9256927199786902
0.5,0-2s,<= 1s,final_span,14,6.48803024366498,1.8615560531496342,15.040566418395336,10.011952344328165,0.11627363999890164,0.9186073297721729
0.75,0-2s,<= 1s,final_span,14,8.043358098715544,2.0816337273770253,15.040566418395336,10.011952344328165,0.11627363999890164,0.9186073297721729
1.0,0-2s,<= 1s,final_span,14,8.66860345005989,2.159287568307536,15.040566418395336,10.011952344328165,0.11627363999890164,0.9186073297721729
1.5,0-2s,<= 1s,final_span,14,16.499982587993145,2.780163382921807,15.040566418395336,10.011952344328165,0.11627363999890164,0.9186073297721729
0.5,0-2s,<= 2s,initial,23,32.28380298614502,3.4745656489204295,569.9773618337372,64.5676189661026,0.1612137763886875,1.09861242283045
0.75,0-2s,<= 2s,initial,23,48.42571097612381,3.8800308911909345,569.9773618337372,64.5676189661026,0.1612137763886875,1.09861242283045
1.0,0-2s,<= 2s,initial,23,64.56761246919632,4.167712930102132,569.9773618337372,64.5676189661026,0.1612137763886875,1.09861242283045
1.5,0-2s,<= 2s,initial,23,96.85142195224762,4.573178071750879,569.9773618337372,64.5676189661026,0.1612137763886875,1.09861242283045
0.5,0-2s,<= 2s,decoder_layer1,23,19.06091496348381,2.9476399014539356,64.85436790624732,19.798951596021652,0.08091195742816523,0.7123221086115796
0.75,0-2s,<= 2s,decoder_layer1,23,22.328949719667435,3.105884030248258,64.85436790624732,19.798951596021652,0.08091195742816523,0.7123221086115796
1.0,0-2s,<= 2s,decoder_layer1,23,20.006924994289875,2.996078463337886,64.85436790624732,19.798951596021652,0.08091195742816523,0.7123221086115796
1.5,0-2s,<= 2s,decoder_layer1,23,38.85986655950546,3.6599620100655152,64.85436790624732,19.798951596021652,0.08091195742816523,0.7123221086115796
0.5,0-2s,<= 2s,decoder_layer2,23,9.995944797992706,2.302179490547764,41.19900645850532,16.145677864551544,0.201416892767039,1.1807712326886723
0.75,0-2s,<= 2s,decoder_layer2,23,8.833696134388447,2.178573515298203,41.19900645850532,16.145677864551544,0.201416892767039,1.1807712326886723
1.0,0-2s,<= 2s,decoder_layer2,23,7.153965532779694,1.9676668229302932,41.19900645850532,16.145677864551544,0.201416892767039,1.1807712326886723
1.5,0-2s,<= 2s,decoder_layer2,23,23.299643397331238,3.1484380556189655,41.19900645850532,16.145677864551544,0.201416892767039,1.1807712326886723
0.5,0-2s,<= 2s,final_span,23,5.650460474193096,1.7317370416946019,6.345815564860109,6.698737166821957,0.08116518941207151,0.7818540509299883
0.75,0-2s,<= 2s,final_span,23,7.399623908102512,2.0014291756891898,6.345815564860109,6.698737166821957,0.08116518941207151,0.7818540509299883
1.0,0-2s,<= 2s,final_span,23,7.180805262178183,1.9714115302781092,6.345815564860109,6.698737166821957,0.08116518941207151,0.7818540509299883
1.5,0-2s,<= 2s,final_span,23,12.349197641015053,2.51359109262459,6.345815564860109,6.698737166821957,0.08116518941207151,0.7818540509299883
0.5,2-5s,<= 1s,initial,141,12.10312619805336,2.4934637827080848,60.54249928602216,21.05943550169468,0.1378561191020095,1.007957797281688
0.75,2-5s,<= 1s,initial,141,18.15468929708004,2.898928890816249,60.54249928602216,21.05943550169468,0.1378561191020095,1.007957797281688
1.0,2-5s,<= 1s,initial,141,24.20625016093254,3.186610870929313,60.54249928602216,21.05943550169468,0.1378561191020095,1.007957797281688
1.5,2-5s,<= 1s,initial,141,33.16256169974804,3.5014215799897728,60.54249928602216,21.05943550169468,0.1378561191020095,1.007957797281688
0.5,2-5s,<= 1s,decoder_layer1,141,6.203081622719765,1.8250462044921492,3.266796383943376,4.681973442435265,0.04511825717265542,0.5623445489923171
0.75,2-5s,<= 1s,decoder_layer1,141,6.902878403663635,1.9319384845674434,3.266796383943376,4.681973442435265,0.04511825717265542,0.5623445489923171
1.0,2-5s,<= 1s,decoder_layer1,141,7.352977842092514,1.9951053797582343,3.266796383943376,4.681973442435265,0.04511825717265542,0.5623445489923171
1.5,2-5s,<= 1s,decoder_layer1,141,10.88505506515503,2.3873907534844663,3.266796383943376,4.681973442435265,0.04511825717265542,0.5623445489923171
0.5,2-5s,<= 1s,decoder_layer2,141,3.133229874074459,1.1420643811503055,0.7114666480810801,2.078758624692758,0.043016106730936116,0.5145378129529665
0.75,2-5s,<= 1s,decoder_layer2,141,3.616257312707603,1.2854395994859358,0.7114666480810801,2.078758624692758,0.043016106730936116,0.5145378129529665
1.0,2-5s,<= 1s,decoder_layer2,141,3.089413436750571,1.127981246596049,0.7114666480810801,2.078758624692758,0.043016106730936116,0.5145378129529665
1.5,2-5s,<= 1s,decoder_layer2,141,5.168172061443329,1.6425190595490156,0.7114666480810801,2.078758624692758,0.043016106730936116,0.5145378129529665
0.5,2-5s,<= 1s,final_span,141,1.9537575244903564,0.6735770189082253,0.4920269408116038,1.7136832997202873,0.06085478313068179,0.6259170768120457
0.75,2-5s,<= 1s,final_span,141,2.1131275792916617,0.7672364628462827,0.4920269408116038,1.7136832997202873,0.06085478313068179,0.6259170768120457
1.0,2-5s,<= 1s,final_span,141,2.0944538712501526,0.7698083605039083,0.4920269408116038,1.7136832997202873,0.06085478313068179,0.6259170768120457
1.5,2-5s,<= 1s,final_span,141,3.6674408242106438,1.299494095720271,0.4920269408116038,1.7136832997202873,0.06085478313068179,0.6259170768120457
0.5,2-5s,<= 2s,initial,273,10.73143856227398,2.3731776168335825,53.126263136694334,19.73806183040142,0.1466588200086828,1.0435485793336907
0.75,2-5s,<= 2s,initial,273,16.09715784341097,2.778642724941747,53.126263136694334,19.73806183040142,0.1466588200086828,1.0435485793336907
1.0,2-5s,<= 2s,initial,273,21.46287514269352,3.0663247050548113,53.126263136694334,19.73806183040142,0.1466588200086828,1.0435485793336907
1.5,2-5s,<= 2s,initial,273,30.4695003926754,3.4167261961672732,53.126263136694334,19.73806183040142,0.1466588200086828,1.0435485793336907
0.5,2-5s,<= 2s,decoder_layer1,273,5.920304775238037,1.7783879298744685,3.8474924635969536,5.060136571526527,0.05445742339845415,0.6177277009149962
0.75,2-5s,<= 2s,decoder_layer1,273,6.7772088050842285,1.9135653365225114,3.8474924635969536,5.060136571526527,0.05445742339845415,0.6177277009149962
1.0,2-5s,<= 2s,decoder_layer1,273,6.9120669811964035,1.9332687220214106,3.8474924635969536,5.060136571526527,0.05445742339845415,0.6177277009149962
1.5,2-5s,<= 2s,decoder_layer1,273,10.980441346764565,2.3961156307894647,3.8474924635969536,5.060136571526527,0.05445742339845415,0.6177277009149962
0.5,2-5s,<= 2s,decoder_layer2,273,3.066826470196247,1.121643423540129,1.1331173284659766,2.5697716902941465,0.06330007117197817,0.6099766274650056
0.75,2-5s,<= 2s,decoder_layer2,273,3.2923708856105804,1.1916079391695202,1.1331173284659766,2.5697716902941465,0.06330007117197817,0.6099766274650056
1.0,2-5s,<= 2s,decoder_layer2,273,2.992515593767166,1.1060327782285155,1.1331173284659766,2.5697716902941465,0.06330007117197817,0.6099766274650056
1.5,2-5s,<= 2s,decoder_layer2,273,5.562287284061313,1.7160094056935211,1.1331173284659766,2.5697716902941465,0.06330007117197817,0.6099766274650056
0.5,2-5s,<= 2s,final_span,273,1.89822768419981,0.6697544540527774,0.5329155729193104,1.7692131400108337,0.0661883103781384,0.6297396416674935
0.75,2-5s,<= 2s,final_span,273,2.0057114362716675,0.7137914053052591,0.5329155729193104,1.7692131400108337,0.0661883103781384,0.6297396416674935
1.0,2-5s,<= 2s,final_span,273,2.056187391281128,0.7413022665329065,0.5329155729193104,1.7692131400108337,0.0661883103781384,0.6297396416674935
1.5,2-5s,<= 2s,final_span,273,3.6674408242106438,1.299494095720271,0.5329155729193104,1.7692131400108337,0.0661883103781384,0.6297396416674935
0.5,5-10s,<= 1s,initial,107,5.713283247417873,1.7427938579668099,12.237635109780555,9.452573471599155,0.1304145475435183,0.9762527747542524
0.75,5-10s,<= 1s,initial,107,8.56992487112681,2.1482589660749745,12.237635109780555,9.452573471599155,0.1304145475435183,0.9762527747542524
1.0,5-10s,<= 1s,initial,107,11.426566494835747,2.4359410385267553,12.237635109780555,9.452573471599155,0.1304145475435183,0.9762527747542524
1.5,5-10s,<= 1s,initial,107,15.165856719017029,2.7190466327210623,12.237635109780555,9.452573471599155,0.1304145475435183,0.9762527747542524
0.5,5-10s,<= 1s,decoder_layer1,107,3.065531961619854,1.1202211144000984,1.7604461887665404,3.3574602100998163,0.08056201045694543,0.7396629650860349
0.75,5-10s,<= 1s,decoder_layer1,107,3.5469711780548097,1.2660940500338613,1.7604461887665404,3.3574602100998163,0.08056201045694543,0.7396629650860349
1.0,5-10s,<= 1s,decoder_layer1,107,3.57070192694664,1.2727621946570604,1.7604461887665404,3.3574602100998163,0.08056201045694543,0.7396629650860349
1.5,5-10s,<= 1s,decoder_layer1,107,6.42299217171967,1.8598840794861333,1.7604461887665404,3.3574602100998163,0.08056201045694543,0.7396629650860349
0.5,5-10s,<= 1s,decoder_layer2,107,1.6405843198299408,0.5998974363978173,0.19989375196238848,1.0935625930627189,0.19987989818551885,1.0415714709206203
0.75,5-10s,<= 1s,decoder_layer2,107,1.673126717408498,0.6049909153833598,0.19989375196238848,1.0935625930627189,0.19987989818551885,1.0415714709206203
1.0,5-10s,<= 1s,decoder_layer2,107,1.5585225820541382,0.5886801918967368,0.19989375196238848,1.0935625930627189,0.19987989818551885,1.0415714709206203
1.5,5-10s,<= 1s,decoder_layer2,107,2.652085175116857,1.6302516628173571,0.19989375196238848,1.0935625930627189,0.19987989818551885,1.0415714709206203
0.5,5-10s,<= 1s,final_span,107,1.0711164739396837,0.42720309177670074,0.0922188145535725,0.7547252243902121,0.113282652557937,0.8068350176127386
0.75,5-10s,<= 1s,final_span,107,1.2103279555837314,0.4838389065033821,0.0922188145535725,0.7547252243902121,0.113282652557937,0.8068350176127386
1.0,5-10s,<= 1s,final_span,107,1.1207420378923416,0.4634515531668487,0.0922188145535725,0.7547252243902121,0.113282652557937,0.8068350176127386
1.5,5-10s,<= 1s,final_span,107,1.8258416983298957,1.2340381093894393,0.0922188145535725,0.7547252243902121,0.113282652557937,0.8068350176127386
0.5,5-10s,<= 2s,initial,209,5.394837951660156,1.685442561495344,10.670986766861052,8.821884536743164,0.12875986005599754,0.968976350266173
0.75,5-10s,<= 2s,initial,209,8.092256927490235,2.0909076696035087,10.670986766861052,8.821884536743164,0.12875986005599754,0.968976350266173
1.0,5-10s,<= 2s,initial,209,10.789675903320312,2.3785897420552895,10.670986766861052,8.821884536743164,0.12875986005599754,0.968976350266173
1.5,5-10s,<= 2s,initial,209,14.21672248840332,2.654418911761517,10.670986766861052,8.821884536743164,0.12875986005599754,0.968976350266173
0.5,5-10s,<= 2s,decoder_layer1,209,3.108586703027998,1.1341681865782602,1.0348399567015452,2.585328849535139,0.05405481413170195,0.6052299712162776
0.75,5-10s,<= 2s,decoder_layer1,209,3.4761353731155396,1.2459211517298283,1.0348399567015452,2.585328849535139,0.05405481413170195,0.6052299712162776
1.0,5-10s,<= 2s,decoder_layer1,209,3.5429243544737496,1.264952474956492,1.0348399567015452,2.585328849535139,0.05405481413170195,0.6052299712162776
1.5,5-10s,<= 2s,decoder_layer1,209,5.693915552563137,1.7393981577945379,1.0348399567015452,2.585328849535139,0.05405481413170195,0.6052299712162776
0.5,5-10s,<= 2s,decoder_layer2,209,1.6033266466110945,0.5998974363978173,0.2093451091384429,1.1253157351166012,0.095489458653778,0.7283892853652516
0.75,5-10s,<= 2s,decoder_layer2,209,1.677905077735583,0.6227895410404556,0.2093451091384429,1.1253157351166012,0.095489458653778,0.7283892853652516
1.0,5-10s,<= 2s,decoder_layer2,209,1.5267694400002558,0.6222191011749574,0.2093451091384429,1.1253157351166012,0.095489458653778,0.7283892853652516
1.5,5-10s,<= 2s,decoder_layer2,209,2.652085175116857,1.328286721763069,0.2093451091384429,1.1253157351166012,0.095489458653778,0.7283892853652516
0.5,5-10s,<= 2s,final_span,209,1.0319292843341827,0.4295402964130702,0.06011798061417972,0.5945929773151875,0.04086766516580298,0.48428817257906104
0.75,5-10s,<= 2s,final_span,209,1.055547408759594,0.45041442852769814,0.06011798061417972,0.5945929773151875,0.04086766516580298,0.48428817257906104
1.0,5-10s,<= 2s,final_span,209,1.102509003664766,0.4634515531668487,0.06011798061417972,0.5945929773151875,0.04086766516580298,0.48428817257906104
1.5,5-10s,<= 2s,final_span,209,1.6265222616493702,0.9138284689921312,0.06011798061417972,0.5945929773151875,0.04086766516580298,0.48428817257906104
0.5,10-20s,<= 1s,initial,106,2.3321387475977344,0.9624846144492045,2.6859781783580514,4.43704814198568,0.12355411074892517,0.9498705425147012
0.75,10-20s,<= 1s,initial,106,3.498207584851318,1.2522397937291183,2.6859781783580514,4.43704814198568,0.12355411074892517,0.9498705425147012
1.0,10-20s,<= 1s,initial,106,4.66427705085112,1.5399219241959656,2.6859781783580514,4.43704814198568,0.12355411074892517,0.9498705425147012
1.5,10-20s,<= 1s,initial,106,6.769186889583414,1.9123551569639057,2.6859781783580514,4.43704814198568,0.12355411074892517,0.9498705425147012
0.5,10-20s,<= 1s,decoder_layer1,106,1.5856154833275538,0.5550569752194661,0.28005157179218787,1.4114625387623176,0.07564032128063054,0.7124501757919834
0.75,10-20s,<= 1s,decoder_layer1,106,1.8792601419346673,0.6505886288408952,0.28005157179218787,1.4114625387623176,0.07564032128063054,0.7124501757919834
1.0,10-20s,<= 1s,decoder_layer1,106,2.0335254929959774,0.7564501576785292,0.28005157179218787,1.4114625387623176,0.07564032128063054,0.7124501757919834
1.5,10-20s,<= 1s,decoder_layer1,106,2.9970780220898714,1.2675071510114495,0.28005157179218787,1.4114625387623176,0.07564032128063054,0.7124501757919834
0.5,10-20s,<= 1s,decoder_layer2,106,0.8797972825122997,0.5515939959922442,0.07890293611358576,0.7157147040035432,0.16240655687855404,0.9364956122790782
0.75,10-20s,<= 1s,decoder_layer2,106,0.9993276131503722,0.5523181273938513,0.07890293611358576,0.7157147040035432,0.16240655687855404,0.9364956122790782
1.0,10-20s,<= 1s,decoder_layer2,106,0.9884223730806361,0.5687147556572869,0.07890293611358576,0.7157147040035432,0.16240655687855404,0.9364956122790782
1.5,10-20s,<= 1s,decoder_layer2,106,1.595511986515843,1.4880896082713224,0.07890293611358576,0.7157147040035432,0.16240655687855404,0.9364956122790782
0.5,10-20s,<= 1s,final_span,106,0.5678033239238864,0.6456579131243734,0.014158656076588765,0.3211560165370023,0.08451972635607151,0.701250212652397
0.75,10-20s,<= 1s,final_span,106,0.6412750668823719,0.5887221832554097,0.014158656076588765,0.3211560165370023,0.08451972635607151,0.701250212652397
1.0,10-20s,<= 1s,final_span,106,0.6965899415728118,0.6263518608103172,0.014158656076588765,0.3211560165370023,0.08451972635607151,0.701250212652397
1.5,10-20s,<= 1s,final_span,106,0.8889593404608888,1.2899723959078067,0.014158656076588765,0.3211560165370023,0.08451972635607151,0.701250212652397
0.5,10-20s,<= 2s,initial,208,2.824362137168646,1.0876727882860928,3.6415257907167486,5.16763796582818,0.1330529695475008,0.9907682659476502
0.75,10-20s,<= 2s,initial,208,4.236543071269989,1.4437451989425827,3.6415257907167486,5.16763796582818,0.1330529695475008,0.9907682659476502
1.0,10-20s,<= 2s,initial,208,5.6487240515649315,1.73142726350962,3.6415257907167486,5.16763796582818,0.1330529695475008,0.9907682659476502
1.5,10-20s,<= 2s,initial,208,7.992000102996826,2.078441054233743,3.6415257907167486,5.16763796582818,0.1330529695475008,0.9907682659476502
0.5,10-20s,<= 2s,decoder_layer1,208,1.7702285215258597,0.6500907758476829,0.3250025499784139,1.4835720030985997,0.05429955285048074,0.5990709522533614
0.75,10-20s,<= 2s,decoder_layer1,208,2.0978901403791763,0.7504587323496887,0.3250025499784139,1.4835720030985997,0.05429955285048074,0.5990709522533614
1.0,10-20s,<= 2s,decoder_layer1,208,2.036957560727994,0.7604360224763373,0.3250025499784139,1.4835720030985997,0.05429955285048074,0.5990709522533614
1.5,10-20s,<= 2s,decoder_layer1,208,3.2538005246244595,1.2491617281010443,0.3250025499784139,1.4835720030985997,0.05429955285048074,0.5990709522533614
0.5,10-20s,<= 2s,decoder_layer2,208,0.94582842379741,0.5143595391699742,0.08132768287508889,0.7060806451274173,0.14976325883378727,0.9082133790932483
0.75,10-20s,<= 2s,decoder_layer2,208,1.0431781166287906,0.5146087309824037,0.08132768287508889,0.7060806451274173,0.14976325883378727,0.9082133790932483
1.0,10-20s,<= 2s,decoder_layer2,208,0.9084785116927607,0.5607878701940845,0.08132768287508889,0.7060806451274173,0.14976325883378727,0.9082133790932483
1.5,10-20s,<= 2s,decoder_layer2,208,1.614559156820178,1.4225729182632225,0.08132768287508889,0.7060806451274173,0.14976325883378727,0.9082133790932483
0.5,10-20s,<= 2s,final_span,208,0.6194366100761626,0.5826364295030615,0.02293681287854942,0.3806101551550065,0.06741038378509559,0.6296169068842066
0.75,10-20s,<= 2s,final_span,208,0.671469562632196,0.528237522963779,0.02293681287854942,0.3806101551550065,0.06741038378509559,0.6296169068842066
1.0,10-20s,<= 2s,final_span,208,0.6700626179379852,0.5692523997785919,0.02293681287854942,0.3806101551550065,0.06741038378509559,0.6296169068842066
1.5,10-20s,<= 2s,final_span,208,1.000046765231169,1.1578544298479856,0.02293681287854942,0.3806101551550065,0.06741038378509559,0.6296169068842066
0.5,20s+,<= 1s,initial,93,1.283572950146415,0.6176640023970452,0.8145788503536784,2.4434655594242205,0.07584198463578254,0.7125700940937252
0.75,20s+,<= 1s,initial,93,1.9253594252196224,0.7312076738458415,0.8145788503536784,2.4434655594242205,0.07584198463578254,0.7125700940937252
1.0,20s+,<= 1s,initial,93,2.56714590029283,1.009697840896516,0.8145788503536784,2.4434655594242205,0.07584198463578254,0.7125700940937252
1.5,20s+,<= 1s,initial,93,3.7270385095706353,1.3302340964907704,0.8145788503536784,2.4434655594242205,0.07584198463578254,0.7125700940937252
0.5,20s+,<= 1s,decoder_layer1,93,0.7980615778973228,0.47772218934676647,0.07240351793266889,0.6881881529451312,0.08866621292584564,0.7392126993029533
0.75,20s+,<= 1s,decoder_layer1,93,0.9246483121229254,0.4056958589036474,0.07240351793266889,0.6881881529451312,0.08866621292584564,0.7392126993029533
1.0,20s+,<= 1s,decoder_layer1,93,0.9012371526280446,0.5032457923298471,0.07240351793266889,0.6881881529451312,0.08866621292584564,0.7392126993029533
1.5,20s+,<= 1s,decoder_layer1,93,1.486249730842454,1.1449085582066008,0.07240351793266889,0.6881881529451312,0.08866621292584564,0.7392126993029533
0.5,20s+,<= 1s,decoder_layer2,93,0.4089290674775839,0.8958057934419751,0.018167668920414774,0.3265943684141364,0.0760675621835242,0.672646253001178
0.75,20s+,<= 1s,decoder_layer2,93,0.46978753286859265,0.8369807327808926,0.018167668920414774,0.3265943684141364,0.0760675621835242,0.672646253001178
1.0,20s+,<= 1s,decoder_layer2,93,0.40979418087087266,0.8921002432028217,0.018167668920414774,0.3265943684141364,0.0760675621835242,0.672646253001178
1.5,20s+,<= 1s,decoder_layer2,93,0.7355234358917203,1.5096269857820706,0.018167668920414774,0.3265943684141364,0.0760675621835242,0.672646253001178
0.5,20s+,<= 1s,final_span,93,0.26214096178965907,1.3388728978051014,0.003784125190959442,0.16864901542929667,0.022943585616296336,0.38021724806206336
0.75,20s+,<= 1s,final_span,93,0.323056161403656,1.1299290965591426,0.003784125190959442,0.16864901542929667,0.022943585616296336,0.38021724806206336
1.0,20s+,<= 1s,final_span,93,0.3115840829908848,1.1660860478342658,0.003784125190959442,0.16864901542929667,0.022943585616296336,0.38021724806206336
1.5,20s+,<= 1s,final_span,93,0.43078997721895573,1.510146344621206,0.003784125190959442,0.16864901542929667,0.022943585616296336,0.38021724806206336
0.5,20s+,<= 2s,initial,213,1.1768568238107169,0.6472105614547295,0.7350811153250086,2.3196432212503946,0.0596686513447671,0.6351353429666259
0.75,20s+,<= 2s,initial,213,1.7652852357160755,0.7531646481499794,0.7350811153250086,2.3196432212503946,0.0596686513447671,0.6351353429666259
1.0,20s+,<= 2s,initial,213,2.3537134302825464,0.9916919930159929,0.7350811153250086,2.3196432212503946,0.0596686513447671,0.6351353429666259
1.5,20s+,<= 2s,initial,213,3.4965000450611115,1.2823459044213554,0.7350811153250086,2.3196432212503946,0.0596686513447671,0.6351353429666259
0.5,20s+,<= 2s,decoder_layer1,213,0.8218622803688049,0.5356568810740904,0.06655798008682572,0.6643874504736491,0.049000335383815825,0.5548171459928812
0.75,20s+,<= 2s,decoder_layer1,213,0.9917063244751522,0.49118137383786126,0.06655798008682572,0.6643874504736491,0.049000335383815825,0.5548171459928812
1.0,20s+,<= 2s,decoder_layer1,213,0.906876534819603,0.602112914596809,0.06655798008682572,0.6643874504736491,0.049000335383815825,0.5548171459928812
1.5,20s+,<= 2s,decoder_layer1,213,1.486249730842454,1.0459985198307424,0.06655798008682572,0.6643874504736491,0.049000335383815825,0.5548171459928812
0.5,20s+,<= 2s,decoder_layer2,213,0.4659314077524912,0.8095378906036078,0.016812789182123568,0.33347330542353837,0.0711773741249026,0.6703826445343618
0.75,20s+,<= 2s,decoder_layer2,213,0.49401847755207734,0.751605684368,0.016812789182123568,0.33347330542353837,0.0711773741249026,0.6703826445343618
1.0,20s+,<= 2s,decoder_layer2,213,0.4193254817615856,0.8863363224108058,0.016812789182123568,0.33347330542353837,0.0711773741249026,0.6703826445343618
1.5,20s+,<= 2s,decoder_layer2,213,0.7527987871851239,1.4219883289023618,0.016812789182123568,0.33347330542353837,0.0711773741249026,0.6703826445343618
0.5,20s+,<= 2s,final_span,213,0.29023889776157297,1.2370509097418316,0.010689883032535296,0.25601733661761816,0.016787883367991047,0.33691307195894526
0.75,20s+,<= 2s,final_span,213,0.32609670680193675,1.1299290965591426,0.010689883032535296,0.25601733661761816,0.016787883367991047,0.33691307195894526
1.0,20s+,<= 2s,final_span,213,0.3115840829908848,1.175384340687347,0.010689883032535296,0.25601733661761816,0.016787883367991047,0.33691307195894526
1.5,20s+,<= 2s,final_span,213,0.5462562343791911,1.466842168518088,0.010689883032535296,0.25601733661761816,0.016787883367991047,0.33691307195894526
