variant,gt_bin,audio_duration_sec,N_proposals,median_final_abs_log_width_gt_ratio,median_final_width_gt_ratio,median_final_width_sec,N_audio_duration_strata,audio_duration_slope_abs_log_ratio_per_sec,audio_duration_slope_abs_log_ratio_per_100sec
baseline,0-2s,62.0,1,0.18850509699633622,1.2074432373046875,1.2074432373046875,,,
baseline,0-2s,67.0,1,0.8002910020329154,2.2261886596679688,2.2261886596679688,,,
baseline,0-2s,71.0,2,2.2035095187432194,12.406227111816406,12.406227111816406,,,
baseline,0-2s,110.0,1,1.2579462197985591,3.5181884765625,3.5181884765625,,,
baseline,0-2s,126.0,1,1.885078085818051,6.586868762969971,6.586868762969971,,,
baseline,0-2s,140.0,1,1.1881349251216344,3.280956268310547,3.280956268310547,,,
baseline,0-2s,147.0,1,1.5208494757779756,4.57611083984375,4.57611083984375,,,
baseline,0-2s,223.0,1,2.025617107011846,7.580787658691406,7.580787658691406,,,
baseline,0-2s,225.0,1,2.6987603576456176,14.861297607421875,14.861297607421875,,,
baseline,0-2s,300.0,5,2.6728252580507177,14.480823516845703,14.480823516845703,,,
baseline,2-5s,59.0,1,0.28888315153148447,0.7490997314453125,1.498199462890625,,,
baseline,2-5s,61.0,4,0.5487651209181934,1.7483854293823242,4.493535995483398,,,
baseline,2-5s,62.0,2,1.1883055505332998,1.5691115856170654,6.009779930114746,,,
baseline,2-5s,64.0,3,0.4740559144570133,0.9813232421875,2.1719436645507812,,,
baseline,2-5s,65.0,5,0.4953239803647696,0.6093734502792358,2.4374938011169434,,,
baseline,2-5s,68.0,1,0.5772410408049027,0.5614452362060547,1.684335708618164,,,
baseline,2-5s,69.0,2,0.7303561499427449,1.5742645263671875,3.7415809631347656,,,
baseline,2-5s,71.0,4,0.9369006428720154,2.5529619852701826,7.658885955810547,,,
baseline,2-5s,73.0,1,0.755202621729231,0.46991539001464844,1.8796615600585938,,,
baseline,2-5s,74.0,1,0.5949042198640672,0.5516153971354166,1.65484619140625,,,
baseline,2-5s,77.0,2,0.3404929448334585,0.7175780137379963,2.4646177291870117,,,
baseline,2-5s,82.0,2,0.8251552789750797,2.2929935455322266,4.585987091064453,,,
baseline,2-5s,83.0,2,0.45796205247845767,1.6253458658854167,4.87603759765625,,,
baseline,2-5s,86.0,1,0.24300122841252328,1.2750701904296875,3.8252105712890625,,,
baseline,2-5s,88.0,1,1.7246786567045742,5.6107177734375,16.8321533203125,,,
baseline,2-5s,89.0,1,0.7034656846653154,2.0207438468933105,8.082975387573242,,,
baseline,2-5s,90.0,1,0.5903782868830979,1.8046709696451824,5.414012908935547,,,
baseline,2-5s,93.0,1,1.5342710067236565,4.637943267822266,18.551773071289062,,,
baseline,2-5s,95.0,2,0.8316902085278409,2.321467081705729,6.9644012451171875,,,
baseline,2-5s,96.0,7,0.5222213219138485,1.6857681274414062,3.9339981079101562,,,
baseline,2-5s,97.0,4,0.25866619691127357,1.2952295939127603,3.8856887817382812,,,
baseline,2-5s,99.0,2,0.9572468834568626,2.6878662109375,5.375732421875,,,
baseline,2-5s,102.0,2,0.6121035634766483,1.845015525817871,3.690031051635742,,,
baseline,2-5s,105.0,5,0.3946776604095673,1.4839057922363281,5.9356231689453125,,,
baseline,2-5s,106.0,2,0.2641173458061314,1.1728591918945312,4.691436767578125,,,
baseline,2-5s,113.0,2,0.5470860909563366,1.016863505045573,3.0505905151367188,,,
baseline,2-5s,115.0,1,0.49161990423767654,1.634962558746338,3.269925117492676,,,
baseline,2-5s,118.0,2,0.07514329584680697,1.0803418159484863,4.321367263793945,,,
baseline,2-5s,119.0,3,0.3646116948238101,1.4399547576904297,5.759819030761719,,,
baseline,2-5s,120.0,2,0.9843675956123797,2.68681001663208,5.37362003326416,,,
baseline,2-5s,121.0,1,0.44050381002112854,1.5534896850585938,3.1069793701171875,,,
baseline,2-5s,122.0,1,1.460030160743624,4.306089401245117,8.612178802490234,,,
baseline,2-5s,125.0,1,0.44579625952840224,1.5617332458496094,4.685199737548828,,,
baseline,2-5s,128.0,2,0.6260465640964763,2.1187806129455566,5.360563278198242,,,
baseline,2-5s,129.0,1,0.3983393569623594,1.489349365234375,4.468048095703125,,,
baseline,2-5s,131.0,1,0.4461015385374685,1.5622100830078125,6.24884033203125,,,
baseline,2-5s,133.0,2,0.49420213388940143,1.7654377619425454,5.296313285827637,,,
baseline,2-5s,137.0,3,0.9170930222578271,2.5020065307617188,5.0040130615234375,,,
baseline,2-5s,148.0,2,1.4267601370039302,4.366153717041016,13.098461151123047,,,
baseline,2-5s,150.0,1,0.06113431497066062,1.0630416870117188,4.252166748046875,,,
baseline,2-5s,160.0,2,0.5538405837434472,1.779876708984375,3.55975341796875,,,
baseline,2-5s,163.0,2,0.7965873885224123,2.2889137268066406,5.439537048339844,,,
baseline,2-5s,164.0,1,0.39617184215653883,1.4861246744791667,4.4583740234375,,,
baseline,2-5s,179.0,3,0.3547386375234415,1.4258079528808594,5.7032318115234375,,,
baseline,2-5s,185.0,1,2.1108921015511743,8.255602836608887,33.02241134643555,,,
baseline,2-5s,194.0,1,0.7306212920122258,2.0763702392578125,4.152740478515625,,,
baseline,2-5s,202.0,1,1.4984859780523163,4.474908828735352,13.424726486206055,,,
baseline,2-5s,205.0,1,2.0728663223232213,7.94757080078125,15.8951416015625,,,
baseline,2-5s,209.0,2,1.3681103004927322,4.124580383300781,8.249160766601562,,,
baseline,2-5s,210.0,1,1.4395673583059845,4.218870162963867,8.437740325927734,,,
baseline,2-5s,223.0,3,0.836283796944013,2.307774861653646,6.9233245849609375,,,
baseline,2-5s,260.0,1,0.9397141991200523,2.5592498779296875,10.23699951171875,,,
baseline,2-5s,285.0,1,1.3938531541896075,4.0303497314453125,8.060699462890625,,,
baseline,2-5s,299.0,16,1.2831974053654145,3.612379550933838,9.334213256835938,,,
baseline,2-5s,300.0,14,1.2197985429614793,3.395987033843994,10.442764282226562,,,
baseline,5-10s,60.0,2,0.8788104186003285,0.41569080352783205,2.07845401763916,,,
baseline,5-10s,64.0,2,0.06329587876425793,0.9444789886474609,4.722394943237305,,,
baseline,5-10s,66.0,3,0.8924194537713085,0.40966339111328126,2.0483169555664062,,,
baseline,5-10s,68.0,1,1.5027823285824118,0.22251020159040177,1.5575714111328125,,,
baseline,5-10s,71.0,1,0.3188069254597598,0.7270159040178571,5.089111328125,,,
baseline,5-10s,72.0,1,0.4771826572241225,0.6205291748046875,4.3437042236328125,,,
baseline,5-10s,74.0,4,0.8962294002710365,0.40967750549316406,2.0483875274658203,,,
baseline,5-10s,76.0,1,0.314307448067001,0.7302944660186768,5.842355728149414,,,
baseline,5-10s,77.0,1,0.03334800066562925,0.9672019141060966,6.770413398742676,,,
baseline,5-10s,80.0,1,1.9627007156018963,0.140478515625,0.702392578125,,,
baseline,5-10s,82.0,1,0.29612828603325303,0.7436920166015625,3.7184600830078125,,,
baseline,5-10s,84.0,1,1.2493584311596635,0.2866886683872768,2.0068206787109375,,,
baseline,5-10s,85.0,6,0.3721362718816096,0.6949044545491536,4.360197067260742,,,
baseline,5-10s,87.0,2,0.7648728404828178,0.4693460464477539,3.7547683715820312,,,
baseline,5-10s,88.0,1,0.3408982155621524,0.7111312866210937,3.5556564331054688,,,
baseline,5-10s,90.0,3,0.3650557963859925,0.6941579182942709,4.164947509765625,,,
baseline,5-10s,96.0,3,0.7653714112423049,0.4651611328125,3.436431884765625,,,
baseline,5-10s,97.0,1,0.6309791221867702,0.5320705837673612,4.78863525390625,,,
baseline,5-10s,102.0,1,0.2860372931469275,0.751234599522182,5.258642196655273,,,
baseline,5-10s,105.0,1,0.14507925812508377,1.1561311994280135,8.092918395996094,,,
baseline,5-10s,106.0,2,0.6698485375592231,0.5196963846683502,4.157571077346802,,,
baseline,5-10s,109.0,1,0.6613403098041135,0.5161590576171875,3.096954345703125,,,
baseline,5-10s,110.0,1,0.45997594989889073,0.631298828125,3.156494140625,,,
baseline,5-10s,116.0,1,1.726992002372453,5.623712327745226,50.61341094970703,,,
baseline,5-10s,119.0,3,0.2254249696391683,1.2528550284249442,8.76998519897461,,,
baseline,5-10s,120.0,4,0.1977383590585955,0.8206202189127605,6.59429931640625,,,
baseline,5-10s,121.0,1,0.4480646615463193,0.6388633728027344,3.194316864013672,,,
baseline,5-10s,122.0,1,0.08021523164239709,0.9229176839192709,8.306259155273438,,,
baseline,5-10s,123.0,4,0.24490226157151215,0.7830273310343425,4.698163986206055,,,
baseline,5-10s,142.0,2,1.6004939562397933,5.520274861653646,43.50675964355469,,,
baseline,5-10s,150.0,1,0.274594129648956,1.3159964425223214,9.21197509765625,,,
baseline,5-10s,156.0,1,0.1693521305309887,0.8442115783691406,5.065269470214844,,,
baseline,5-10s,157.0,3,0.8106656955567404,2.2494049072265625,11.247024536132812,,,
baseline,5-10s,160.0,1,0.15375823396884802,1.1662089029947917,10.495880126953125,,,
baseline,5-10s,170.0,3,0.9449831444423449,2.572770012749566,23.154930114746094,,,
baseline,5-10s,172.0,2,0.12135220882773097,0.8877610070364816,5.266430854797363,,,
baseline,5-10s,183.0,3,0.3076624039714166,1.126080322265625,5.630401611328125,,,
baseline,5-10s,208.0,1,0.19474734204245348,1.2150039672851562,9.72003173828125,,,
baseline,5-10s,214.0,2,0.07097238060367378,0.954193115234375,7.633544921875,,,
baseline,5-10s,220.0,3,0.09844579484278011,0.9538828531901041,5.723297119140625,,,
baseline,5-10s,224.0,1,0.3104042371398969,1.3639763726128473,12.275787353515625,,,
baseline,5-10s,230.0,2,0.6715274246566953,0.75994873046875,4.5596923828125,,,
baseline,5-10s,233.0,2,0.6168835807905391,2.1679504939488004,15.697074890136719,,,
baseline,5-10s,239.0,2,0.5274797779180979,1.7029240926106772,10.217544555664062,,,
baseline,5-10s,242.0,1,0.3284225206784775,1.388775634765625,6.943878173828125,,,
baseline,5-10s,248.0,3,0.5314608547191751,1.701416015625,8.507080078125,,,
baseline,5-10s,249.0,1,0.0787630373789088,0.9242589133126395,6.469812393188477,,,
baseline,5-10s,267.0,2,0.5447840485492244,1.5666973537868925,9.410835266113281,,,
baseline,5-10s,273.0,1,0.22300248233667155,1.2498236762152777,11.2484130859375,,,
baseline,5-10s,285.0,2,0.5197107992947008,1.681756591796875,8.408782958984375,,,
baseline,5-10s,297.0,2,0.1026306406050748,1.112827181816101,8.902617454528809,,,
baseline,5-10s,299.0,18,0.4997884856309651,1.6596059163411458,11.696277618408203,,,
baseline,5-10s,300.0,2,0.41686222736958906,1.0569519996643066,8.77572250366211,,,
baseline,10-20s,60.0,9,1.621731998089814,0.19755623557350852,2.1731185913085938,,,
baseline,10-20s,61.0,1,1.7011851619446672,0.1824671427408854,2.7370071411132812,,,
baseline,10-20s,62.0,1,0.7935760292465412,0.4522247314453125,7.235595703125,,,
baseline,10-20s,66.0,1,0.5391742498269588,1.7145904541015624,25.718856811523438,,,
baseline,10-20s,67.0,1,1.0066041466136042,0.36545791625976565,3.6545791625976562,,,
baseline,10-20s,70.0,2,1.0719876894101463,0.3429113534780649,4.094932556152344,,,
baseline,10-20s,74.0,2,1.3553368703962727,0.2655005888505415,2.920506477355957,,,
baseline,10-20s,76.0,4,0.6606816258825119,0.7987479368845621,9.584975242614746,,,
baseline,10-20s,77.0,1,1.5103879265363545,0.22082429773667278,3.7540130615234375,,,
baseline,10-20s,80.0,4,1.3557599544412757,0.2581024169921875,2.581024169921875,,,
baseline,10-20s,81.0,3,0.8574688234332452,0.4242345369779147,5.515048980712891,,,
baseline,10-20s,84.0,1,1.0117172667140661,0.36359405517578125,3.6359405517578125,,,
baseline,10-20s,85.0,1,0.5146051186730538,0.5977365830365349,10.161521911621094,,,
baseline,10-20s,96.0,1,0.8365162885888587,2.3083114624023438,27.699737548828125,,,
baseline,10-20s,105.0,1,1.1384252486981583,0.3203230539957682,4.804845809936523,,,
baseline,10-20s,110.0,2,1.361057948423349,0.2564942209344161,4.873390197753906,,,
baseline,10-20s,115.0,4,1.0517508280603387,0.3658024714543269,4.75543212890625,,,
baseline,10-20s,118.0,1,1.2579838898985085,0.28422648111979165,4.263397216796875,,,
baseline,10-20s,121.0,6,1.071772693809887,0.3424082279205322,3.4240822792053223,,,
baseline,10-20s,124.0,1,0.8422425960589964,0.4307434558868408,6.891895294189453,,,
baseline,10-20s,129.0,1,0.44051227501187695,0.643706581809304,7.080772399902344,,,
baseline,10-20s,132.0,3,0.38229288139441386,0.6822951923717152,7.505247116088867,,,
baseline,10-20s,134.0,1,0.770738142954503,2.16136105855306,25.93633270263672,,,
baseline,10-20s,142.0,2,1.3243366467104514,0.26635169982910156,4.527978897094727,,,
baseline,10-20s,143.0,3,0.7330534313748576,0.48043975830078123,4.8043975830078125,,,
baseline,10-20s,147.0,3,0.6280798873771085,1.8740088144938152,22.48810577392578,,,
baseline,10-20s,151.0,1,0.7090100016971027,2.0319786071777344,28.44770050048828,,,
baseline,10-20s,155.0,1,0.4984341906628144,0.6074811150045956,10.327178955078125,,,
baseline,10-20s,157.0,4,0.38833609642516864,0.6804430219862196,12.247974395751953,,,
baseline,10-20s,160.0,1,1.5054391666202163,0.22191981265419408,4.2164764404296875,,,
baseline,10-20s,163.0,1,0.1383810641297525,1.1484130859375,11.484130859375,,,
baseline,10-20s,176.0,1,1.1877519380940267,0.3049059416118421,5.793212890625,,,
baseline,10-20s,182.0,1,0.2212831317565342,1.2476766374376085,22.458179473876953,,,
baseline,10-20s,194.0,1,0.5194318142900188,0.5948584420340401,8.328018188476562,,,
baseline,10-20s,198.0,1,0.24728808144378114,0.7809156938032671,8.590072631835938,,,
baseline,10-20s,199.0,1,0.3040272234272423,0.7378407796223958,11.067611694335938,,,
baseline,10-20s,215.0,1,1.350154943630741,0.2592000961303711,3.8880014419555664,,,
baseline,10-20s,220.0,1,0.1477764322076756,0.8626239483173077,11.214111328125,,,
baseline,10-20s,230.0,2,0.34168406242807786,0.8188703843763658,9.557052612304688,,,
baseline,10-20s,238.0,1,0.1383066890703315,0.8708315762606534,9.579147338867188,,,
baseline,10-20s,247.0,1,1.0702268335505725,0.3429307204026442,4.458099365234375,,,
baseline,10-20s,258.0,1,2.0281594905473366,7.60008544921875,76.0008544921875,,,
baseline,10-20s,278.0,3,0.5819157047819691,0.5588267933238636,6.1470947265625,,,
baseline,10-20s,297.0,1,0.3131049151097826,0.7311731974283854,8.774078369140625,,,
baseline,10-20s,299.0,13,0.318989839764918,0.9070111443014706,15.051734924316406,,,
baseline,10-20s,300.0,15,0.47999883439211977,1.222821044921875,12.22821044921875,,,
baseline,20s+,61.0,1,1.9877493769444075,0.13700342178344727,3.2880821228027344,,,
baseline,20s+,62.0,1,0.19333543538819423,0.8242054600869456,25.550369262695312,,,
baseline,20s+,67.0,1,1.5586942371866457,0.2104106382890181,4.629034042358398,,,
baseline,20s+,71.0,3,1.6931693529786598,0.18393564224243164,5.8859405517578125,,,
baseline,20s+,73.0,1,3.6662641930374,0.025571823120117188,1.7388839721679688,,,
baseline,20s+,80.0,3,0.625918152141446,0.5347702026367187,10.695404052734375,,,
baseline,20s+,83.0,3,1.7687278997504718,0.17054980734120245,3.9226455688476562,,,
baseline,20s+,86.0,1,2.1536836918323417,0.11605585538423978,6.034904479980469,,,
baseline,20s+,97.0,2,1.4376691314020729,0.25137321446651595,6.282258987426758,,,
baseline,20s+,106.0,1,1.9547159344212583,0.14160469600132533,3.9649314880371094,,,
baseline,20s+,109.0,1,0.45158347037226076,0.6366192853009259,17.188720703125,,,
baseline,20s+,112.0,1,2.1776201755474958,0.1133108700022978,3.852569580078125,,,
baseline,20s+,115.0,1,2.6991180438884324,0.06726481119791666,2.0179443359375,,,
baseline,20s+,126.0,1,3.578242660356906,0.027924728393554688,1.1169891357421875,,,
baseline,20s+,128.0,1,2.7781751424391756,0.06215182217684659,1.367340087890625,,,
baseline,20s+,135.0,1,1.7660640688416862,0.17100472883744675,3.762104034423828,,,
baseline,20s+,137.0,1,2.0141011657744587,0.13344029017857142,3.736328125,,,
baseline,20s+,150.0,2,1.6718358238345132,0.21509666582603595,4.793052673339844,,,
baseline,20s+,162.0,1,2.2867642930087926,0.10159466114450008,4.774949073791504,,,
baseline,20s+,166.0,3,1.2395484354713677,0.28951492309570315,8.657779693603516,,,
baseline,20s+,168.0,3,0.9589332268961406,0.3833015637520032,14.948760986328125,,,
baseline,20s+,177.0,2,1.803836989177484,0.16791515080433972,8.899502992630005,,,
baseline,20s+,180.0,1,1.18215148491449,0.30661834370006213,6.745603561401367,,,
baseline,20s+,182.0,1,0.2322283454515381,0.7927650783372961,18.233596801757812,,,
baseline,20s+,186.0,2,0.3899840290434,1.0793172853802322,117.64558410644531,,,
baseline,20s+,188.0,1,1.262945810614193,0.28281966499660327,6.504852294921875,,,
baseline,20s+,198.0,1,0.7391908546014214,0.4775001262796336,13.847503662109375,,,
baseline,20s+,208.0,2,0.8026120517768371,0.4522656527432528,9.949844360351562,,,
baseline,20s+,209.0,1,0.8708641579048605,0.4185896653395433,10.883331298828125,,,
baseline,20s+,214.0,1,0.7290854102873082,0.48234994070870535,10.129348754882812,,,
baseline,20s+,239.0,2,0.8751583525926367,0.43691577911376955,8.73831558227539,,,
baseline,20s+,247.0,1,1.193827614165908,0.30305904812282985,10.910125732421875,,,
baseline,20s+,268.0,1,1.6667002920785277,0.18886925192440257,12.843109130859375,,,
baseline,20s+,282.0,2,1.9889651919723002,0.15704432896205356,5.496551513671875,,,
baseline,20s+,297.0,1,0.08586442014102433,1.089658582532728,40.31736755371094,,,
baseline,20s+,299.0,29,1.2228653369863323,0.2964927271792763,12.05169677734375,,,
baseline,20s+,300.0,20,0.7193586596334829,0.5056768798828125,14.309028625488281,,,
r1,0-2s,62.0,1,0.4041112460868883,1.4979705810546875,1.4979705810546875,,,
r1,0-2s,67.0,1,1.2237758804099286,3.4000015258789062,3.4000015258789062,,,
r1,0-2s,71.0,1,3.4848295492152856,32.61686706542969,32.61686706542969,,,
r1,0-2s,110.0,1,1.2095632278497368,3.352020263671875,3.352020263671875,,,
r1,0-2s,126.0,1,1.476817925990592,4.378989219665527,4.378989219665527,,,
r1,0-2s,140.0,1,1.8881727594578133,6.6072845458984375,6.6072845458984375,,,
r1,0-2s,147.0,1,1.6914740120891947,5.4274749755859375,5.4274749755859375,,,
r1,0-2s,223.0,1,2.093825340449173,8.115901947021484,8.115901947021484,,,
r1,0-2s,280.0,1,3.876931402239325,48.275848388671875,48.275848388671875,,,
r1,0-2s,300.0,3,2.685336296691226,14.663131713867188,14.663131713867188,,,
r1,2-5s,59.0,1,0.14839603143171157,1.1599721908569336,2.319944381713867,,,
r1,2-5s,61.0,4,1.0940405865878184,3.004383722941081,7.346462249755859,,,
r1,2-5s,62.0,2,1.3037292097907232,5.3386077880859375,20.621334075927734,,,
r1,2-5s,63.0,1,0.5230966746837321,1.6872444152832031,3.3744888305664062,,,
r1,2-5s,64.0,4,1.690760273644807,5.454044342041016,10.908088684082031,,,
r1,2-5s,65.0,5,0.18618346461215085,1.2046432495117188,3.8339080810546875,,,
r1,2-5s,68.0,1,0.07409912013898978,0.9285796483357748,2.785738945007324,,,
r1,2-5s,69.0,2,0.8248374980430908,2.405263900756836,5.585758209228516,,,
r1,2-5s,71.0,3,0.6384625648518705,1.893567403157552,5.680702209472656,,,
r1,2-5s,77.0,4,0.4125497969795161,1.3421807289123535,4.752094268798828,,,
r1,2-5s,82.0,2,0.21161272667117692,1.235753059387207,2.471506118774414,,,
r1,2-5s,83.0,2,0.705615175216154,2.139923731486003,6.419771194458008,,,
r1,2-5s,86.0,1,0.3857042890200406,1.4706497192382812,4.411949157714844,,,
r1,2-5s,88.0,1,1.446374005936219,4.247684478759766,12.743053436279297,,,
r1,2-5s,89.0,1,0.3584706253541048,1.4311389923095703,5.724555969238281,,,
r1,2-5s,90.0,3,0.4645830616155564,1.5913505554199219,4.0966949462890625,,,
r1,2-5s,96.0,5,0.6863761090442029,1.9865036010742188,3.9730072021484375,,,
r1,2-5s,97.0,4,0.3991579830090248,1.518681844075521,4.5560455322265625,,,
r1,2-5s,99.0,2,1.0281205677931033,2.8222951889038086,5.644590377807617,,,
r1,2-5s,102.0,2,0.6888316898873594,1.99884033203125,3.9976806640625,,,
r1,2-5s,105.0,4,0.26472660978669743,1.3068313598632812,5.227325439453125,,,
r1,2-5s,106.0,2,0.18878668544409988,1.2077980041503906,4.8311920166015625,,,
r1,2-5s,113.0,1,0.40934686014083327,1.5058339436848958,4.5175018310546875,,,
r1,2-5s,114.0,1,0.6527552801255264,1.9208259582519531,3.8416519165039062,,,
r1,2-5s,115.0,1,1.3824359902815293,3.9845962524414062,7.9691925048828125,,,
r1,2-5s,117.0,1,0.48699971616679316,1.6274261474609375,3.254852294921875,,,
r1,2-5s,118.0,3,0.5008918027862995,1.6501922607421875,6.60076904296875,,,
r1,2-5s,119.0,4,0.6220721631087943,2.0148239135742188,8.059295654296875,,,
r1,2-5s,120.0,2,0.6456575852684295,1.9197521209716797,3.8395042419433594,,,
r1,2-5s,121.0,1,0.13636044642973452,0.872528076171875,1.74505615234375,,,
r1,2-5s,122.0,1,1.855060965628631,6.392087936401367,12.784175872802734,,,
r1,2-5s,128.0,1,1.7106825897243854,5.532736778259277,11.065473556518555,,,
r1,2-5s,129.0,1,0.0054907777719531495,1.005505879720052,3.0165176391601562,,,
r1,2-5s,131.0,1,0.42376985658658556,1.5277099609375,6.11083984375,,,
r1,2-5s,133.0,2,0.23321770288219912,1.262656847635905,3.787970542907715,,,
r1,2-5s,137.0,1,1.2110165726744433,3.3568954467773438,6.7137908935546875,,,
r1,2-5s,148.0,4,0.618482800851182,1.8576863606770835,5.57305908203125,,,
r1,2-5s,150.0,1,0.0030775349182960514,1.003082275390625,4.0123291015625,,,
r1,2-5s,160.0,2,1.3307327647763207,3.798370361328125,7.59674072265625,,,
r1,2-5s,163.0,2,0.6939167931315477,2.0017191569010415,6.005157470703125,,,
r1,2-5s,164.0,1,1.1477201726965431,3.1510009765625,9.4530029296875,,,
r1,2-5s,179.0,2,0.25807104266790104,1.3169746398925781,5.2678985595703125,,,
r1,2-5s,189.0,1,1.467116137235976,4.336710611979167,13.0101318359375,,,
r1,2-5s,194.0,2,0.7105730137070709,2.0395050048828125,4.079010009765625,,,
r1,2-5s,198.0,1,1.6680988657870397,5.3020782470703125,15.906234741210938,,,
r1,2-5s,202.0,1,0.9589255353878382,2.608891805013021,7.8266754150390625,,,
r1,2-5s,205.0,2,1.4368042654432973,4.280464172363281,8.560928344726562,,,
r1,2-5s,209.0,1,1.3204366108070418,3.74505615234375,7.4901123046875,,,
r1,2-5s,220.0,1,0.6932768718566967,2.0002593994140625,8.00103759765625,,,
r1,2-5s,223.0,2,1.4151676997495402,4.119704564412435,12.359113693237305,,,
r1,2-5s,280.0,2,2.2943139908653745,9.933007558186848,24.556270599365234,,,
r1,2-5s,285.0,1,1.9081399737649176,6.74053955078125,13.4810791015625,,,
r1,2-5s,299.0,14,1.1479433211631687,3.151771068572998,11.054161071777344,,,
r1,2-5s,300.0,11,1.4529706407885747,4.275797526041667,12.827392578125,,,
r1,5-10s,60.0,3,0.792510362497009,0.4527069091796875,2.2635345458984375,,,
r1,5-10s,64.0,2,0.6296281553193062,0.558843994140625,2.794219970703125,,,
r1,5-10s,66.0,4,0.28080483353215946,0.7551795959472656,3.775897979736328,,,
r1,5-10s,68.0,1,1.3988148691431688,0.24688938685825892,1.7282257080078125,,,
r1,5-10s,71.0,1,0.5160257896757908,1.675356183733259,11.727493286132812,,,
r1,5-10s,72.0,1,0.34431246547260735,1.4110194614955358,9.87713623046875,,,
r1,5-10s,74.0,3,0.41214708133691613,0.6622268676757812,3.3111343383789062,,,
r1,5-10s,77.0,1,0.5719896598062535,0.564401354108538,3.9508094787597656,,,
r1,5-10s,80.0,1,0.3610835384304815,0.6969207763671875,3.4846038818359375,,,
r1,5-10s,82.0,1,0.062469770504179886,1.0644622802734376,5.3223114013671875,,,
r1,5-10s,85.0,5,1.1844452719906204,0.30591583251953125,2.426544189453125,,,
r1,5-10s,87.0,1,0.735148885307788,0.479434072971344,3.835472583770752,,,
r1,5-10s,88.0,2,0.4193594586874777,0.6613250732421876,3.3066253662109375,,,
r1,5-10s,90.0,3,0.3183987374118035,0.7273127237955729,4.3638763427734375,,,
r1,5-10s,95.0,1,1.053340143026041,0.3487708568572998,2.7901668548583984,,,
r1,5-10s,96.0,6,0.6673443519763931,0.5197589450412327,3.4720687866210938,,,
r1,5-10s,97.0,1,0.9533380330699439,2.594355265299479,23.349197387695312,,,
r1,5-10s,102.0,1,0.03739163742091408,0.9632987976074219,6.743091583251953,,,
r1,5-10s,105.0,1,0.23776393394900117,1.2684097290039062,8.878868103027344,,,
r1,5-10s,106.0,2,0.16804980865235924,1.1166409850120544,8.933127880096436,,,
r1,5-10s,109.0,2,0.5219758934857734,0.5933570861816406,3.5601425170898438,,,
r1,5-10s,110.0,1,0.2613790321947997,0.769989013671875,3.849945068359375,,,
r1,5-10s,116.0,2,0.5050182782881144,1.8264340718587238,14.321475982666016,,,
r1,5-10s,119.0,4,0.23633351942375305,1.1725867135184151,8.208106994628906,,,
r1,5-10s,120.0,2,0.2184441838727892,0.9835453033447266,7.059345245361328,,,
r1,5-10s,121.0,1,0.03144614705740015,1.03194580078125,5.15972900390625,,,
r1,5-10s,122.0,2,0.08103361836282738,1.051018026140001,9.45916223526001,,,
r1,5-10s,123.0,4,0.3740343311093238,1.4708296457926433,8.82497787475586,,,
r1,5-10s,142.0,1,1.2502469012753785,3.491204833984375,17.456024169921875,,,
r1,5-10s,144.0,1,0.05934565631067831,1.0611419677734375,5.3057098388671875,,,
r1,5-10s,150.0,3,0.4383679942757175,1.5501752580915178,10.851226806640625,,,
r1,5-10s,156.0,1,0.29677962491568977,1.3455187479654949,8.073112487792969,,,
r1,5-10s,157.0,2,0.5997900787903722,1.8245101928710938,9.122550964355469,,,
r1,5-10s,160.0,2,0.1571333255869554,1.1807454427083335,10.626708984375,,,
r1,5-10s,170.0,2,0.061976467788431244,0.9399139404296875,4.6995697021484375,,,
r1,5-10s,172.0,3,1.5960540693064402,4.933526611328125,24.667633056640625,,,
r1,5-10s,183.0,3,0.17135157174860946,0.91304931640625,4.56524658203125,,,
r1,5-10s,198.0,1,0.9072669857688771,2.4775421142578127,12.387710571289062,,,
r1,5-10s,208.0,1,0.13293659983407713,1.1421775817871094,9.137420654296875,,,
r1,5-10s,214.0,2,0.18283907737135363,1.0203971862792969,8.163177490234375,,,
r1,5-10s,220.0,6,0.29943311220912683,1.061498006184896,6.368988037109375,,,
r1,5-10s,224.0,1,0.7251166301114264,2.064971923828125,18.584747314453125,,,
r1,5-10s,225.0,1,0.5261927065527049,1.6924762725830078,8.462381362915039,,,
r1,5-10s,230.0,2,0.7316373959047626,2.0811614990234375,12.486968994140625,,,
r1,5-10s,233.0,1,0.21489780408143966,1.2397351946149553,8.678146362304688,,,
r1,5-10s,237.0,1,0.5021061771058523,1.6521974291120256,11.56538200378418,,,
r1,5-10s,239.0,2,0.3220571901144793,0.7702433268229167,4.6214599609375,,,
r1,5-10s,240.0,1,1.8247989799834423,6.201548258463542,37.20928955078125,,,
r1,5-10s,242.0,1,0.7199477487276947,2.0543258666992186,10.271629333496094,,,
r1,5-10s,248.0,1,0.9126525298391468,2.4909210205078125,12.454605102539062,,,
r1,5-10s,249.0,1,0.27032391572099446,1.3103888375418526,9.172721862792969,,,
r1,5-10s,260.0,1,0.10389306985680304,1.1094818115234375,8.8758544921875,,,
r1,5-10s,267.0,3,0.7828514109037649,2.187701416015625,10.938507080078125,,,
r1,5-10s,285.0,2,0.2821236918370684,1.3339721679687502,6.66986083984375,,,
r1,5-10s,290.0,1,0.7425823654534187,2.10135498046875,10.50677490234375,,,
r1,5-10s,297.0,2,0.21101367335465018,1.2527637481689453,10.022109985351562,,,
r1,5-10s,299.0,18,0.7925373417624151,2.209739176432292,14.753982543945312,,,
r1,5-10s,300.0,2,0.5593427359786584,1.8619165420532227,11.146797180175781,,,
r1,10-20s,60.0,8,1.5097808348558455,0.22283663068498885,2.8261337280273438,,,
r1,10-20s,61.0,1,1.021718784082633,0.3599756876627604,5.399635314941406,,,
r1,10-20s,62.0,3,1.1552831291753929,0.3149683475494385,5.039493560791016,,,
r1,10-20s,65.0,1,0.2181668938381776,1.2437946319580078,12.437946319580078,,,
r1,10-20s,66.0,1,0.282351729271041,1.3262451171875,19.8936767578125,,,
r1,10-20s,67.0,3,1.2098559502553397,0.298240237765842,5.368324279785156,,,
r1,10-20s,70.0,2,0.9650162062985737,0.43318012210872625,4.992002487182617,,,
r1,10-20s,74.0,2,1.0225085574534625,0.3627891540527344,3.990680694580078,,,
r1,10-20s,76.0,2,1.079264572883301,2.4626057942708335,29.04132843017578,,,
r1,10-20s,77.0,1,1.8137903768584436,0.16303500007180607,2.771595001220703,,,
r1,10-20s,80.0,3,0.6628802065167213,0.5153648376464843,5.153648376464844,,,
r1,10-20s,81.0,2,0.44051167985821293,0.6661200890174279,8.659561157226562,,,
r1,10-20s,82.0,1,0.06045480273533128,0.9413363138834635,11.296035766601562,,,
r1,10-20s,85.0,2,1.3243452220940246,0.2681462904986213,4.5584869384765625,,,
r1,10-20s,96.0,1,0.32631386505413656,1.3858502705891926,16.630203247070312,,,
r1,10-20s,102.0,1,0.9134044906060633,2.4927947998046873,24.927947998046875,,,
r1,10-20s,105.0,2,0.6245395678126883,0.5629698019761306,7.707892894744873,,,
r1,10-20s,110.0,1,1.692325810193722,0.18409086528577304,3.4977264404296875,,,
r1,10-20s,115.0,4,0.924663934900389,0.417941166804387,5.433235168457031,,,
r1,10-20s,118.0,1,1.18776273717463,0.30490264892578123,4.573539733886719,,,
r1,10-20s,121.0,4,0.6192531530002714,0.5384746551513673,5.384746551513672,,,
r1,10-20s,124.0,1,0.6750678120521924,0.5091218948364258,8.145950317382812,,,
r1,10-20s,132.0,3,0.4986481877811852,0.6073511297052557,6.6808624267578125,,,
r1,10-20s,134.0,1,0.09648465157499907,0.9080238342285156,10.896286010742188,,,
r1,10-20s,140.0,1,0.5345584265574296,0.5859279632568359,9.374847412109375,,,
r1,10-20s,142.0,2,0.9686550749385578,0.3821617575252757,6.4967498779296875,,,
r1,10-20s,143.0,4,0.22344395690805696,1.1064952850341796,11.064952850341797,,,
r1,10-20s,147.0,3,0.7282564841057455,0.48274993896484375,5.792999267578125,,,
r1,10-20s,150.0,1,0.2954866395137237,1.3437801361083985,13.437801361083984,,,
r1,10-20s,155.0,1,0.3701100371912549,1.4478939280790442,24.61419677734375,,,
r1,10-20s,157.0,4,0.37564114958753736,0.6869244045681424,12.364639282226562,,,
r1,10-20s,163.0,1,0.09625577750773974,1.1010406494140625,11.010406494140625,,,
r1,10-20s,182.0,1,0.570349439536773,0.5653278562757704,10.175901412963867,,,
r1,10-20s,183.0,1,0.4209416384713894,0.6564284104567307,8.5335693359375,,,
r1,10-20s,194.0,2,0.5754311818373103,0.567652974809919,8.591384887695312,,,
r1,10-20s,198.0,1,0.06674858463582659,0.9354303533380682,10.28973388671875,,,
r1,10-20s,208.0,1,0.357848571374798,1.4302490234375,14.302490234375,,,
r1,10-20s,230.0,2,0.19274582112934516,0.9057633726746885,10.696708679199219,,,
r1,10-20s,238.0,1,0.05365741327112307,1.0551230690696023,11.606353759765625,,,
r1,10-20s,247.0,1,0.1636889478723694,0.8490060659555289,11.037078857421875,,,
r1,10-20s,278.0,1,0.19715211266780322,0.8210657293146307,9.031723022460938,,,
r1,10-20s,297.0,2,0.2062644925739256,1.0864543914794922,14.768417358398438,,,
r1,10-20s,299.0,14,0.18223009883312602,1.0392167235865737,14.918212890625,,,
r1,10-20s,300.0,20,0.30670254927220053,1.263935810377618,16.348175048828125,,,
r1,20s+,61.0,1,2.0039964134389368,0.1347955067952474,3.2350921630859375,,,
r1,20s+,62.0,1,0.24451294171892723,0.7830858538227696,24.27566146850586,,,
r1,20s+,67.0,1,1.1875550728594948,0.3049659729003906,6.709251403808594,,,
r1,20s+,71.0,2,3.395048706898696,0.03555917739868164,1.1378936767578125,,,
r1,20s+,73.0,1,3.3740513132472207,0.03425059599034926,2.32904052734375,,,
r1,20s+,80.0,3,1.5381852264607148,0.2147705078125,4.29541015625,,,
r1,20s+,83.0,2,1.8477754354134577,0.16935926176457491,4.861148834228516,,,
r1,20s+,96.0,1,1.8319653680382295,0.1600986056857639,7.204437255859375,,,
r1,20s+,97.0,2,0.8077253386552741,0.631789893210931,14.84548282623291,,,
r1,20s+,106.0,3,1.8565029151001047,0.15621798379080637,4.374103546142578,,,
r1,20s+,115.0,1,1.9010679261807746,0.14940897623697916,4.482269287109375,,,
r1,20s+,135.0,1,1.2232731968123176,0.294265400279652,6.473838806152344,,,
r1,20s+,137.0,1,1.4456958945875933,0.2355820792061942,6.5962982177734375,,,
r1,20s+,150.0,3,1.8343207166958433,0.15972196138822115,4.15277099609375,,,
r1,20s+,157.0,1,1.420051255538316,0.24170162803248355,18.36932373046875,,,
r1,20s+,166.0,1,1.1532790421406232,0.3156002044677734,6.312004089355469,,,
r1,20s+,168.0,1,0.44095723877514914,0.6434202194213867,12.868404388427734,,,
r1,20s+,177.0,1,1.5531669533307408,0.21157685765680276,11.213573455810547,,,
r1,20s+,182.0,1,0.5285653685388071,0.5894500068996263,13.557350158691406,,,
r1,20s+,186.0,2,0.21844481236612373,0.8154627248781536,88.88543701171875,,,
r1,20s+,188.0,1,0.6725881179690337,0.5103859279466711,11.738876342773438,,,
r1,20s+,189.0,1,0.3361382662001579,0.7145243044252749,38.584312438964844,,,
r1,20s+,208.0,1,0.6523189715703637,0.5208365700461648,11.458404541015625,,,
r1,20s+,209.0,2,1.155127283425644,0.3157477745643029,8.209442138671875,,,
r1,20s+,212.0,1,1.5514965484681889,0.21193057200947746,12.927764892578125,,,
r1,20s+,214.0,1,0.4742569302280618,0.6223473321823847,13.069293975830078,,,
r1,20s+,217.0,1,1.6845579157908708,0.18552643213516626,7.235530853271484,,,
r1,20s+,222.0,1,3.2673170784737615,0.038108532245342545,3.963287353515625,,,
r1,20s+,230.0,2,0.9505428803167401,0.41603985662045684,11.797170639038086,,,
r1,20s+,239.0,1,0.7669640456565959,0.46442089080810545,9.28841781616211,,,
r1,20s+,245.0,2,0.8807306484638691,0.41815390953650844,10.872001647949219,,,
r1,20s+,254.0,1,1.9095695772960037,0.14814413747479838,18.369873046875,,,
r1,20s+,268.0,1,1.3876991559760483,0.2496490478515625,16.97613525390625,,,
r1,20s+,282.0,1,1.0178228164088061,0.3613808768136161,12.648330688476562,,,
r1,20s+,297.0,2,0.5444772122029939,0.582236418852935,21.542747497558594,,,
r1,20s+,299.0,29,0.7924533111146607,0.4527327374714177,16.802833557128906,,,
r1,20s+,300.0,15,0.9914096120294159,0.5614208984375,17.068450927734375,,,
baseline,0-2s,,,,,,10,0.007602974576967448,0.7602974576967448
baseline,2-5s,,,,,,55,0.003389609589603634,0.33896095896036343
baseline,5-10s,,,,,,53,-0.0015448830885628861,-0.15448830885628861
baseline,10-20s,,,,,,46,-0.00262877600962595,-0.262877600962595
baseline,20s+,,,,,,37,-0.004555165887029233,-0.4555165887029233
r1,0-2s,,,,,,10,0.0071857607400730855,0.7185760740073086
r1,2-5s,,,,,,54,0.004419934670853561,0.44199346708535614
r1,5-10s,,,,,,58,0.00021210141338860259,0.021210141338860258
r1,10-20s,,,,,,44,-0.0037865329167327474,-0.37865329167327477
r1,20s+,,,,,,37,-0.003945677361353832,-0.3945677361353832
