variant,gt_bin,stage,subset,N_proposals,median_abs_log_width_gt_ratio,median_width_gt_ratio,median_width_sec,median_nearest_gt_center_distance_sec,median_best_gt_iou,median_audio_duration_sec
baseline,0-2s,initial,all,900,4.492004105537737,89.3002815246582,89.3002815246582,41.786739349365234,0.003965818776435741,213.0
baseline,0-2s,initial,initial_center_le1s,15,3.7730912275568524,43.51436996459961,43.51436996459961,0.46197509765625,0.022980914139709097,147.0
baseline,0-2s,initial,initial_center_le2s,24,3.7929758740817747,44.39707374572754,44.39707374572754,0.6905937194824219,0.0225329141513508,143.5
baseline,0-2s,decoder_layer1,all,900,3.1283162033524095,22.835498809814453,22.835498809814453,46.605323791503906,0.0,213.0
baseline,0-2s,decoder_layer1,initial_center_le1s,15,3.0814995081347334,21.791053771972656,21.791053771972656,8.034713745117188,0.013591565332051381,147.0
baseline,0-2s,decoder_layer1,initial_center_le2s,24,2.960378835061672,19.447063446044922,19.447063446044922,7.939458847045898,0.016271489888418526,143.5
baseline,0-2s,decoder_layer2,all,900,2.671571266441057,14.462705612182617,14.462705612182617,45.59426498413086,0.0,213.0
baseline,0-2s,decoder_layer2,initial_center_le1s,15,2.739492405105202,15.4791259765625,15.4791259765625,12.844322204589844,0.0,147.0
baseline,0-2s,decoder_layer2,initial_center_le2s,24,2.8007751395789446,16.488311767578125,16.488311767578125,11.062055587768555,0.0,143.5
baseline,0-2s,final_span,all,900,1.907401920988027,6.73557186126709,6.73557186126709,46.3487663269043,0.0,213.0
baseline,0-2s,final_span,initial_center_le1s,15,1.9857886182383555,7.2847900390625,7.2847900390625,8.920074462890625,0.0,147.0
baseline,0-2s,final_span,initial_center_le2s,24,2.0057028626251006,7.432788848876953,7.432788848876953,8.095848083496094,0.0,143.5
baseline,2-5s,initial,all,3760,3.3560278314373355,28.67506217956543,78.82958221435547,26.79479217529297,0.012434364122943409,188.5
baseline,2-5s,initial,initial_center_le1s,134,3.073903780540309,21.626161893208824,60.84231758117676,0.4837989807128906,0.042897706143414496,119.5
baseline,2-5s,initial,initial_center_le2s,252,2.9799119216905847,19.68611399332682,57.36529731750488,0.9134101867675781,0.042897706143414496,122.0
baseline,2-5s,decoder_layer1,all,3760,2.032687196186132,7.634575366973877,20.795623779296875,28.829578399658203,0.0,188.5
baseline,2-5s,decoder_layer1,initial_center_le1s,134,1.8554127565061576,6.394953727722168,19.181381225585938,4.875286102294922,0.07608889934091202,119.5
baseline,2-5s,decoder_layer1,initial_center_le2s,252,1.8953950813900242,6.655204772949219,18.41152286529541,4.725951194763184,0.07548604067537554,122.0
baseline,2-5s,decoder_layer2,all,3760,1.5609661612768022,4.750849405924479,13.15965747833252,29.254724502563477,0.0,188.5
baseline,2-5s,decoder_layer2,initial_center_le1s,134,1.5497286130653871,4.71019172668457,13.317209243774414,5.119899272918701,0.08940796127012599,119.5
baseline,2-5s,decoder_layer2,initial_center_le2s,252,1.5497286130653871,4.71019172668457,12.87934160232544,5.07101583480835,0.07935497866102884,122.0
baseline,2-5s,final_span,all,3760,0.8781487808967894,2.3534291585286455,6.611606597900391,29.371845245361328,0.0,188.5
baseline,2-5s,final_span,initial_center_le1s,134,0.7293584641716634,2.015595515569051,5.706024169921875,4.908468246459961,0.0,119.5
baseline,2-5s,final_span,initial_center_le2s,252,0.7450275977801649,2.039931297302246,5.4169158935546875,4.144512176513672,0.045243779166419286,122.0
baseline,5-10s,initial,all,2730,2.672531951209238,14.476577758789062,92.96524810791016,28.133586883544922,0.029639235022987383,240.0
baseline,5-10s,initial,initial_center_le1s,116,2.2567289607171954,9.554007169935439,67.24376678466797,0.5620651245117188,0.09138301200226427,153.0
baseline,5-10s,initial,initial_center_le2s,214,2.332599629292211,10.304845767550999,70.10023880004883,0.9276695251464844,0.07890701910951332,153.0
baseline,5-10s,decoder_layer1,all,2730,1.4096013026263354,4.090331486293248,27.023239135742188,29.098426818847656,0.0,240.0
baseline,5-10s,decoder_layer1,initial_center_le1s,116,1.3157937508914546,3.7277145385742188,22.92130470275879,5.766197204589844,0.10421462578029761,153.0
baseline,5-10s,decoder_layer1,initial_center_le2s,214,1.2878952852174073,3.625186511448452,22.861066818237305,5.449298858642578,0.11352723447734459,153.0
baseline,5-10s,decoder_layer2,all,2730,0.9621460089280018,2.565294647216797,16.96424102783203,29.487945556640625,0.0,240.0
baseline,5-10s,decoder_layer2,initial_center_le1s,116,0.8288246653353362,2.2298717498779297,13.854190826416016,6.156505584716797,0.10585898373556685,153.0
baseline,5-10s,decoder_layer2,initial_center_le2s,214,0.8610948349951706,2.34550052218967,14.315841674804688,5.504982948303223,0.10717042110683216,153.0
baseline,5-10s,final_span,all,2730,0.48105723316081017,1.2556341262090773,8.266948699951172,28.40294647216797,0.0,240.0
baseline,5-10s,final_span,initial_center_le1s,116,0.378242786065633,0.950889523824056,6.290789604187012,4.657932281494141,0.05287802089347139,153.0
baseline,5-10s,final_span,initial_center_le2s,214,0.38312290941147376,1.0071754455566406,6.431347846984863,4.372442245483398,0.08804476930226929,153.0
baseline,10-20s,initial,all,2510,2.0071576361854992,7.44213936545632,93.24507904052734,24.71454620361328,0.06031819993969266,268.0
baseline,10-20s,initial,initial_center_le1s,112,1.8110151863587383,6.122523625691732,71.3267822265625,0.4796314239501953,0.12308791210541241,143.0
baseline,10-20s,initial,initial_center_le2s,219,1.656581679252163,5.241363525390625,64.93617248535156,0.9285354614257812,0.13782398381629596,142.0
baseline,10-20s,decoder_layer1,all,2510,0.8094687324031835,2.1131886073521207,28.378204345703125,23.664525985717773,0.0,268.0
baseline,10-20s,decoder_layer1,initial_center_le1s,112,0.6752456987401132,1.741066708284266,26.385761260986328,4.200901031494141,0.2287930234337956,143.0
baseline,10-20s,decoder_layer1,initial_center_le2s,219,0.6833232862120434,1.761056900024414,25.701141357421875,4.282958984375,0.22511137750878482,142.0
baseline,10-20s,decoder_layer2,all,2510,0.5528590876950512,1.2822192925673264,16.976837158203125,22.109432220458984,0.0,268.0
baseline,10-20s,decoder_layer2,initial_center_le1s,112,0.5319811054249437,1.3763851192262437,18.034404754638672,3.6694488525390625,0.24804698983671858,143.0
baseline,10-20s,decoder_layer2,initial_center_le2s,219,0.5804087344389756,1.3490211963653564,17.933929443359375,4.251106262207031,0.21998169502098716,142.0
baseline,10-20s,final_span,all,2510,0.5611218292083653,0.6776302370250735,9.159106254577637,22.86600112915039,0.0,268.0
baseline,10-20s,final_span,initial_center_le1s,112,0.7210317165359801,0.5684415458613991,7.1894073486328125,2.2830467224121094,0.2597826391522633,143.0
baseline,10-20s,final_span,initial_center_le2s,219,0.6956829029848346,0.573141831618089,7.321533203125,2.717376708984375,0.26621294668010065,142.0
baseline,20s+,initial,all,3570,0.9321411999260829,2.0862194558848506,116.18730926513672,23.459060668945312,0.1904653110384673,299.0
baseline,20s+,initial,initial_center_le1s,101,1.1608339179453264,3.116854128630265,113.53734588623047,0.4616546630859375,0.20947357044100856,282.0
baseline,20s+,initial,initial_center_le2s,205,1.06857017531567,2.7255089393028844,93.24507904052734,1.019439697265625,0.20750756848045018,222.0
baseline,20s+,decoder_layer1,all,3570,0.586519856588162,0.8138389738779219,38.85929489135742,25.777252197265625,0.16496066398107212,299.0
baseline,20s+,decoder_layer1,initial_center_le1s,101,0.5485328688005242,0.9670342339409722,35.23089599609375,7.968879699707031,0.27573075070279346,282.0
baseline,20s+,decoder_layer1,initial_center_le2s,205,0.5196537286244012,0.9131388346354167,31.28217315673828,7.040763854980469,0.2652230250492151,222.0
baseline,20s+,decoder_layer2,all,3570,0.7531820370441902,0.541748713078111,25.57109260559082,23.77935791015625,0.129129814379143,299.0
baseline,20s+,decoder_layer2,initial_center_le1s,101,0.6569996160876563,0.607101803734189,22.00146484375,8.29205322265625,0.21999518530347453,282.0
baseline,20s+,decoder_layer2,initial_center_le2s,205,0.6716872072919704,0.5838348388671875,21.7376708984375,7.2217559814453125,0.21999518530347453,222.0
baseline,20s+,final_span,all,3570,1.2282771714375276,0.2967569055691571,12.809558868408203,24.140483856201172,0.0837108994127207,299.0
baseline,20s+,final_span,initial_center_le1s,101,1.2228653369863323,0.30305904812282985,10.910125732421875,6.124603271484375,0.19613749489072904,282.0
baseline,20s+,final_span,initial_center_le2s,205,1.2544015783499127,0.28951492309570315,10.6142578125,5.777008056640625,0.2080096435546875,222.0
baseline,overall,initial,all,13470,2.315522258169101,10.103472137451172,93.24507904052734,26.61782455444336,0.030274883280490352,240.0
baseline,overall,initial,initial_center_le1s,478,2.15319763127339,8.612373352050781,73.36059188842773,0.4889068603515625,0.09294974208829399,156.5
baseline,overall,initial,initial_center_le2s,914,2.103434979609471,8.193293162754603,69.38788986206055,0.9337882995605469,0.09786870201326173,155.5
baseline,overall,decoder_layer1,all,13470,1.2691639246417377,3.1619881116426907,27.734970092773438,28.15673065185547,0.0,240.0
baseline,overall,decoder_layer1,initial_center_le1s,478,1.1749485691196964,3.1022567749023438,23.94173240661621,5.468685150146484,0.1292076524915256,156.5
baseline,overall,decoder_layer1,initial_center_le2s,914,1.1295464824320407,2.789641085537997,23.578908920288086,5.293998718261719,0.12900820451053766,155.5
baseline,overall,decoder_layer2,all,13470,1.0314486972759536,1.9585652537160105,17.062095642089844,27.52429962158203,0.0,240.0
baseline,overall,decoder_layer2,initial_center_le1s,478,0.9440283301306394,2.0595224553888496,17.258195877075195,5.855649948120117,0.13519878650836814,156.5
baseline,overall,decoder_layer2,initial_center_le2s,914,0.927304361320989,1.9611358642578125,16.557140350341797,5.419914245605469,0.13432588924797384,155.5
baseline,overall,final_span,all,13470,0.8323762805780349,1.0294636317661832,8.691329956054688,27.754013061523438,0.0,240.0
baseline,overall,final_span,initial_center_le1s,478,0.7417195251611319,0.8689922332763672,6.807525634765625,4.660068511962891,0.15746433625117734,156.5
baseline,overall,final_span,initial_center_le2s,914,0.7655062039514242,0.8348971254685346,6.9586181640625,4.291103363037109,0.1696554588154695,155.5
r1,0-2s,initial,all,900,4.492126933574056,89.31120300292969,89.31120300292969,42.34521484375,0.003952569527538091,213.0
r1,0-2s,initial,initial_center_le1s,12,3.7142970588942603,41.128578186035156,41.128578186035156,0.41347312927246094,0.024431282985588984,143.5
r1,0-2s,initial,initial_center_le2s,21,3.7362837416401384,41.94183349609375,41.94183349609375,0.7914810180664062,0.02384254374795358,147.0
r1,0-2s,decoder_layer1,all,900,2.5183186272426434,12.407722473144531,12.407722473144531,47.76136016845703,0.0,213.0
r1,0-2s,decoder_layer1,initial_center_le1s,12,2.3907051466160514,11.265604019165039,11.265604019165039,11.230674743652344,0.0,143.5
r1,0-2s,decoder_layer1,initial_center_le2s,21,2.2894993587327552,9.8699951171875,9.8699951171875,12.179908752441406,0.0,147.0
r1,0-2s,decoder_layer2,all,900,1.5889266525251518,4.898490905761719,4.898490905761719,51.05918884277344,0.0,213.0
r1,0-2s,decoder_layer2,initial_center_le1s,12,1.680136020486636,5.38812255859375,5.38812255859375,15.910850524902344,0.0,143.5
r1,0-2s,decoder_layer2,initial_center_le2s,21,1.5899530447055952,4.9035186767578125,4.9035186767578125,16.84503173828125,0.0,147.0
r1,0-2s,final_span,all,900,2.1625097905496027,8.692928314208984,8.692928314208984,47.858004570007324,0.0,213.0
r1,0-2s,final_span,initial_center_le1s,12,1.9909990499534933,7.361593246459961,7.361593246459961,11.060859680175781,0.0,143.5
r1,0-2s,final_span,initial_center_le2s,21,2.093825340449173,8.115901947021484,8.115901947021484,14.132591247558594,0.0,147.0
r1,2-5s,initial,all,3760,3.353291149829519,28.596694946289062,78.79110717773438,26.684566497802734,0.01253249188022708,188.5
r1,2-5s,initial,initial_center_le1s,128,2.9948937645571947,19.983248392740883,57.55062675476074,0.4315299987792969,0.04258716231254478,119.0
r1,2-5s,initial,initial_center_le2s,253,2.980135621037971,19.690486907958984,57.34666442871094,0.9859542846679688,0.04258716231254478,122.0
r1,2-5s,decoder_layer1,all,3760,1.4073006027688844,4.084913730621338,11.885040283203125,30.387821197509766,0.0,188.5
r1,2-5s,decoder_layer1,initial_center_le1s,128,1.1214773753453502,3.0694135030110674,8.388702392578125,5.753635406494141,0.0,119.0
r1,2-5s,decoder_layer1,initial_center_le2s,253,1.2034922277469027,3.3317317962646484,9.0784912109375,5.750251770019531,0.028476442163648794,122.0
r1,2-5s,decoder_layer2,all,3760,0.6746479304853609,1.6299031575520835,4.405433654785156,30.44969940185547,0.0,188.5
r1,2-5s,decoder_layer2,initial_center_le1s,128,0.6027538303414485,1.2835667928059897,4.008331298828125,8.346534729003906,0.0,119.0
r1,2-5s,decoder_layer2,initial_center_le2s,253,0.5925158617370027,1.4585189819335938,4.079254150390625,9.064048767089844,0.0,122.0
r1,2-5s,final_span,all,3760,1.0816700711203997,2.9391632080078125,8.293327331542969,28.747727870941162,0.0,188.5
r1,2-5s,final_span,initial_center_le1s,128,0.7677285916260489,2.154928207397461,6.2555084228515625,5.909067153930664,0.0,119.0
r1,2-5s,final_span,initial_center_le2s,253,0.8504362410615269,2.340667724609375,6.7137908935546875,5.477287292480469,0.0,122.0
r1,5-10s,initial,all,2730,2.6681204624376123,14.412854766845703,93.92501831054688,28.134990692138672,0.029414738338480104,240.0
r1,5-10s,initial,initial_center_le1s,128,2.420538296489024,11.252313450404575,74.13717651367188,0.5381317138671875,0.06975122747798516,153.0
r1,5-10s,initial,initial_center_le2s,229,2.4121179075097197,11.157566833496094,73.23519897460938,0.8162422180175781,0.0730822135872744,160.0
r1,5-10s,decoder_layer1,all,2730,0.77584938422084,2.12257809109158,14.476104736328125,30.208847045898438,0.0,240.0
r1,5-10s,decoder_layer1,initial_center_le1s,128,0.5265389129959405,1.5963150024414063,10.079473495483398,5.5250396728515625,0.020598722325185406,153.0
r1,5-10s,decoder_layer1,initial_center_le2s,229,0.5377359023915856,1.589227294921875,10.607894897460938,6.060150146484375,0.019302385735900134,160.0
r1,5-10s,decoder_layer2,all,2730,0.5231371902337592,0.8529261180332728,5.5726470947265625,29.633644104003906,0.0,240.0
r1,5-10s,decoder_layer2,initial_center_le1s,128,0.5604435327589021,0.6898675646100725,4.150733947753906,9.022331237792969,0.0,153.0
r1,5-10s,decoder_layer2,initial_center_le2s,229,0.5462958511225855,0.7282867431640625,4.4479217529296875,9.278884887695312,0.0,160.0
r1,5-10s,final_span,all,2730,0.5789232644960005,1.5244166056315103,10.284576416015625,26.5391845703125,0.0,240.0
r1,5-10s,final_span,initial_center_le1s,128,0.4429793326482774,1.1686515808105469,7.786174774169922,4.896978378295898,0.09685388942168945,153.0
r1,5-10s,final_span,initial_center_le2s,229,0.4383679942757175,1.1725234985351562,7.53472900390625,4.3307647705078125,0.11485536616791389,160.0
r1,10-20s,initial,all,2510,2.001567251425951,7.400647075552689,94.2391357421875,24.985599517822266,0.06022189793139755,268.0
r1,10-20s,initial,initial_center_le1s,115,1.6754335395068047,5.3411102294921875,67.06623840332031,0.45343017578125,0.14313872840029104,143.0
r1,10-20s,initial,initial_center_le2s,228,1.6331313800478533,5.120255061558314,64.5149917602539,0.9918556213378906,0.13799138738855604,143.0
r1,10-20s,decoder_layer1,all,2510,0.4200529091352935,1.1628316243489583,15.582189559936523,23.843460083007812,0.0,268.0
r1,10-20s,decoder_layer1,initial_center_le1s,115,0.4171503949707584,0.9353199005126953,12.230621337890625,4.7957000732421875,0.199331465817464,143.0
r1,10-20s,decoder_layer1,initial_center_le2s,228,0.4462441677727704,0.8905571818351745,11.702533721923828,4.610553741455078,0.23591864062374124,143.0
r1,10-20s,decoder_layer2,all,2510,0.8494758838053638,0.45621666541466344,6.114280700683594,21.9342041015625,0.0,268.0
r1,10-20s,decoder_layer2,initial_center_le1s,115,0.7600018686775846,0.4745432535807292,6.320701599121094,5.4067535400390625,0.008317885831075622,143.0
r1,10-20s,decoder_layer2,initial_center_le2s,228,0.8391757735471868,0.44841611635434875,5.5694580078125,5.106697082519531,0.07597297643646217,143.0
r1,10-20s,final_span,all,2510,0.41706005535710067,0.8308625357491629,11.344792366027832,17.806299209594727,0.0,268.0
r1,10-20s,final_span,initial_center_le1s,115,0.49036940157553865,0.7366973876953125,9.805154800415039,3.067058563232422,0.2659021089809375,143.0
r1,10-20s,final_span,initial_center_le2s,228,0.5637176683030307,0.7230993694729275,9.509111404418945,3.1559371948242188,0.2623222551018868,143.0
r1,20s+,initial,all,3570,0.941948518023727,2.0919427115305202,115.35367965698242,23.201034545898438,0.18981817682197855,299.0
r1,20s+,initial,initial_center_le1s,93,1.1462213140338209,3.0586614194123642,110.74591064453125,0.4312896728515625,0.2219533809336793,282.0
r1,20s+,initial,initial_center_le2s,184,0.9969760340642824,2.4249421575795047,93.98356628417969,0.9734039306640625,0.23068627548663478,223.5
r1,20s+,decoder_layer1,all,3570,0.8492064245071688,0.43516634496425954,19.598770141601562,25.803421020507812,0.09649418954669471,299.0
r1,20s+,decoder_layer1,initial_center_le1s,93,0.7684013923280575,0.47557742096656974,18.86981201171875,7.084190368652344,0.25715720743345055,282.0
r1,20s+,decoder_layer1,initial_center_le2s,184,0.8622097850441481,0.4279719857382822,16.17546844482422,6.938690185546875,0.2285829530181362,223.5
r1,20s+,decoder_layer2,all,3570,1.646862764221113,0.19289313218532464,8.67877197265625,24.449111938476562,0.036669185565080385,299.0
r1,20s+,decoder_layer2,initial_center_le1s,93,1.6164675202664018,0.21135428292410716,8.34228515625,9.8089599609375,0.15384341508914262,282.0
r1,20s+,decoder_layer2,initial_center_le2s,184,1.6359022102365848,0.19756610576923078,7.5806732177734375,8.546226501464844,0.15262483254457132,223.5
r1,20s+,final_span,all,3570,1.0814145156949913,0.34582718368512755,14.842891693115234,21.348953247070312,0.1234066345360317,299.0
r1,20s+,final_span,initial_center_le1s,93,1.0870463665256027,0.3613808768136161,13.557350158691406,6.033843994140625,0.2995191730493533,282.0
r1,20s+,final_span,initial_center_le2s,184,1.1598303402998575,0.31707375175074526,12.302780151367188,6.069278717041016,0.2661310392652895,223.5
r1,overall,initial,all,13470,2.3113401336350363,10.052174886067709,93.92501831054688,26.717742919921875,0.030157977810399018,240.0
r1,overall,initial,initial_center_le1s,476,2.2072281975597905,9.090790303548177,70.34921264648438,0.44521141052246094,0.09232334506456444,152.5
r1,overall,initial,initial_center_le2s,915,2.1479402762456585,8.539202690124512,69.31214904785156,0.9473114013671875,0.0931532847420844,157.0
r1,overall,decoder_layer1,all,13470,0.9386436078424871,1.6756179067823622,14.951908111572266,28.738426208496094,0.0,240.0
r1,overall,decoder_layer1,initial_center_le1s,476,0.6808133270818102,1.4340633816189237,11.17996597290039,5.8290863037109375,0.11759876225589014,152.5
r1,overall,decoder_layer1,initial_center_le2s,915,0.7406815211124965,1.4172897338867188,11.19317626953125,5.5816192626953125,0.12595685032277532,157.0
r1,overall,decoder_layer2,all,13470,0.9168337963663611,0.6809741973876953,5.9268646240234375,28.281414031982422,0.0,240.0
r1,overall,decoder_layer2,initial_center_le1s,476,0.8000522444186948,0.6007098903903714,4.893928527832031,7.534053802490234,0.0,152.5
r1,overall,decoder_layer2,initial_center_le2s,915,0.7996154194341925,0.5974197387695312,4.814666748046875,7.8621826171875,0.0,157.0
r1,overall,final_span,all,13470,0.8659257742327213,1.233104487827846,10.809349060058594,25.633697748184204,0.0,240.0
r1,overall,final_span,initial_center_le1s,476,0.6525371258479451,1.0626823425292968,8.802413940429688,4.746694564819336,0.17560531490237286,152.5
r1,overall,final_span,initial_center_le2s,915,0.6932768718566967,1.0548182896205358,8.5335693359375,4.613983154296875,0.16769751448235362,157.0
