top1_query_index,initial_gt_distance_sec,initial_hard_distance_sec,final_gt_distance_sec,final_hard_distance_sec,hard_distance_change_sec,gt_distance_change_sec,reference_attraction_flag,classification,reference_centers_sec,final_center_sec,final_width_gt_ratio,qid,vid,duration_bin,cohort,p3_location_failure,hard_peak_center_sec
7,53.339010179042816,28.339010179042816,44.5,19.5,-8.839010179042816,-8.839010179042816,True,begin_hard_and_remain,"[80.8390121459961, 72.00593566894531]",72.0,10.0,--0w1YA1Hm4_1,--0w1YA1Hm4,0-2s,harmful,0,52.5
2,146.0615410208702,77.43845897912979,220.5,3.0,-74.43845897912979,74.43845897912979,True,begin_hard_and_remain,"[220.06153869628906, 292.4451904296875]",294.5,1.75,--0w1YA1Hm4_2,--0w1YA1Hm4,2-5s,harmful,0,297.5
2,70.43845897912979,109.06154102087021,1.5,185.0,75.93845897912979,-68.93845897912979,False,approach_gt,"[220.06153869628906, 296.0770263671875]",296.0,3.0,--0w1YA1Hm4_3,--0w1YA1Hm4,2-5s,control,0,111.0
9,0.059641361236572266,1.0596413612365723,0.5,10.5,9.440358638763428,0.44035863876342773,False,approach_neither,"[15.440359115600586, 8.926047325134277]",6.0,1.3333333333333333,-FW109cbv0g_1,-FW109cbv0g,2-5s,control,0,16.5
7,4.454999923706055,1.4549999237060547,1.0,4.0,2.5450000762939453,-3.4549999237060547,False,approach_gt,"[25.954999923706055, 23.170156478881836]",20.5,1.0,-FW109cbv0g_3,-FW109cbv0g,2-5s,control,0,24.5
1,2.6122188568115234,27.887781143188477,6.5,22.0,-5.887781143188477,3.8877811431884766,False,approach_neither,"[42.887779235839844, 39.58799362182617]",37.0,2.0,-FW109cbv0g_4,-FW109cbv0g,2-5s,harmful,0,15.0
7,57.545000076293945,19.954999923706055,68.0,9.5,-10.454999923706055,10.454999923706055,True,begin_hard_and_remain,"[25.954999923706055, 16.935285568237305]",15.5,1.6666666666666667,-FW109cbv0g_5,-FW109cbv0g,2-5s,harmful,0,6.0
9,110.24887925386429,39.75112074613571,149.0,1.0,-38.75112074613571,38.75112074613571,True,begin_hard_and_remain,"[48.251121520996094, 14.507043838500977]",9.5,9.0,-NrFeH-kBSM_2,-NrFeH-kBSM,0-2s,control,0,8.5
9,151.7488792538643,43.25112074613571,189.0,6.0,-37.25112074613571,37.25112074613571,True,begin_hard_and_remain,"[48.251121520996094, 27.69631004333496]",11.0,2.5,-NrFeH-kBSM_4,-NrFeH-kBSM,2-5s,harmful,0,5.0
0,16.929729223251343,180.42972922325134,30.5,194.0,13.570270776748657,13.570270776748657,False,approach_neither,"[202.9297332763672, 223.51300048828125]",216.5,2.75,-mhFGevxLUg_3,-mhFGevxLUg,2-5s,control,1,22.5
9,14.038116410374641,20.53811641037464,8.0,1.5,-19.03811641037464,-6.038116410374641,True,begin_gt_move_hard,"[26.538116455078125, 7.5789055824279785]",4.5,7.0,-nQHwrRLfc0_2,-nQHwrRLfc0,0-2s,harmful,0,6.0
7,5.629166603088379,12.129166603088379,1.0,5.5,-6.629166603088379,-4.629166603088379,False,approach_gt,"[21.629165649414062, 15.925463676452637]",15.0,1.0,-oy0BkpMGAk_1,-oy0BkpMGAk,2-5s,control,0,9.5
3,14.041414260864258,34.45858573913574,3.5,45.0,10.541414260864258,-10.541414260864258,False,approach_gt,"[60.958587646484375, 72.83381652832031]",71.5,1.5,-oy0BkpMGAk_3,-oy0BkpMGAk,2-5s,control,1,26.5
9,49.752018079161644,17.247981920838356,68.5,1.5,-15.747981920838356,18.747981920838356,True,begin_hard_and_remain,"[20.747982025146484, 6.3965067863464355]",2.0,4.0,096oTVzc5Gs_4,096oTVzc5Gs,0-2s,control,0,3.5
9,25.66397589445114,11.663975894451141,2.0,12.0,0.33602410554885864,-23.66397589445114,False,approach_gt,"[27.663976669311523, 9.610668182373047]",4.0,2.0,0AsXkZkqelg_1,0AsXkZkqelg,2-5s,harmful,0,16.0
9,15.163975894451141,2.3360241055488586,1.5,16.0,13.663975894451141,-13.663975894451141,False,approach_gt,"[27.663976669311523, 11.651448249816895]",14.0,3.3333333333333335,0AsXkZkqelg_2,0AsXkZkqelg,2-5s,control,0,30.0
9,2.811061218380928,7.688938781619072,0.5,11.0,3.311061218380928,-2.311061218380928,False,approach_gt,"[9.811060905456543, 5.450455665588379]",6.5,1.5,0_K6OKtoBBU_1,0_K6OKtoBBU,2-5s,control,0,17.5
1,4.2516109347343445,8.251610934734344,0.5,3.5,-4.7516109347343445,-3.7516109347343445,False,approach_gt,"[27.251611709594727, 24.79769515991211]",22.5,1.5,0_K6OKtoBBU_3,0_K6OKtoBBU,2-5s,control,0,19.0
1,115.02431607246399,23.02431607246399,92.0,0.0,-23.02431607246399,-23.02431607246399,True,begin_hard_and_remain,"[134.02432250976562, 110.28667449951172]",111.0,2.5,0a9wVat2PWk_2,0a9wVat2PWk,2-5s,harmful,1,111.0
1,14.52431607246399,131.024316072464,0.0,108.5,-22.52431607246399,-14.52431607246399,False,approach_gt,"[134.02432250976562, 113.71602630615234]",111.5,3.0,0a9wVat2PWk_3,0a9wVat2PWk,2-5s,control,0,3.0
1,124.97568392753601,22.52431607246399,146.5,1.0,-21.52431607246399,21.52431607246399,True,begin_hard_and_remain,"[134.02432250976562, 114.29743194580078]",112.5,2.75,0a9wVat2PWk_4,0a9wVat2PWk,2-5s,harmful,0,111.5
9,33.25112074613571,154.2488792538643,7.0,180.5,26.25112074613571,-26.25112074613571,False,approach_gt,"[48.251121520996094, 32.77350997924805]",22.0,7.0,0fMXnvD38zI_1,0fMXnvD38zI,2-5s,control,1,202.5
7,34.667187571525574,13.332812428474426,34.5,13.5,0.16718757152557373,-0.16718757152557373,False,begin_hard_and_remain,"[24.332813262939453, 24.989334106445312]",24.5,4.75,0yETgW44MZU_2,0yETgW44MZU,2-5s,control,1,11.0
7,154.16098982095718,34.339010179042816,188.5,0.0,-34.339010179042816,34.339010179042816,True,begin_hard_and_remain,"[80.8390121459961, 53.167144775390625]",46.5,6.5,14izd_i3ryE_3,14izd_i3ryE,2-5s,harmful,1,46.5
9,1.5318387597799301,14.46816124022007,23.5,7.5,-6.96816124022007,21.96816124022007,True,begin_gt_move_hard,"[28.46816062927246, 7.844534873962402]",6.5,1.75,1FNJbN-eHY4_1,1FNJbN-eHY4,2-5s,harmful,1,14.0
9,44.25112074613571,25.25112074613571,14.0,5.0,-20.25112074613571,-30.25112074613571,True,begin_hard_and_remain,"[48.251121520996094, 16.398540496826172]",18.0,5.0,1GgEpRZDWN0_1,1GgEpRZDWN0,2-5s,harmful,1,23.0
5,86.16165900230408,131.16165900230408,121.5,166.5,35.33834099769592,35.33834099769592,False,approach_neither,"[156.16165161132812, 192.68008422851562]",191.5,9.5,1IoHRTUp86c_3,1IoHRTUp86c,2-5s,control,1,25.0
7,30.10937476158142,11.609374761581421,22.5,4.0,-7.609374761581421,-7.609374761581421,True,begin_hard_and_remain,"[81.109375, 72.5831069946289]",73.5,4.5,1Og2TJ3bXW0_1,1Og2TJ3bXW0,2-5s,control,1,69.5
7,20.60937476158142,7.109374761581421,13.0,0.5,-6.609374761581421,-7.609374761581421,True,begin_hard_and_remain,"[81.109375, 71.38583374023438]",73.5,1.6666666666666667,1Og2TJ3bXW0_2,1Og2TJ3bXW0,2-5s,harmful,1,74.0
7,48.89062523841858,15.609374761581421,57.5,7.0,-8.609374761581421,8.609374761581421,True,begin_hard_and_remain,"[81.109375, 65.91353607177734]",72.5,3.5,1Og2TJ3bXW0_4,1Og2TJ3bXW0,2-5s,control,0,65.5
0,38.92972922325134,75.92972922325134,32.0,69.0,-6.929729223251343,-6.929729223251343,False,approach_gt,"[202.9297332763672, 203.05799865722656]",196.0,5.0,1WTSW96XP6E_2,1WTSW96XP6E,2-5s,harmful,1,127.0
9,9.590283676981926,9.909716323018074,1.0,18.5,8.590283676981926,-8.590283676981926,False,approach_gt,"[48.09028244018555, 43.55337905883789]",39.5,7.666666666666667,1slvoNgzBLE_2,1slvoNgzBLE,2-5s,control,0,58.0
6,118.64908537268639,15.850914627313614,128.5,6.0,-9.850914627313614,9.850914627313614,True,begin_hard_and_remain,"[108.85091400146484, 107.18406677246094]",99.0,4.666666666666667,1slvoNgzBLE_4,1slvoNgzBLE,2-5s,control,1,93.0
4,0.736722469329834,13.236722469329834,13.5,1.0,-12.236722469329834,12.763277530670166,True,begin_gt_move_hard,"[173.76327514648438, 189.51097106933594]",188.0,3.3333333333333335,1vCYiVvZ7VE_1,1vCYiVvZ7VE,2-5s,control,1,187.0
4,6.236722469329834,20.736722469329834,2.0,5.5,-15.236722469329834,-4.236722469329834,False,approach_gt,"[173.76327514648438, 191.80679321289062]",189.0,4.0,1vCYiVvZ7VE_2,1vCYiVvZ7VE,2-5s,control,0,194.5
3,10.822474956512451,20.32247495651245,0.5,9.0,-11.322474956512451,-10.322474956512451,False,approach_gt,"[106.67752838134766, 117.87031555175781]",118.0,1.3333333333333333,27HIamF8pKo_1,27HIamF8pKo,2-5s,control,0,127.0
3,19.82247495651245,91.17752504348755,0.0,111.0,19.82247495651245,-19.82247495651245,False,approach_gt,"[106.67752838134766, 125.52426147460938]",126.5,13.0,27HIamF8pKo_3,27HIamF8pKo,0-2s,harmful,0,15.5
7,52.858020663261414,0.6419793367385864,54.0,0.5,-0.14197933673858643,1.1419793367385864,True,begin_hard_and_remain,"[57.8580207824707, 52.78528594970703]",59.0,5.0,2JutOgAnqWA_2,2JutOgAnqWA,2-5s,control,1,58.5
9,16.97503711283207,12.47503711283207,4.0,8.5,-3.9750371128320694,-12.97503711283207,False,approach_gt,"[37.47503662109375, 14.880919456481934]",16.5,2.3333333333333335,2KEfkDO6hlA_1,2KEfkDO6hlA,2-5s,control,1,25.0
8,1.4957962930202484,28.50420370697975,2.0,28.0,-0.5042037069797516,0.5042037069797516,False,approach_neither,"[65.50420379638672, 67.24600219726562]",65.0,1.5,2KR0C5ysO8o_1,2KR0C5ysO8o,2-5s,control,0,37.0
8,10.495796293020248,46.50420370697975,10.5,46.5,-0.004203706979751587,0.004203706979751587,False,approach_neither,"[65.50420379638672, 67.4183349609375]",65.5,2.5,2KR0C5ysO8o_2,2KR0C5ysO8o,2-5s,control,0,19.0
4,9.618648171424866,63.618648171424866,4.5,58.5,-5.118648171424866,-5.118648171424866,False,approach_gt,"[71.61864471435547, 71.79759979248047]",66.5,2.5,2RjqBRzmxaM_3,2RjqBRzmxaM,2-5s,control,1,8.0
5,30.700343370437622,21.200343370437622,8.5,1.0,-20.200343370437622,-22.200343370437622,True,begin_hard_and_remain,"[84.2996597290039, 107.52461242675781]",106.5,1.25,2RjqBRzmxaM_4,2RjqBRzmxaM,2-5s,control,0,105.5
7,13.515520930290222,7.484479069709778,20.0,1.0,-6.484479069709778,6.484479069709778,True,begin_hard_and_remain,"[32.98447799682617, 27.249601364135742]",26.5,12.5,2RjqBRzmxaM_5,2RjqBRzmxaM,2-5s,control,0,25.5
4,2.975608170032501,30.9756081700325,0.5,28.5,-2.475608170032501,-2.475608170032501,False,approach_gt,"[175.52439880371094, 188.39205932617188]",178.0,3.3333333333333335,2a6GNu6uCDE_3,2a6GNu6uCDE,2-5s,control,0,206.5
9,23.590283676981926,40.090283676981926,16.5,0.0,-40.090283676981926,-7.090283676981926,True,begin_gt_move_hard,"[48.09028244018555, 14.066648483276367]",8.0,10.0,3RultJjvTWI_2,3RultJjvTWI,0-2s,harmful,1,8.0
4,141.56322014331818,19.563220143318176,145.5,23.5,3.9367798566818237,3.9367798566818237,False,begin_hard_and_remain,"[142.06321716308594, 149.1173553466797]",146.0,14.0,3VHpLxtd498_1,3VHpLxtd498,0-2s,control,1,122.5
4,44.563220143318176,36.563220143318176,45.5,37.5,0.9367798566818237,0.9367798566818237,False,begin_hard_and_remain,"[142.06321716308594, 147.2723846435547]",143.0,12.0,3VHpLxtd498_3,3VHpLxtd498,0-2s,harmful,1,105.5
4,23.436779856681824,36.563220143318176,23.5,36.5,-0.06322014331817627,0.06322014331817627,False,approach_neither,"[142.06321716308594, 143.10935974121094]",142.0,5.333333333333333,3VHpLxtd498_4,3VHpLxtd498,2-5s,harmful,0,105.5
4,7.549799144268036,44.450200855731964,0.5,51.5,7.049799144268036,-7.049799144268036,False,approach_gt,"[110.95020294189453, 119.97415161132812]",118.0,3.3333333333333335,3qTL7QRk-tg_4,3qTL7QRk-tg,2-5s,control,0,66.5
5,6.513306140899658,3.513306140899658,0.5,3.5,-0.013306140899658203,-6.013306140899658,False,approach_gt,"[46.9866943359375, 54.648006439208984]",54.0,0.6666666666666666,3rna9zo5ZOs_2,3rna9zo5ZOs,2-5s,control,0,50.5
6,3.8367576897144318,19.16324231028557,1.5,11.5,-7.663242310285568,-2.3367576897144318,False,approach_gt,"[23.66324234008789, 18.033031463623047]",16.0,0.6666666666666666,3xDZ-kdGE3o_2,3xDZ-kdGE3o,2-5s,control,0,4.5
6,103.21496450901031,31.214964509010315,82.5,10.5,-20.714964509010315,-20.714964509010315,True,begin_hard_and_remain,"[109.2149658203125, 92.67997741699219]",88.5,7.5,473wBEwC35M_1,473wBEwC35M,2-5s,harmful,1,78.0
1,11.48249238729477,1.9824923872947693,11.5,2.0,0.017507612705230713,0.017507612705230713,False,begin_hard_and_remain,"[50.48249053955078, 52.513145446777344]",50.5,1.6666666666666667,4CAMv5nlr-0_1,4CAMv5nlr-0,2-5s,control,0,48.5
1,1.9824923872947693,11.48249238729477,3.0,12.5,1.0175076127052307,1.0175076127052307,False,approach_neither,"[50.48249053955078, 53.021644592285156]",51.5,1.0,4CAMv5nlr-0_2,4CAMv5nlr-0,2-5s,control,0,39.0
5,48.70576238632202,30.29423761367798,3.0,82.5,52.20576238632202,-45.70576238632202,False,approach_gt,"[207.2942352294922, 257.7112121582031]",259.5,3.0,4IeDBwyQ9ZQ_4,4IeDBwyQ9ZQ,2-5s,control,0,177.0
8,34.836838603019714,3.8368386030197144,31.5,0.5,-3.3368386030197144,-3.3368386030197144,True,begin_hard_and_remain,"[40.16316223144531, 45.367557525634766]",43.5,1.5,4UPOUGVMlEs_3,4UPOUGVMlEs,2-5s,harmful,0,44.0
5,11.93223524093628,59.43223524093628,42.5,90.0,30.56776475906372,30.56776475906372,False,approach_neither,"[135.43223571777344, 166.23269653320312]",166.0,8.0,4_DjmCg8Ra8_1,4_DjmCg8Ra8,0-2s,control,1,76.0
8,17.014719516038895,21.514719516038895,12.0,16.5,-5.014719516038895,-5.014719516038895,False,approach_gt,"[54.98527908325195, 61.178260803222656]",60.0,3.0,4ftDFi4684Y_1,4ftDFi4684Y,2-5s,control,1,76.5
9,46.25112074613571,36.75112074613571,8.0,1.5,-35.25112074613571,-38.25112074613571,True,begin_hard_and_remain,"[48.251121520996094, 19.819429397583008]",10.0,3.0,4fz0-Kx2oNs_1,4fz0-Kx2oNs,2-5s,control,1,11.5
9,85.74887925386429,32.25112074613571,124.5,6.5,-25.75112074613571,38.75112074613571,True,begin_hard_and_remain,"[48.251121520996094, 15.999252319335938]",9.5,7.5,4fz0-Kx2oNs_3,4fz0-Kx2oNs,2-5s,control,0,16.0
3,107.80223453044891,38.697765469551086,145.0,1.5,-37.197765469551086,37.197765469551086,True,begin_hard_and_remain,"[162.30223083496094, 199.50929260253906]",199.5,7.0,52IxrdTxGs4_2,52IxrdTxGs4,0-2s,harmful,0,201.0
4,69.03911525011063,14.960884749889374,85.5,1.5,-13.460884749889374,16.460884749889374,True,begin_hard_and_remain,"[125.03911590576172, 142.16139221191406]",141.5,4.5,52IxrdTxGs4_3,52IxrdTxGs4,2-5s,control,1,140.0
9,54.241704270243645,19.758295729756355,82.5,8.5,-11.258295729756355,28.258295729756355,True,begin_hard_and_remain,"[34.258296966552734, 14.846800804138184]",6.0,10.0,52IxrdTxGs4_4,52IxrdTxGs4,0-2s,harmful,0,14.5
5,105.98127484321594,34.01872515678406,143.5,3.5,-30.518725156784058,37.51872515678406,True,begin_hard_and_remain,"[169.9812774658203, 211.59365844726562]",207.5,2.25,5G6b_QWL3nY_3,5G6b_QWL3nY,2-5s,harmful,0,204.0
6,24.44372910261154,65.55627089738846,48.0,42.0,-23.55627089738846,23.55627089738846,True,begin_gt_move_hard,"[89.5562744140625, 70.77367401123047]",66.0,6.0,5G6b_QWL3nY_4,5G6b_QWL3nY,2-5s,control,1,24.0
9,219.40971632301807,15.090283676981926,237.5,3.0,-12.090283676981926,18.090283676981926,True,begin_hard_and_remain,"[48.09028244018555, 27.873340606689453]",30.0,14.0,5t6tSW0yT40_4,5t6tSW0yT40,0-2s,control,1,33.0
9,16.028101712465286,3.4718982875347137,21.5,2.0,-1.4718982875347137,5.471898287534714,True,begin_hard_and_remain,"[9.971898078918457, 5.459667205810547]",4.5,2.25,67BsqRkh-dU_2,67BsqRkh-dU,2-5s,control,0,6.5
7,11.5469269156456,17.5469269156456,1.5,4.5,-13.0469269156456,-10.0469269156456,False,approach_gt,"[57.04692840576172, 39.90774917602539]",44.0,4.0,6Nvu6EcpdE8_2,6Nvu6EcpdE8,0-2s,harmful,0,39.5
8,74.61396363377571,29.38603636622429,61.5,42.5,13.113963633775711,-13.113963633775711,False,begin_hard_and_remain,"[100.88603973388672, 115.99996948242188]",114.0,12.0,6Nvu6EcpdE8_3,6Nvu6EcpdE8,0-2s,harmful,1,71.5
5,12.734842777252197,42.2348427772522,0.5,11.5,-30.734842777252197,-12.234842777252197,False,approach_gt,"[102.2651596069336, 134.5164337158203]",133.0,1.0,6OlHuvJR_Dk_1,6OlHuvJR_Dk,2-5s,control,0,144.5
0,1.1139457821846008,24.1139457821846,0.5,28.0,3.886054217815399,-0.6139457821846008,False,approach_gt,"[65.61394500732422, 72.7840347290039]",69.5,1.0,6ZwYgzcN6Is_2,6ZwYgzcN6Is,2-5s,control,0,41.5
9,105.48281031847,1.9828103184700012,117.5,14.0,12.017189681529999,12.017189681529999,False,begin_hard_and_remain,"[22.517189025878906, 13.587360382080078]",10.5,2.25,6pssFJ0m-kU_3,6pssFJ0m-kU,2-5s,control,0,24.5
3,13.453232765197754,46.453232765197754,29.5,3.5,-42.953232765197754,16.046767234802246,True,begin_gt_move_hard,"[225.54676818847656, 270.571533203125]",268.5,6.5,7JWHbs3gu1w_1,7JWHbs3gu1w,2-5s,harmful,1,272.0
3,41.546767234802246,44.953232765197754,82.5,4.0,-40.953232765197754,40.953232765197754,True,begin_gt_move_hard,"[225.54676818847656, 264.36737060546875]",266.5,3.5,7JWHbs3gu1w_2,7JWHbs3gu1w,2-5s,control,0,270.5
7,78.16098982095718,37.339010179042816,100.5,15.0,-22.339010179042816,22.339010179042816,True,begin_hard_and_remain,"[80.8390121459961, 59.95262145996094]",58.5,6.5,7P0N61TVOxE_3,7P0N61TVOxE,2-5s,harmful,1,43.5
0,22.709621787071228,45.79037821292877,20.5,48.0,2.209621787071228,-2.209621787071228,False,approach_gt,"[66.29037475585938, 69.36396789550781]",68.5,4.5,7P6lcyeDKNI_1,7P6lcyeDKNI,2-5s,harmful,1,20.5
6,6.877185136079788,18.622814863920212,16.5,3.5,-15.122814863920212,9.622814863920212,True,begin_gt_move_hard,"[108.12281799316406, 96.8224868774414]",93.0,7.0,7XXSOzDQ2z0_2,7XXSOzDQ2z0,2-5s,control,1,89.5
8,4.994536489248276,116.99453648924828,4.5,116.5,-0.49453648924827576,-0.49453648924827576,False,approach_gt,"[142.00546264648438, 151.17005920410156]",142.5,2.75,7XXSOzDQ2z0_3,7XXSOzDQ2z0,2-5s,harmful,1,259.0
6,2.1632423102855682,3.8367576897144318,4.0,2.0,-1.8367576897144318,1.8367576897144318,True,begin_gt_move_hard,"[23.66324234008789, 26.548782348632812]",25.5,1.6666666666666667,7bO0AJI-ihs_1,7bO0AJI-ihs,2-5s,control,0,27.5
8,1.921363204717636,9.078636795282364,0.5,10.5,1.421363204717636,-1.421363204717636,False,approach_gt,"[31.078636169433594, 33.99577713012695]",32.5,1.25,7bO0AJI-ihs_2,7bO0AJI-ihs,2-5s,control,0,22.0
6,11.742921531200409,1.757078468799591,7.0,3.5,1.742921531200409,-4.742921531200409,False,begin_hard_and_remain,"[66.257080078125, 65.5895004272461]",61.0,2.0,7upINC4seBw_1,7upINC4seBw,2-5s,control,0,64.5
1,118.21550154685974,5.284498453140259,124.0,0.5,-4.784498453140259,5.784498453140259,True,begin_hard_and_remain,"[98.28450012207031, 97.64665985107422]",92.5,3.0,83j4GgHXTLE_1,83j4GgHXTLE,2-5s,harmful,0,93.0
9,4.090283676981926,19.590283676981926,4.5,14.5,-5.090283676981926,0.40971632301807404,False,approach_neither,"[48.09028244018555, 12.14006519317627]",14.0,4.0,8OTd45_6cvY_2,8OTd45_6cvY,2-5s,control,0,28.5
0,34.24670320749283,28.25329679250717,20.5,42.0,13.746703207492828,-13.746703207492828,False,approach_gt,"[202.2532958984375, 223.08786010742188]",216.0,2.5,8OTd45_6cvY_4,8OTd45_6cvY,2-5s,control,0,174.0
8,16.860389828681946,67.63961017131805,20.0,64.5,-3.139610171318054,3.139610171318054,False,approach_neither,"[128.1396026611328, 129.8670654296875]",125.0,9.0,8b9z7N25DmU_1,8b9z7N25DmU,2-5s,control,0,60.5
7,0.1093747615814209,29.10937476158142,3.0,3.0,-26.10937476158142,2.890625238418579,False,approach_neither,"[81.109375, 54.342140197753906]",55.0,3.0,8o-Y4QP8LWs_2,8o-Y4QP8LWs,2-5s,harmful,1,52.0
4,9.524391829967499,143.0243918299675,0.5,134.0,-9.024391829967499,-9.024391829967499,False,approach_gt,"[175.52439880371094, 173.95863342285156]",166.5,2.5,8ycflE3dIHw_2,8ycflE3dIHw,2-5s,control,0,32.5
9,7.097757771611214,10.097757771611214,1.5,4.5,-5.597757771611214,-5.597757771611214,False,approach_gt,"[11.097757339477539, 7.959207534790039]",5.5,1.75,9F3sutgYTvo_1,9F3sutgYTvo,2-5s,control,0,1.0
4,5.494371116161346,21.005628883838654,7.0,19.5,-1.5056288838386536,1.5056288838386536,False,approach_neither,"[40.50563049316406, 41.17249298095703]",39.0,3.0,9F3sutgYTvo_2,9F3sutgYTvo,2-5s,harmful,0,19.5
8,10.920103400945663,11.920103400945663,0.5,0.5,-11.420103400945663,-10.420103400945663,False,approach_gt,"[107.57989501953125, 114.56397247314453]",119.0,4.0,9dLLsZVRSZI_1,9dLLsZVRSZI,0-2s,harmful,0,119.5
9,16.720777541399002,5.779222458600998,39.0,16.5,10.720777541399002,22.279222458600998,False,begin_hard_and_remain,"[38.27922058105469, 19.724964141845703]",16.0,5.0,9ucb5HYO8ps_2,9ucb5HYO8ps,2-5s,harmful,0,32.5
0,0.8574056029319763,11.357405602931976,0.5,10.0,-1.3574056029319763,-0.3574056029319763,False,approach_gt,"[79.14259338378906, 78.2411880493164]",80.5,1.5,9vZDsGjyh5M_1,9vZDsGjyh5M,2-5s,harmful,0,90.5
9,73.04588961601257,22.954110383987427,96.0,0.0,-22.954110383987427,22.954110383987427,True,begin_hard_and_remain,"[33.45410919189453, 15.545953750610352]",10.5,8.5,9z2OwpftxUE_2,9z2OwpftxUE,2-5s,harmful,1,10.5
9,6.269506871700287,18.230493128299713,24.5,0.0,-18.230493128299713,18.230493128299713,True,begin_gt_move_hard,"[21.230493545532227, 7.767388343811035]",3.0,4.0,A61Mry8zBwE_1,A61Mry8zBwE,0-2s,control,1,3.0
7,1.575260579586029,22.92473942041397,17.5,7.0,-15.924739420413971,15.924739420413971,True,begin_gt_move_hard,"[55.424739837646484, 44.396766662597656]",39.5,10.5,AI1OweEW8C0_1,AI1OweEW8C0,2-5s,control,1,32.5
9,112.02840082347393,17.97159917652607,129.5,0.5,-17.47159917652607,17.47159917652607,True,begin_hard_and_remain,"[32.97159957885742, 18.37092399597168]",15.5,13.5,AI1OweEW8C0_2,AI1OweEW8C0,2-5s,control,1,15.0
5,27.537208914756775,17.037208914756775,9.0,1.5,-15.537208914756775,-18.537208914756775,True,begin_hard_and_remain,"[79.4627914428711, 98.6845703125]",98.0,2.0,AKHZMg9ba30_2,AKHZMg9ba30,2-5s,control,1,96.5
9,17.625560373067856,21.125560373067856,0.0,3.5,-17.625560373067856,-17.625560373067856,False,approach_gt,"[24.125560760498047, 5.829520225524902]",6.5,5.0,Aj_VMUSNjNM_2,Aj_VMUSNjNM,0-2s,control,0,3.0
9,20.230493128299713,109.76950687170029,0.5,129.5,19.730493128299713,-19.730493128299713,False,approach_gt,"[21.230493545532227, 6.208682537078857]",1.5,1.5,AtkD-3GjXMw_1,AtkD-3GjXMw,2-5s,harmful,0,131.0
9,99.05650253593922,15.443497464060783,126.0,11.5,-3.9434974640607834,26.943497464060783,True,begin_hard_and_remain,"[42.94349670410156, 17.807518005371094]",16.0,4.0,Axd__X2rixk_1,Axd__X2rixk,2-5s,harmful,1,27.5
7,7.696666717529297,14.303333282470703,0.5,5.5,-8.803333282470703,-7.196666717529297,False,approach_gt,"[17.303333282470703, 11.143470764160156]",8.5,1.75,BA-lFjpzad4_1,BA-lFjpzad4,2-5s,control,0,3.0
9,2.206427574157715,4.793572425842285,9.5,2.5,-2.293572425842285,7.293572425842285,True,begin_gt_move_hard,"[10.293572425842285, 5.020209312438965]",3.0,4.0,BA-lFjpzad4_2,BA-lFjpzad4,0-2s,harmful,0,5.5
9,3.206427574157715,1.7935724258422852,10.0,5.0,3.206427574157715,6.793572425842285,False,begin_hard_and_remain,"[10.293572425842285, 4.850843906402588]",3.5,1.0,BA-lFjpzad4_3,BA-lFjpzad4,2-5s,control,0,8.5
7,12.696666717529297,11.803333282470703,21.5,3.0,-8.803333282470703,8.803333282470703,True,begin_hard_and_remain,"[17.303333282470703, 11.642827033996582]",8.5,3.5,BA-lFjpzad4_4,BA-lFjpzad4,2-5s,control,0,5.5
9,37.387593150138855,11.387593150138855,23.0,3.0,-8.387593150138855,-14.387593150138855,True,begin_hard_and_remain,"[39.88759231567383, 22.407291412353516]",25.5,13.0,BDpU2Qh77NE_1,BDpU2Qh77NE,0-2s,harmful,1,28.5
9,42.112406849861145,1.387593150138855,51.0,7.5,6.112406849861145,8.887593150138855,False,begin_hard_and_remain,"[39.88759231567383, 28.03985595703125]",31.0,4.0,BDpU2Qh77NE_3,BDpU2Qh77NE,2-5s,control,0,38.5
9,37.409716323018074,38.909716323018074,73.5,75.0,36.090283676981926,36.090283676981926,False,approach_neither,"[48.09028244018555, 16.80189323425293]",12.0,10.0,BL8ksJ0sTXk_3,BL8ksJ0sTXk,0-2s,harmful,1,87.0
4,7.7983532547950745,33.201646745204926,9.5,31.5,-1.7016467452049255,1.7016467452049255,False,approach_neither,"[113.29835510253906, 116.76966094970703]",115.0,4.0,BMayJId0X1s_1,BMayJId0X1s,2-5s,harmful,0,146.5
4,123.9756081700325,10.475608170032501,116.0,2.5,-7.975608170032501,-7.975608170032501,True,begin_hard_and_remain,"[175.52439880371094, 182.36952209472656]",183.5,13.0,BUAPM4D3-h8_2,BUAPM4D3-h8,0-2s,control,1,186.0
9,37.565919011831284,39.065919011831284,3.5,5.0,-34.065919011831284,-34.065919011831284,False,approach_gt,"[39.56591796875, 12.269530296325684]",5.5,4.5,Ba92IrXFvJo_1,Ba92IrXFvJo,2-5s,control,1,0.5
1,81.94316112995148,25.556838870048523,109.5,2.0,-23.556838870048523,27.556838870048523,True,begin_hard_and_remain,"[129.5568389892578, 112.79071807861328]",102.0,2.6666666666666665,Bvw2gv1fcZw_2,Bvw2gv1fcZw,2-5s,control,0,104.0
1,109.24802434444427,18.251975655555725,122.0,5.5,-12.751975655555725,12.751975655555725,True,begin_hard_and_remain,"[102.7519760131836, 95.16738891601562]",90.0,6.0,BzHTqyX69pI_2,BzHTqyX69pI,2-5s,control,1,84.5
6,2.740059345960617,28.259940654039383,6.5,24.5,-3.759940654039383,3.759940654039383,False,approach_neither,"[28.75994110107422, 25.70079803466797]",25.0,4.0,C5kmOK_l4jc_1,C5kmOK_l4jc,0-2s,control,0,0.5
9,0.40971632301807404,31.090283676981926,4.0,4.5,-26.590283676981926,3.590283676981926,False,approach_neither,"[48.09028244018555, 17.215896606445312]",12.5,1.75,C8kR19NvynA_1,C8kR19NvynA,2-5s,control,0,17.0
9,12.076531931757927,25.076531931757927,11.5,1.5,-23.576531931757927,-0.5765319317579269,True,begin_gt_move_hard,"[30.0765323638916, 15.230219841003418]",6.5,2.75,CO6-i8NLbeo_1,CO6-i8NLbeo,2-5s,harmful,0,5.0
1,2.54182368516922,29.04182368516922,0.5,20.0,-9.04182368516922,-2.04182368516922,False,approach_gt,"[83.54182434082031, 72.3852767944336]",74.5,1.6666666666666667,CO6-i8NLbeo_2,CO6-i8NLbeo,2-5s,control,0,54.5
9,7.150224149227142,9.150224149227142,0.5,1.5,-7.650224149227142,-6.650224149227142,False,approach_gt,"[9.650223731994629, 3.4530563354492188]",2.0,1.3333333333333333,Cbe2B6ohBpw_1,Cbe2B6ohBpw,2-5s,control,0,0.5
9,20.349775850772858,3.8497758507728577,26.5,10.0,6.150224149227142,6.150224149227142,False,begin_hard_and_remain,"[9.650223731994629, 4.203575134277344]",3.5,1.5,Cbe2B6ohBpw_2,Cbe2B6ohBpw,2-5s,control,0,13.5
1,20.922431647777557,116.07756835222244,31.5,105.5,-10.577568352222443,10.577568352222443,False,approach_neither,"[133.57757568359375, 125.11319732666016]",123.0,10.0,CefFMA3klxk_1,CefFMA3klxk,0-2s,harmful,1,17.5
1,39.42243164777756,12.577568352222443,59.0,7.0,-5.577568352222443,19.577568352222443,True,begin_hard_and_remain,"[133.57757568359375, 115.44275665283203]",114.0,6.0,CefFMA3klxk_3,CefFMA3klxk,2-5s,harmful,1,121.0
7,8.839010179042816,0.6609898209571838,8.0,18.5,17.839010179042816,-0.8390101790428162,False,approach_gt,"[80.8390121459961, 67.01876068115234]",63.0,2.0,CvNAwby6Xos_1,CvNAwby6Xos,2-5s,harmful,1,81.5
8,4.038270741701126,87.46172925829887,1.5,96.5,9.038270741701126,-2.538270741701126,False,approach_gt,"[142.96173095703125, 160.25796508789062]",152.0,4.0,D2Xc_jZllDY_2,D2Xc_jZllDY,2-5s,control,0,55.5
9,59.75889395177364,4.2411060482263565,68.5,4.5,0.2588939517736435,8.741106048226357,False,begin_hard_and_remain,"[11.741106033325195, 4.150468349456787]",3.0,1.3333333333333333,Dc2WEiRk0rA_2,Dc2WEiRk0rA,2-5s,control,0,7.5
5,76.58082950115204,15.080829501152039,93.5,32.0,16.91917049884796,16.91917049884796,False,begin_hard_and_remain,"[78.08082580566406, 94.23480224609375]",95.0,6.666666666666667,DjKGzOe_COc_1,DjKGzOe_COc,2-5s,control,1,63.0
4,13.116771876811981,9.116771876811981,11.5,7.5,-1.6167718768119812,-1.6167718768119812,True,begin_hard_and_remain,"[58.11677169799805, 60.92326354980469]",56.5,1.5,Dn3buZWMzwY_1,Dn3buZWMzwY,2-5s,control,0,49.0
3,11.063750147819519,22.06375014781952,4.5,6.5,-15.563750147819519,-6.563750147819519,False,approach_gt,"[75.43624877929688, 92.4686279296875]",91.0,6.0,Dn3buZWMzwY_2,Dn3buZWMzwY,0-2s,control,0,97.5
3,12.063750147819519,10.063750147819519,3.0,5.0,-5.063750147819519,-9.063750147819519,False,approach_gt,"[75.43624877929688, 91.49018859863281]",90.5,9.0,Dn3buZWMzwY_3,Dn3buZWMzwY,0-2s,control,0,85.5
6,10.040938287973404,14.540938287973404,1.5,6.0,-8.540938287973404,-8.540938287973404,False,approach_gt,"[36.04093933105469, 30.919544219970703]",27.5,8.5,Dn3buZWMzwY_4,Dn3buZWMzwY,2-5s,harmful,0,21.5
3,36.10679316520691,31.60679316520691,3.0,1.5,-30.10679316520691,-33.10679316520691,True,begin_hard_and_remain,"[120.39320373535156, 151.63568115234375]",153.5,1.6666666666666667,E3D_z0aoUEg_4,E3D_z0aoUEg,2-5s,harmful,0,152.0
9,3.8497758507728577,6.150224149227142,12.0,2.0,-4.150224149227142,8.150224149227142,True,begin_gt_move_hard,"[9.650223731994629, 3.260965347290039]",1.5,1.5,E3Q1jfTeuWs_1,E3Q1jfTeuWs,2-5s,control,1,3.5
9,20.349775850772858,7.650224149227142,28.5,0.5,-7.150224149227142,8.150224149227142,True,begin_hard_and_remain,"[9.650223731994629, 3.282177448272705]",1.5,1.5,E3Q1jfTeuWs_2,E3Q1jfTeuWs,2-5s,control,0,2.0
9,69.90971632301807,22.090283676981926,113.0,21.0,-1.090283676981926,43.090283676981926,True,begin_hard_and_remain,"[48.09028244018555, 13.17426586151123]",5.0,5.0,ECw5Yf7QoMo_3,ECw5Yf7QoMo,2-5s,harmful,1,26.0
1,16.577568352222443,13.577568352222443,1.5,4.5,-9.077568352222443,-15.077568352222443,False,approach_gt,"[133.57757568359375, 121.13255310058594]",115.5,3.75,ESjMIqrvRj4_2,ESjMIqrvRj4,2-5s,control,0,120.0
8,55.538270741701126,25.538270741701126,42.5,12.5,-13.038270741701126,-13.038270741701126,True,begin_hard_and_remain,"[142.96173095703125, 158.52249145507812]",156.0,12.0,ESjMIqrvRj4_5,ESjMIqrvRj4,0-2s,control,0,168.5
9,15.461883589625359,6.961883589625359,30.5,22.0,15.038116410374641,15.038116410374641,False,begin_hard_and_remain,"[26.538116455078125, 13.050623893737793]",11.5,4.25,EUZaxaWqhwg_1,EUZaxaWqhwg,2-5s,control,1,33.5
6,21.844168573617935,40.155831426382065,35.0,27.0,-13.155831426382065,13.155831426382065,True,begin_gt_move_hard,"[57.15583038330078, 50.589569091796875]",44.0,5.0,EcihYbSlyck_3,EcihYbSlyck,2-5s,harmful,1,17.0
5,143.60596632957458,25.394033670425415,167.0,2.0,-23.394033670425415,23.394033670425415,True,begin_hard_and_remain,"[145.10597229003906, 175.3424835205078]",168.5,5.0,ErxgH5g3Kx0_1,ErxgH5g3Kx0,0-2s,control,1,170.5
6,29.45047515630722,33.54952484369278,22.5,40.5,6.9504751563072205,-6.9504751563072205,False,approach_gt,"[76.45047760009766, 77.66763305664062]",69.5,3.5,ErxgH5g3Kx0_2,ErxgH5g3Kx0,2-5s,harmful,0,110.0
9,4.737369000911713,0.26263099908828735,5.0,10.0,9.737369000911713,0.26263099908828735,False,approach_neither,"[30.237369537353516, 18.5750732421875]",20.5,1.6666666666666667,EzWEO2WD_MM_1,EzWEO2WD_MM,2-5s,control,1,30.5
5,5.595611095428467,39.90438890457153,5.5,51.0,11.095611095428467,-0.0956110954284668,False,approach_gt,"[129.90438842773438, 141.98953247070312]",141.0,28.666666666666668,EzWEO2WD_MM_2,EzWEO2WD_MM,2-5s,control,0,90.0
7,0.38635432720184326,61.88635432720184,2.0,59.5,-2.3863543272018433,1.6136456727981567,False,approach_neither,"[54.6136474609375, 52.92692565917969]",57.0,2.0,FDwK7T1JO_0_2,FDwK7T1JO_0,2-5s,control,0,116.5
9,249.90971632301807,15.590283676981926,266.5,1.0,-14.590283676981926,16.590283676981926,True,begin_hard_and_remain,"[48.09028244018555, 36.5126953125]",31.5,11.25,FR7BDRhMATo_2,FR7BDRhMATo,2-5s,control,1,32.5
1,32.57756835222244,23.077568352222443,3.0,6.5,-16.577568352222443,-29.577568352222443,False,approach_gt,"[133.57757568359375, 113.9256591796875]",104.0,2.5,FXdoNvmrYxo_2,FXdoNvmrYxo,2-5s,harmful,0,110.5
9,46.090283676981926,27.090283676981926,13.0,6.0,-21.090283676981926,-33.090283676981926,True,begin_hard_and_remain,"[48.09028244018555, 20.368364334106445]",15.0,7.0,Flk-X0gwjF4_1,Flk-X0gwjF4,2-5s,control,1,21.0
9,143.40971632301807,24.090283676981926,177.0,9.5,-14.590283676981926,33.590283676981926,True,begin_hard_and_remain,"[48.09028244018555, 17.080690383911133]",14.5,9.0,G3YO2unWz7k_1,G3YO2unWz7k,0-2s,control,1,24.0
7,14.421249866485596,5.421249866485596,1.5,7.5,2.0787501335144043,-12.921249866485596,False,approach_gt,"[45.42124938964844, 32.005516052246094]",32.5,2.5,GGgQR7aIofY_1,GGgQR7aIofY,2-5s,control,0,40.0
6,28.339619874954224,1.8396198749542236,48.0,21.5,19.660380125045776,19.660380125045776,False,begin_hard_and_remain,"[61.16038131713867, 44.986934661865234]",41.5,2.3333333333333335,GGgQR7aIofY_3,GGgQR7aIofY,2-5s,harmful,1,63.0
3,0.20428049564361572,22.204280495643616,17.0,5.0,-17.204280495643616,16.795719504356384,True,begin_gt_move_hard,"[98.29572296142578, 117.8899154663086]",115.5,2.3333333333333335,GOD8Bt5LfDE_2,GOD8Bt5LfDE,2-5s,harmful,1,120.5
5,16.86347782611847,82.13652217388153,5.0,104.0,21.86347782611847,-11.86347782611847,False,approach_gt,"[89.13652038574219, 109.1461410522461]",111.0,2.0,GOD8Bt5LfDE_3,GOD8Bt5LfDE,2-5s,control,1,7.0
3,35.332714200019836,68.66728579998016,81.0,23.0,-45.667285799980164,45.667285799980164,True,begin_gt_move_hard,"[227.8327178955078, 272.5638427734375]",273.5,4.333333333333333,Gkb4f6yodPE_2,Gkb4f6yodPE,2-5s,harmful,1,296.5
9,8.04215256869793,4.457847431302071,12.0,0.5,-3.9578474313020706,3.9578474313020706,True,begin_hard_and_remain,"[14.957847595214844, 10.972512245178223]",11.0,5.5,H7-orYrKBeo_1,H7-orYrKBeo,2-5s,control,1,10.5
9,42.590283676981926,34.590283676981926,2.5,5.5,-29.090283676981926,-40.090283676981926,False,approach_gt,"[48.09028244018555, 20.978130340576172]",8.0,3.3333333333333335,H7rd9bZtbgc_1,H7rd9bZtbgc,2-5s,control,1,13.5
5,103.10325682163239,65.60325682163239,110.0,72.5,6.896743178367615,6.896743178367615,False,begin_hard_and_remain,"[206.60325622558594, 217.08363342285156]",213.5,155.0,H7rd9bZtbgc_2,H7rd9bZtbgc,0-2s,control,1,141.0
1,9.567902743816376,22.432097256183624,13.5,18.5,-3.9320972561836243,3.9320972561836243,False,approach_neither,"[29.932096481323242, 27.13727378845215]",26.0,4.0,HVz-FJBf_iM_1,HVz-FJBf_iM,0-2s,control,0,7.5
9,3.4612853676080704,3.5387146323919296,2.0,18.0,14.46128536760807,-1.4612853676080704,False,approach_gt,"[19.461284637451172, 9.444133758544922]",5.0,2.0,HdPSebdDxe4_1,HdPSebdDxe4,2-5s,control,0,23.0
9,93.53871463239193,16.46128536760807,110.5,0.5,-15.96128536760807,16.96128536760807,True,begin_hard_and_remain,"[19.461284637451172, 4.988505840301514]",2.5,0.75,HdPSebdDxe4_4,HdPSebdDxe4,2-5s,control,0,3.0
9,100.90971632301807,26.090283676981926,145.5,18.5,-7.590283676981926,44.590283676981926,True,begin_hard_and_remain,"[48.09028244018555, 20.64181137084961]",3.5,3.5,Hdxfbpnd2-8_3,Hdxfbpnd2-8,2-5s,harmful,1,22.0
0,42.75329679250717,149.25329679250717,58.5,165.0,15.746703207492828,15.746703207492828,False,approach_neither,"[202.2532958984375, 223.19764709472656]",218.0,12.0,Hdxfbpnd2-8_4,Hdxfbpnd2-8,0-2s,harmful,0,53.0
9,167.90971632301807,21.590283676981926,188.0,1.5,-20.090283676981926,20.090283676981926,True,begin_hard_and_remain,"[48.09028244018555, 31.02999496459961]",28.0,14.0,HxZADVzNIqs_2,HxZADVzNIqs,2-5s,control,1,26.5
3,6.332714200019836,214.83271420001984,59.5,268.0,53.167285799980164,53.167285799980164,False,approach_neither,"[227.8327178955078, 280.7185974121094]",281.0,8.666666666666666,HxZADVzNIqs_3,HxZADVzNIqs,2-5s,control,1,13.0
9,158.720777541399,12.779222458600998,173.5,2.0,-10.779222458600998,14.779222458600998,True,begin_hard_and_remain,"[38.27922058105469, 25.575090408325195]",23.5,9.25,I4HpYGMMsz4_1,I4HpYGMMsz4,2-5s,harmful,1,25.5
6,15.91357472538948,5.413574725389481,9.5,1.0,-4.413574725389481,-6.413574725389481,True,begin_hard_and_remain,"[76.08642578125, 81.7101058959961]",82.5,3.5,IJ6pm5Kns8A_1,IJ6pm5Kns8A,2-5s,harmful,1,81.5
5,29.41498553752899,38.91498553752899,1.0,67.5,28.58501446247101,-28.41498553752899,False,approach_gt,"[144.41497802734375, 176.41732788085938]",173.0,3.0,IJ6pm5Kns8A_2,IJ6pm5Kns8A,2-5s,control,0,105.5
1,73.13580548763275,7.3641945123672485,82.5,2.0,-5.3641945123672485,9.364194512367249,True,begin_hard_and_remain,"[59.864192962646484, 55.5602912902832]",50.5,2.5,IsUG5SKWNZA_2,IsUG5SKWNZA,2-5s,harmful,0,52.5
8,4.501259803771973,42.00125980377197,1.0,46.5,4.498740196228027,-3.5012598037719727,False,approach_gt,"[76.50125885009766, 84.12348937988281]",81.0,3.0,ItS07xtdi4s_3,ItS07xtdi4s,2-5s,control,0,34.5
0,44.72918891906738,26.229188919067383,38.5,20.0,-6.229188919067383,-6.229188919067383,True,begin_hard_and_remain,"[108.22918701171875, 108.13055419921875]",102.0,4.0,ItS07xtdi4s_5,ItS07xtdi4s,0-2s,harmful,0,82.0
0,63.37437802553177,49.37437802553177,61.5,47.5,-1.8743780255317688,-1.8743780255317688,True,begin_hard_and_remain,"[141.37437438964844, 147.53622436523438]",139.5,7.5,JC2ZrXzCX4Y_2,JC2ZrXzCX4Y,2-5s,control,1,92.0
9,0.3463379144668579,3.846337914466858,6.5,10.0,6.153662085533142,6.153662085533142,False,approach_neither,"[14.153661727905273, 9.888429641723633]",8.0,3.3333333333333335,JZloTOdIY_c_3,JZloTOdIY_c,2-5s,harmful,1,18.0
9,20.25112074613571,35.25112074613571,17.0,2.0,-33.25112074613571,-3.2511207461357117,True,begin_gt_move_hard,"[48.251121520996094, 14.445428848266602]",11.0,4.5,JmWaRt8-u0s_1,JmWaRt8-u0s,2-5s,harmful,1,13.0
3,8.731502652168274,17.231502652168274,8.0,0.5,-16.731502652168274,-0.7315026521682739,True,begin_gt_move_hard,"[64.76849365234375, 81.50208282470703]",81.5,1.0,K-7Y8yhcUiw_3,K-7Y8yhcUiw,2-5s,harmful,1,82.0
9,1.580568090081215,2.419431909918785,1.0,1.0,-1.419431909918785,-0.5805680900812149,False,approach_gt,"[11.419431686401367, 8.8518648147583]",8.0,3.3333333333333335,K03ydb1uaoQ_1,K03ydb1uaoQ,2-5s,control,0,9.0
1,26.014650464057922,16.985349535942078,23.5,12.0,-4.985349535942078,-2.5146504640579224,True,begin_hard_and_remain,"[29.485349655151367, 26.6103458404541]",24.5,1.5,KJhGuhNHToA_1,KJhGuhNHToA,2-5s,control,1,12.5
6,11.52729219198227,22.52729219198227,11.5,22.5,-0.027292191982269287,-0.027292191982269287,False,approach_gt,"[24.027292251586914, 23.02519416809082]",24.0,2.0,KJhGuhNHToA_2,KJhGuhNHToA,2-5s,control,0,1.5
0,4.144540429115295,11.355459570884705,8.5,7.0,-4.355459570884705,4.355459570884705,True,begin_gt_move_hard,"[44.64453887939453, 49.29815673828125]",49.0,1.3333333333333333,KJhGuhNHToA_4,KJhGuhNHToA,2-5s,control,0,56.0
7,13.854531109333038,7.145468890666962,0.5,21.5,14.354531109333038,-13.354531109333038,False,approach_gt,"[47.854530334472656, 34.00204086303711]",33.5,1.25,K_Vre_-4KqU_2,K_Vre_-4KqU,2-5s,control,0,55.0
6,31.984667390584946,4.015332609415054,34.5,1.5,-2.5153326094150543,2.5153326094150543,True,begin_hard_and_remain,"[53.51533126831055, 46.421875]",51.0,4.0,Kel-hfZ_9h8_4,Kel-hfZ_9h8,0-2s,harmful,1,49.5
9,13.590283676981926,46.590283676981926,26.0,7.0,-39.590283676981926,12.409716323018074,True,begin_gt_move_hard,"[48.09028244018555, 13.404205322265625]",8.5,9.0,KnsKf9KoNds_1,KnsKf9KoNds,0-2s,harmful,1,1.5
6,32.649085372686386,21.850914627313614,60.5,6.0,-15.850914627313614,27.850914627313614,True,begin_hard_and_remain,"[108.85091400146484, 91.95256805419922]",81.0,3.3333333333333335,KnsKf9KoNds_2,KnsKf9KoNds,2-5s,control,1,87.0
9,16.91569486260414,153.58430513739586,1.5,172.0,18.41569486260414,-15.415694862604141,False,approach_gt,"[29.915695190429688, 11.223323822021484]",11.5,1.25,KvrcRMfFzOE_1,KvrcRMfFzOE,2-5s,harmful,0,183.5
9,17.695515543222427,19.695515543222427,2.0,4.0,-15.695515543222427,-15.695515543222427,False,approach_gt,"[22.195514678955078, 7.532512664794922]",6.5,3.5,LB6CZ0x-kns_1,LB6CZ0x-kns,2-5s,control,0,2.5
7,71.89062523841858,42.60937476158142,101.0,13.5,-29.10937476158142,29.10937476158142,True,begin_hard_and_remain,"[81.109375, 54.289344787597656]",52.0,3.5,LCwSUVuTyvg_2,LCwSUVuTyvg,2-5s,harmful,0,38.5
6,10.714964509010315,13.285035490989685,6.5,30.5,17.214964509010315,-4.214964509010315,False,approach_gt,"[109.2149658203125, 94.72262573242188]",92.0,12.0,LP_DzNUkAKY_1,LP_DzNUkAKY,0-2s,harmful,0,122.5
0,10.570270776748657,79.92972922325134,3.5,94.0,14.070270776748657,-7.070270776748657,False,approach_gt,"[202.9297332763672, 225.20945739746094]",217.0,2.5,LP_DzNUkAKY_2,LP_DzNUkAKY,2-5s,harmful,0,123.0
0,64.87372934818268,21.626270651817322,81.0,5.5,-16.126270651817322,16.126270651817322,True,begin_hard_and_remain,"[152.8737335205078, 169.67799377441406]",169.0,3.3333333333333335,LVvS3s9dFKw_2,LVvS3s9dFKw,2-5s,harmful,1,174.5
5,16.161659002304077,140.66165900230408,47.0,171.5,30.838340997695923,30.838340997695923,False,approach_neither,"[156.16165161132812, 191.4626007080078]",187.0,5.0,LVvS3s9dFKw_3,LVvS3s9dFKw,2-5s,control,1,15.5
8,20.166529595851898,40.3334704041481,0.0,60.5,20.166529595851898,-20.166529595851898,False,approach_gt,"[134.83346557617188, 156.09324645996094]",155.0,5.0,LvMA1Wcgu3w_1,LvMA1Wcgu3w,2-5s,harmful,0,94.5
9,4.188938781619072,8.811061218380928,1.0,1.5,-7.311061218380928,-3.188938781619072,False,approach_gt,"[9.811060905456543, 3.7342214584350586]",2.5,1.6666666666666667,MBP4RcnwGZw_1,MBP4RcnwGZw,2-5s,control,0,1.0
6,66.28503549098969,26.785035490989685,66.5,27.0,0.21496450901031494,0.21496450901031494,False,begin_hard_and_remain,"[109.2149658203125, 111.55677795410156]",109.0,32.0,MPLZUg89y5U_2,MPLZUg89y5U,0-2s,control,1,136.0
6,104.43463170528412,36.56536829471588,111.0,30.0,-6.565368294715881,6.565368294715881,True,begin_hard_and_remain,"[97.56536865234375, 98.03633880615234]",91.0,5.0,MVGhC-xB79s_2,MVGhC-xB79s,2-5s,control,1,61.0
9,25.699551701545715,8.300448298454285,36.5,2.5,-5.800448298454285,10.800448298454285,True,begin_hard_and_remain,"[19.300447463989258, 7.97123908996582]",8.5,1.5,MdlEswBfZMQ_2,MdlEswBfZMQ,2-5s,control,1,11.0
9,72.07713015377522,9.922869846224785,85.5,3.5,-6.422869846224785,13.422869846224785,True,begin_hard_and_remain,"[15.922869682312012, 5.419920921325684]",2.5,2.5,MkbP_8zJwXU_2,MkbP_8zJwXU,2-5s,harmful,0,6.0
0,0.4674593210220337,37.467459321022034,0.5,42.5,5.032540678977966,0.03254067897796631,False,approach_neither,"[55.46746063232422, 60.09914779663086]",60.5,1.5,MvHpNzDpC6Q_1,MvHpNzDpC6Q,2-5s,control,0,18.0
0,1.2532967925071716,101.25329679250717,10.0,111.5,10.246703207492828,8.746703207492828,False,approach_neither,"[202.2532958984375, 218.7555389404297]",212.5,3.0,N_s9F4CI_98_2,N_s9F4CI_98,2-5s,control,0,101.0
9,52.91285514831543,20.08714485168457,64.5,8.5,-11.58714485168457,11.58714485168457,True,begin_hard_and_remain,"[20.58714485168457, 15.004779815673828]",9.0,6.0,NeWW30WZjPc_1,NeWW30WZjPc,0-2s,control,1,0.5
9,37.590283676981926,27.090283676981926,8.0,2.5,-24.590283676981926,-29.590283676981926,True,begin_hard_and_remain,"[48.09028244018555, 25.938444137573242]",18.5,4.333333333333333,Ni3dIj90Oa4_2,Ni3dIj90Oa4,2-5s,harmful,1,21.0
6,0.8509146273136139,51.350914627313614,10.5,16.5,-34.850914627313614,9.649085372686386,False,approach_neither,"[108.85091400146484, 85.7491455078125]",74.0,3.0,NlKlRKz8OKI_1,NlKlRKz8OKI,2-5s,control,0,57.5
4,15.475608170032501,38.9756081700325,0.5,24.0,-14.975608170032501,-14.975608170032501,False,approach_gt,"[175.52439880371094, 198.67910766601562]",190.5,4.5,NlKlRKz8OKI_2,NlKlRKz8OKI,2-5s,harmful,0,214.5
0,64.25329679250717,10.246703207492828,73.5,1.0,-9.246703207492828,9.246703207492828,True,begin_hard_and_remain,"[202.2532958984375, 215.18963623046875]",211.5,11.5,OMGHnJV0l2U_1,OMGHnJV0l2U,2-5s,control,1,212.5
8,33.185452818870544,47.314547181129456,25.5,55.0,7.685452818870544,-7.685452818870544,False,approach_gt,"[124.31454467773438, 128.57240295410156]",132.0,6.0,OUUckswAaNI_4,OUUckswAaNI,0-2s,control,0,77.0
9,2.590283676981926,16.409716323018074,10.0,48.5,32.090283676981926,7.409716323018074,False,approach_neither,"[48.09028244018555, 22.20523452758789]",16.0,8.0,ObWjGBJF_94_1,ObWjGBJF_94,2-5s,harmful,1,64.5
3,6.172638773918152,15.172638773918152,14.0,23.0,7.827361226081848,7.827361226081848,False,approach_neither,"[58.672637939453125, 67.37706756591797]",66.5,5.0,OpiWMltpj44_1,OpiWMltpj44,2-5s,harmful,0,43.5
6,38.46815910935402,42.46815910935402,46.0,50.0,7.531840890645981,7.531840890645981,False,approach_neither,"[28.031841278076172, 23.317537307739258]",20.5,7.0,OpiWMltpj44_3,OpiWMltpj44,0-2s,control,0,70.5
3,10.327361226081848,45.67263877391815,1.0,57.0,11.327361226081848,-9.327361226081848,False,approach_gt,"[58.672637939453125, 71.8315658569336]",70.0,1.0,OpiWMltpj44_4,OpiWMltpj44,2-5s,control,0,13.0
8,3.360389828681946,18.360389828681946,3.5,9.5,-8.860389828681946,0.1396101713180542,False,approach_neither,"[128.1396026611328, 137.7285919189453]",137.0,4.666666666666667,Ot0bN_hz2ec_3,Ot0bN_hz2ec,2-5s,control,0,146.5
6,25.795819401741028,48.20418059825897,24.0,41.5,-6.704180598258972,-1.7958194017410278,False,approach_gt,"[59.70418167114258, 56.116485595703125]",53.0,2.6666666666666665,PO8Nu3F8mkA_1,PO8Nu3F8mkA,2-5s,control,0,11.5
9,17.25112074613571,45.75112074613571,5.5,23.0,-22.75112074613571,-11.751120746135712,False,approach_gt,"[48.251121520996094, 21.42957305908203]",25.5,6.25,PTyFYxXdut4_2,PTyFYxXdut4,2-5s,control,0,2.5
1,39.55647414922714,10.556474149227142,34.5,5.5,-5.056474149227142,-5.056474149227142,True,begin_hard_and_remain,"[54.05647277832031, 50.89766311645508]",49.0,4.0,PYP-r0nvbFk_2,PYP-r0nvbFk,0-2s,harmful,1,43.5
1,26.556474149227142,25.056474149227142,21.0,19.5,-5.556474149227142,-5.556474149227142,True,begin_hard_and_remain,"[54.05647277832031, 49.667598724365234]",48.5,5.0,PYP-r0nvbFk_3,PYP-r0nvbFk,0-2s,harmful,0,29.0
7,1.9437499046325684,7.943749904632568,1.0,5.0,-2.9437499046325684,-0.9437499046325684,False,approach_gt,"[32.443748474121094, 28.871524810791016]",29.5,3.5,Pb6MqpdX5Jw_4,Pb6MqpdX5Jw,2-5s,control,0,24.5
0,7.828108310699463,4.671891689300537,9.0,3.5,-1.171891689300537,1.171891689300537,True,begin_hard_and_remain,"[81.17189025878906, 83.08179473876953]",80.0,3.0,Pb6MqpdX5Jw_5,Pb6MqpdX5Jw,2-5s,control,0,76.5
1,18.133313059806824,10.866686940193176,13.5,15.5,4.633313059806824,-4.633313059806824,False,approach_gt,"[36.6333122253418, 33.991397857666016]",32.0,1.3333333333333333,QHfyKaOHSz4_2,QHfyKaOHSz4,2-5s,harmful,1,47.5
7,23.085729241371155,10.914270758628845,35.0,1.0,-9.914270758628845,11.914270758628845,True,begin_hard_and_remain,"[25.414270401000977, 17.065500259399414]",13.5,3.0,QKHpSAAjakY_1,QKHpSAAjakY,0-2s,control,0,14.5
5,12.047805547714233,16.547805547714233,1.0,5.5,-11.047805547714233,-11.047805547714233,False,approach_gt,"[64.95219421386719, 76.0107192993164]",76.0,3.0,QKHpSAAjakY_3,QKHpSAAjakY,2-5s,harmful,0,81.5
4,8.370094060897827,18.870094060897827,0.5,11.0,-7.870094060897827,-7.870094060897827,False,approach_gt,"[152.62991333007812, 165.0277862548828]",160.5,3.75,QOmV7O9mFwg_1,QOmV7O9mFwg,2-5s,control,0,171.5
5,26.844994068145752,133.65500593185425,8.5,169.0,35.34499406814575,-18.344994068145752,False,approach_gt,"[179.65499877929688, 219.5297393798828]",215.0,6.666666666666667,QOmV7O9mFwg_2,QOmV7O9mFwg,2-5s,harmful,0,46.0
0,54.1275680065155,42.3724319934845,46.5,50.0,7.627568006515503,-7.627568006515503,False,approach_gt,"[175.8724365234375, 190.01480102539062]",183.5,4.5,QOmV7O9mFwg_3,QOmV7O9mFwg,2-5s,control,0,133.5
9,37.090283676981926,43.090283676981926,3.0,3.0,-40.090283676981926,-34.090283676981926,False,approach_gt,"[48.09028244018555, 15.175686836242676]",8.0,8.0,QRtuOWWya30_1,QRtuOWWya30,2-5s,harmful,1,5.0
6,11.821935921907425,20.321935921907425,4.0,4.5,-15.821935921907425,-7.821935921907425,False,approach_gt,"[43.321937561035156, 32.561180114746094]",27.5,1.0,QvATUKXYFBs_2,QvATUKXYFBs,2-5s,harmful,1,23.0
6,6.678064078092575,2.821935921907425,3.5,6.0,3.178064078092575,-3.178064078092575,False,approach_gt,"[43.321937561035156, 48.12745666503906]",46.5,6.25,QvATUKXYFBs_4,QvATUKXYFBs,2-5s,control,0,40.5
9,0.39133019745349884,3.891330197453499,1.0,3.0,-0.8913301974534988,0.6086698025465012,False,approach_neither,"[21.39133071899414, 13.92214298248291]",14.5,1.6666666666666667,R4fXcbWFhJg_1,R4fXcbWFhJg,2-5s,control,0,17.5
9,17.6086698025465,4.891330197453499,29.0,6.5,1.6086698025465012,11.391330197453499,False,begin_hard_and_remain,"[21.39133071899414, 11.027366638183594]",10.0,2.0,R4fXcbWFhJg_2,R4fXcbWFhJg,2-5s,harmful,0,16.5
3,70.16728579998016,64.33271420001984,4.0,130.5,66.16728579998016,-66.16728579998016,False,approach_gt,"[227.8327178955078, 291.7679748535156]",294.0,1.5,RNBoH2LHQEM_2,RNBoH2LHQEM,2-5s,control,0,163.5
0,56.96486461162567,14.535135388374329,71.5,0.0,-14.535135388374329,14.535135388374329,True,begin_hard_and_remain,"[101.4648666381836, 115.04521942138672]",116.0,1.3333333333333333,RfGapDlAYoQ_1,RfGapDlAYoQ,2-5s,harmful,0,116.0
0,49.96486461162567,14.535135388374329,64.0,0.5,-14.035135388374329,14.035135388374329,True,begin_hard_and_remain,"[101.4648666381836, 113.87733459472656]",115.5,5.0,RfGapDlAYoQ_2,RfGapDlAYoQ,0-2s,harmful,1,116.0
7,74.44531261920929,20.05468738079071,80.0,14.5,-5.5546873807907104,5.5546873807907104,True,begin_hard_and_remain,"[40.5546875, 36.6299934387207]",35.0,1.5,RfGapDlAYoQ_3,RfGapDlAYoQ,2-5s,harmful,1,20.5
3,9.167285799980164,48.667285799980164,41.0,1.5,-47.167285799980164,31.832714200019836,True,begin_gt_move_hard,"[227.8327178955078, 280.5050964355469]",278.0,6.0,Rp4Ct_TQvAM_2,Rp4Ct_TQvAM,2-5s,harmful,1,276.5
6,0.7850354909896851,15.714964509010315,12.5,4.0,-11.714964509010315,11.714964509010315,True,begin_gt_move_hard,"[109.2149658203125, 103.09851837158203]",97.5,5.5,RrmBGjJqlEo_1,RrmBGjJqlEo,2-5s,harmful,0,93.5
9,12.559641361236572,0.059641361236572266,18.0,5.5,5.440358638763428,5.440358638763428,False,begin_hard_and_remain,"[15.440359115600586, 9.471538543701172]",10.0,3.0,S0SQyFXbqF8_2,S0SQyFXbqF8,2-5s,control,0,15.5
5,4.2942376136779785,33.70576238632202,9.5,6.5,-27.20576238632202,5.2057623863220215,True,begin_gt_move_hard,"[207.2942352294922, 248.57254028320312]",247.5,14.75,SQHYl2Kp5ww_2,SQHYl2Kp5ww,2-5s,control,1,241.0
7,209.16098982095718,9.660989820957184,218.5,19.0,9.339010179042816,9.339010179042816,False,begin_hard_and_remain,"[80.8390121459961, 73.29883575439453]",71.5,4.5,T32kii824pA_2,T32kii824pA,2-5s,control,1,90.5
4,56.0243918299675,2.975608170032501,58.0,1.0,-1.9756081700325012,1.9756081700325012,True,begin_hard_and_remain,"[175.52439880371094, 178.91848754882812]",177.5,9.0,T9_ep-3BZDY_1,T9_ep-3BZDY,0-2s,control,1,178.5
9,19.409716323018074,25.090283676981926,38.5,6.0,-19.090283676981926,19.090283676981926,True,begin_gt_move_hard,"[48.09028244018555, 28.957372665405273]",29.0,14.0,T9_ep-3BZDY_2,T9_ep-3BZDY,0-2s,harmful,1,23.0
9,34.188340559601784,16.188340559601784,0.0,18.0,1.8116594403982162,-34.188340559601784,False,approach_gt,"[36.18833923339844, 7.049849510192871]",2.0,1.0,Tgxst7Ft9js_1,Tgxst7Ft9js,2-5s,control,0,20.0
4,2.8315526843070984,37.3315526843071,1.0,35.5,-1.8315526843070984,-1.8315526843070984,False,approach_gt,"[39.3315544128418, 40.31885528564453]",37.5,1.0,TtRtURWVYBE_2,TtRtURWVYBE,2-5s,control,0,2.0
9,25.685500845313072,10.814499154686928,36.5,0.0,-10.814499154686928,10.814499154686928,True,begin_hard_and_remain,"[14.314498901367188, 5.436252593994141]",3.5,0.75,U3CAjsm1sec_1,U3CAjsm1sec,2-5s,harmful,1,3.5
0,1.8444320559501648,43.344432055950165,1.0,40.5,-2.844432055950165,-0.8444320559501648,False,approach_gt,"[150.8444366455078, 154.69725036621094]",148.0,2.0,U5ij0M7T-hk_1,U5ij0M7T-hk,2-5s,control,0,107.5
1,23.02431607246399,3.0243160724639893,19.5,0.5,-2.5243160724639893,-3.5243160724639893,True,begin_hard_and_remain,"[134.02432250976562, 130.95289611816406]",130.5,5.5,U90e2P9jy30_1,U90e2P9jy30,2-5s,harmful,0,131.0
3,15.594696521759033,89.59469652175903,23.0,131.5,41.90530347824097,7.405303478240967,False,approach_neither,"[228.59469604492188, 272.0377502441406]",270.5,5.0,U90e2P9jy30_2,U90e2P9jy30,2-5s,control,1,139.0
1,0.2955623269081116,5.204437673091888,0.5,6.0,0.7955623269081116,0.20443767309188843,False,approach_neither,"[61.204437255859375, 63.11659622192383]",62.0,3.0,UAmDLPjNyMg_1,UAmDLPjNyMg,2-5s,control,0,56.0
9,13.04843021929264,31.04843021929264,24.0,6.0,-25.04843021929264,10.95156978070736,True,begin_gt_move_hard,"[40.048431396484375, 9.450684547424316]",3.0,1.5,UE3XnVFodMI_1,UE3XnVFodMI,2-5s,harmful,1,9.0
8,0.20983955264091492,19.709839552640915,0.5,20.0,0.2901604473590851,0.2901604473590851,False,approach_neither,"[28.2098388671875, 29.868114471435547]",28.5,1.5,UQtBt6CQpwg_1,UQtBt6CQpwg,2-5s,control,0,8.5
0,10.063135325908661,2.563135325908661,8.0,0.5,-2.063135325908661,-2.063135325908661,True,begin_hard_and_remain,"[76.4368667602539, 79.39476013183594]",78.5,2.3333333333333335,UXGzbBGbqAA_2,UXGzbBGbqAA,2-5s,control,0,79.0
2,20.648674368858337,11.648674368858337,2.0,7.0,-4.648674368858337,-18.648674368858337,False,approach_gt,"[60.35132598876953, 79.19921875]",79.0,0.5,V4PLSw_WzVw_1,V4PLSw_WzVw,2-5s,harmful,0,72.0
7,56.83010423183441,5.169895768165588,63.5,1.5,-3.6698957681655884,6.669895768165588,True,begin_hard_and_remain,"[22.16989517211914, 18.22276496887207]",15.5,1.5,V4PLSw_WzVw_2,V4PLSw_WzVw,2-5s,control,0,17.0
5,4.205520987510681,51.20552098751068,0.5,55.5,4.294479012489319,-3.705520987510681,False,approach_gt,"[53.20552062988281, 60.112510681152344]",57.5,1.25,V8A0VRGdgwM_1,V8A0VRGdgwM,2-5s,control,0,2.0
8,37.18376871943474,22.816231280565262,33.0,27.0,4.183768719434738,-4.183768719434738,False,begin_hard_and_remain,"[36.81623077392578, 41.77983856201172]",41.0,2.0,V8A0VRGdgwM_2,V8A0VRGdgwM,2-5s,harmful,1,14.0
9,9.615246564149857,2.1152465641498566,0.0,7.5,5.384753435850143,-9.615246564149857,False,approach_gt,"[10.615246772766113, 3.3626110553741455]",1.0,1.0,VE6Ku0-ucUM_1,VE6Ku0-ucUM,2-5s,control,0,8.5
3,46.79083323478699,13.709166765213013,60.0,0.5,-13.209166765213013,13.209166765213013,True,begin_hard_and_remain,"[50.29083251953125, 62.910858154296875]",63.5,1.0,VE6Ku0-ucUM_2,VE6Ku0-ucUM,2-5s,control,0,64.0
5,20.395267724990845,29.104732275009155,14.0,35.5,6.395267724990845,-6.395267724990845,False,approach_gt,"[45.604732513427734, 52.78748321533203]",52.0,5.0,VE6Ku0-ucUM_3,VE6Ku0-ucUM,2-5s,control,0,16.5
7,55.60822927951813,20.391770720481873,73.0,3.0,-17.391770720481873,17.391770720481873,True,begin_hard_and_remain,"[38.39176940917969, 23.292953491210938]",21.0,2.0,VZLZ08k3YeA_1,VZLZ08k3YeA,2-5s,control,0,18.0
9,99.66113618016243,20.83886381983757,121.0,0.5,-20.33886381983757,21.33886381983757,True,begin_hard_and_remain,"[22.838863372802734, 4.519260883331299]",1.5,3.0,VZLZ08k3YeA_3,VZLZ08k3YeA,0-2s,harmful,1,2.0
7,99.60822927951813,27.391770720481873,120.0,7.0,-20.391770720481873,20.391770720481873,True,begin_hard_and_remain,"[38.39176940917969, 21.799463272094727]",18.0,1.5,VZLZ08k3YeA_4,VZLZ08k3YeA,2-5s,control,0,11.0
9,112.74887925386429,27.75112074613571,145.5,5.0,-22.75112074613571,32.75112074613571,True,begin_hard_and_remain,"[48.251121520996094, 21.293548583984375]",15.5,7.5,VjSEIRnLAh8_2,VjSEIRnLAh8,2-5s,control,1,20.5
9,218.7488792538643,26.75112074613571,248.5,3.0,-23.75112074613571,29.75112074613571,True,begin_hard_and_remain,"[48.251121520996094, 21.493452072143555]",18.5,13.5,VjSEIRnLAh8_4,VjSEIRnLAh8,2-5s,harmful,1,21.5
8,140.14466246962547,109.14466246962547,128.5,97.5,-11.644662469625473,-11.644662469625473,True,begin_hard_and_remain,"[134.35533142089844, 151.19032287597656]",146.0,4.0,WCYfCfW9NA0_4,WCYfCfW9NA0,2-5s,control,0,243.5
9,28.25112074613571,35.25112074613571,6.5,0.5,-34.75112074613571,-21.75112074613571,True,begin_gt_move_hard,"[48.251121520996094, 13.20660400390625]",13.5,4.5,WUpeplQr3A4_1,WUpeplQr3A4,2-5s,harmful,0,13.0
0,0.7467032074928284,91.74670320749283,26.0,65.0,-26.74670320749283,25.25329679250717,False,approach_neither,"[202.2532958984375, 230.31463623046875]",229.0,4.0,WUyeFOyKIg0_1,WUyeFOyKIg0,2-5s,harmful,1,294.0
0,21.24670320749283,97.75329679250717,5.5,124.5,26.74670320749283,-15.746703207492828,False,approach_gt,"[202.2532958984375, 233.22018432617188]",229.0,3.3333333333333335,WUyeFOyKIg0_2,WUyeFOyKIg0,2-5s,control,0,104.5
6,13.850914627313614,56.850914627313614,0.0,37.0,-19.850914627313614,-13.850914627313614,False,approach_gt,"[108.85091400146484, 102.0254898071289]",89.0,3.0,Wq4OD3olO2w_1,Wq4OD3olO2w,2-5s,control,0,52.0
9,5.751120746135712,34.75112074613571,16.5,9.0,-25.75112074613571,10.748879253864288,True,begin_gt_move_hard,"[48.251121520996094, 28.159374237060547]",22.5,4.333333333333333,WqXFAY4k79s_1,WqXFAY4k79s,2-5s,control,0,13.5
5,30.237310886383057,10.762689113616943,48.5,7.5,-3.2626891136169434,18.262689113616943,True,begin_hard_and_remain,"[96.73731231689453, 117.2192153930664]",115.0,8.0,XZTt1xdK8uQ_1,XZTt1xdK8uQ,0-2s,control,1,107.5
4,6.8058584332466125,161.8058584332466,8.0,163.0,1.1941415667533875,1.1941415667533875,False,approach_neither,"[167.3058624267578, 168.3553009033203]",168.5,3.5,YflmW68gL4E_2,YflmW68gL4E,2-5s,control,0,5.5
5,30.603256821632385,59.103256821632385,70.0,98.5,39.396743178367615,39.396743178367615,False,approach_neither,"[206.60325622558594, 249.6381072998047]",246.0,8.0,Z1Cyj4N05lk_3,Z1Cyj4N05lk,2-5s,control,1,147.5
9,16.024663776159286,0.5246637761592865,21.0,5.5,4.9753362238407135,4.9753362238407135,False,begin_hard_and_remain,"[14.475336074829102, 8.845748901367188]",9.5,1.6666666666666667,Z3wDry8nnJs_1,Z3wDry8nnJs,2-5s,control,0,15.0
4,4.166571021080017,21.333428978919983,0.5,25.0,3.666571021080017,-3.666571021080017,False,approach_gt,"[52.83342742919922, 58.244083404541016]",56.5,1.5,Z3wDry8nnJs_3,Z3wDry8nnJs,2-5s,control,0,31.5
9,40.25112074613571,69.74887925386429,5.0,115.0,45.25112074613571,-35.25112074613571,False,approach_gt,"[48.251121520996094, 11.818477630615234]",3.0,3.0,ZBtgrP4vU_w_2,ZBtgrP4vU_w,2-5s,harmful,1,118.0
7,11.17843759059906,12.32156240940094,24.0,0.5,-11.82156240940094,12.82156240940094,True,begin_gt_move_hard,"[30.821561813354492, 19.304716110229492]",18.0,3.0,ZTYAQBnU4GM_1,ZTYAQBnU4GM,2-5s,control,0,18.5
5,21.415226936340332,16.415226936340332,0.5,5.5,-10.915226936340332,-20.915226936340332,False,approach_gt,"[116.08477020263672, 139.27273559570312]",138.0,3.0,ZUmZgPL0ges_3,ZUmZgPL0ges,2-5s,control,0,132.5
9,7.671749100089073,27.328250899910927,1.5,8.5,-18.828250899910927,-6.171749100089073,False,approach_gt,"[32.328250885009766, 19.07883071899414]",13.5,1.25,Z_smJ66Tb3c_1,Z_smJ66Tb3c,2-5s,control,0,5.0
9,56.17174910008907,17.828250899910927,76.0,2.0,-15.828250899910927,19.828250899910927,True,begin_hard_and_remain,"[32.328250885009766, 13.255677223205566]",12.5,9.0,Z_smJ66Tb3c_3,Z_smJ66Tb3c,0-2s,control,1,14.5
5,5.71759307384491,72.78240692615509,2.5,81.0,8.21759307384491,-3.2175930738449097,False,approach_gt,"[93.28240966796875, 102.2242202758789]",101.5,2.5,Zsf2YvJfCKw_1,Zsf2YvJfCKw,2-5s,control,0,20.5
9,0.9962629526853561,13.996262952685356,2.0,1.5,-12.496262952685356,1.0037370473146439,True,begin_gt_move_hard,"[18.49626350402832, 9.470297813415527]",6.0,3.0,_AcJVyToQUQ_1,_AcJVyToQUQ,2-5s,control,0,4.5
3,2.1563512086868286,14.343648791313171,11.0,27.5,13.156351208686829,8.843648791313171,False,approach_neither,"[101.3436508178711, 115.57842254638672]",114.5,2.5,_BSmz3SEW1w_1,_BSmz3SEW1w,2-5s,control,1,87.0
6,34.58136573433876,41.41863426566124,47.0,29.0,-12.41863426566124,12.41863426566124,True,begin_gt_move_hard,"[48.41863250732422, 41.222328186035156]",36.0,3.3333333333333335,_BSmz3SEW1w_2,_BSmz3SEW1w,2-5s,control,0,7.0
8,3.0963002145290375,12.403699785470963,0.5,16.0,3.5963002145290375,-2.5963002145290375,False,approach_gt,"[34.9036979675293, 37.638153076171875]",38.5,0.75,_C2HinL8VlM_1,_C2HinL8VlM,2-5s,control,0,22.5
9,24.618385389447212,31.618385389447212,3.0,4.0,-27.618385389447212,-21.618385389447212,False,approach_gt,"[38.118385314941406, 15.054553985595703]",10.5,17.0,_YS5uKWoB6g_2,_YS5uKWoB6g,0-2s,harmful,1,6.5
9,21.381614610552788,21.618385389447212,51.5,8.5,-13.118385389447212,30.118385389447212,True,begin_gt_move_hard,"[38.118385314941406, 12.590520858764648]",8.0,12.0,_YS5uKWoB6g_5,_YS5uKWoB6g,0-2s,control,1,16.5
9,108.09118101000786,7.908818989992142,125.0,9.0,1.0911810100078583,16.90881898999214,False,begin_hard_and_remain,"[20.9088191986084, 7.605491638183594]",4.0,4.0,_ezm-TpKj1w_1,_ezm-TpKj1w,2-5s,control,0,13.0
9,56.81136032938957,6.188639670610428,65.0,2.0,-4.188639670610428,8.188639670610428,True,begin_hard_and_remain,"[13.188639640808105, 5.0722198486328125]",5.0,2.0,_oKXrY5Ff0g_3,_oKXrY5Ff0g,2-5s,harmful,1,7.0
9,107.15769824385643,3.65769824385643,111.0,7.5,3.84230175614357,3.84230175614357,False,begin_hard_and_remain,"[27.342302322387695, 20.690872192382812]",23.5,3.0,aMhu5eMQAsI_3,aMhu5eMQAsI,2-5s,harmful,1,31.0
9,3.7488792538642883,35.75112074613571,31.0,4.0,-31.75112074613571,27.25112074613571,True,begin_gt_move_hard,"[48.251121520996094, 20.722522735595703]",8.5,3.25,aZAXO2WZn84_2,aZAXO2WZn84,2-5s,control,0,12.5
9,65.74887925386429,37.25112074613571,106.5,3.5,-33.75112074613571,40.75112074613571,True,begin_hard_and_remain,"[48.251121520996094, 19.946699142456055]",7.5,5.0,aZAXO2WZn84_4,aZAXO2WZn84,2-5s,control,1,11.0
9,128.2488792538643,37.75112074613571,168.5,2.5,-35.25112074613571,40.25112074613571,True,begin_hard_and_remain,"[48.251121520996094, 19.239704132080078]",8.0,14.0,aZAXO2WZn84_5,aZAXO2WZn84,0-2s,harmful,0,10.5
0,6.475243449211121,30.97524344921112,0.0,24.5,-6.475243449211121,-6.475243449211121,False,approach_gt,"[82.5247573852539, 88.08141326904297]",89.0,2.0,ajheseWZmmU_2,ajheseWZmmU,2-5s,control,0,113.5
0,68.59956806898117,19.09956806898117,48.5,1.0,-18.09956806898117,-20.09956806898117,True,begin_hard_and_remain,"[200.9004364013672, 224.99301147460938]",221.0,10.0,b1PXsfgQw5w_1,b1PXsfgQw5w,0-2s,control,0,220.0
0,18.40043193101883,196.90043193101883,37.5,216.0,19.09956806898117,19.09956806898117,False,approach_neither,"[200.9004364013672, 224.70164489746094]",220.0,14.0,b1PXsfgQw5w_2,b1PXsfgQw5w,0-2s,control,1,4.0
9,9.251120746135712,36.75112074613571,7.0,10.0,-26.75112074613571,-2.2511207461357117,False,approach_gt,"[48.251121520996094, 30.7673397064209]",21.5,5.5,bUTOsLXYyxg_1,bUTOsLXYyxg,2-5s,harmful,1,11.5
8,22.118167340755463,13.381832659244537,19.0,16.5,3.1181673407554626,-3.1181673407554626,False,begin_hard_and_remain,"[35.381832122802734, 39.688446044921875]",38.5,1.0,bX2vDaHL26U_1,bX2vDaHL26U,2-5s,control,0,22.0
0,4.5559998750686646,2.5559998750686646,4.5,2.5,-0.05599987506866455,-0.05599987506866455,True,begin_hard_and_remain,"[50.055999755859375, 51.12008285522461]",50.0,4.0,bX2vDaHL26U_2,bX2vDaHL26U,0-2s,control,0,47.5
6,0.9181234240531921,55.58187657594681,0.5,53.0,-2.581876575946808,-0.41812342405319214,False,approach_gt,"[72.08187866210938, 71.60836791992188]",69.5,5.666666666666667,bgbnu5YKTDg_4,bgbnu5YKTDg,2-5s,control,0,16.5
8,64.48233658075333,0.017663419246673584,67.0,2.5,2.4823365807533264,2.5176634192466736,False,begin_hard_and_remain,"[65.98233795166016, 72.08496856689453]",68.5,1.6666666666666667,bpv_LneHmfU_1,bpv_LneHmfU,2-5s,control,0,66.0
9,20.349775850772858,3.6502241492271423,23.0,1.0,-2.6502241492271423,2.6502241492271423,True,begin_hard_and_remain,"[9.650223731994629, 7.748619079589844]",7.0,7.0,cPiSd5nJLrI_1,cPiSd5nJLrI,2-5s,harmful,1,6.0
8,3.8120275735855103,4.68797242641449,0.0,8.5,3.8120275735855103,-3.8120275735855103,False,approach_gt,"[28.687973022460938, 32.23967742919922]",32.5,1.0,cPiSd5nJLrI_2,cPiSd5nJLrI,2-5s,control,0,24.0
4,50.91455125808716,5.585448741912842,58.5,2.0,-3.585448741912842,7.585448741912842,True,begin_hard_and_remain,"[145.58544921875, 144.2766876220703]",138.0,8.0,cz0FSQDVBMw_2,cz0FSQDVBMw,0-2s,harmful,1,140.0
1,0.9317325353622437,4.568267464637756,6.5,1.0,-3.5682674646377563,5.568267464637756,True,begin_gt_move_hard,"[45.568267822265625, 43.731807708740234]",40.0,2.0,d6gu2w19YQo_1,d6gu2w19YQo,2-5s,control,0,41.0
1,98.9789057970047,0.021094202995300293,103.0,4.0,3.9789057970046997,4.0210942029953,False,begin_hard_and_remain,"[79.5210952758789, 77.86231994628906]",75.5,5.0,dYvL6uEMl6E_1,dYvL6uEMl6E,0-2s,control,1,79.5
7,6.890625238418579,13.609374761581421,19.0,1.5,-12.109374761581421,12.109374761581421,True,begin_gt_move_hard,"[81.109375, 77.58527374267578]",69.0,7.0,dkiwn2FdDVw_2,dkiwn2FdDVw,2-5s,control,1,67.5
6,3.285035490989685,41.714964509010315,15.5,20.5,-21.214964509010315,12.214964509010315,False,approach_neither,"[109.2149658203125, 91.9837417602539]",88.0,12.0,dkiwn2FdDVw_3,dkiwn2FdDVw,0-2s,control,1,67.5
7,105.39062523841858,13.109374761581421,119.0,0.5,-12.609374761581421,13.609374761581421,True,begin_hard_and_remain,"[81.109375, 76.81684112548828]",67.5,4.333333333333333,dkiwn2FdDVw_4,dkiwn2FdDVw,2-5s,harmful,1,68.0
9,125.31165944039822,188.31165944039822,153.0,216.0,27.688340559601784,27.688340559601784,False,approach_neither,"[36.18833923339844, 13.22330379486084]",8.5,9.0,e2rScj9UyMs_2,e2rScj9UyMs,0-2s,harmful,0,224.5
5,3.6032568216323853,108.60325682163239,40.0,145.0,36.396743178367615,36.396743178367615,False,approach_neither,"[206.60325622558594, 247.3114471435547]",243.0,5.0,eRU-rABp8nk_2,eRU-rABp8nk,2-5s,harmful,0,98.0
5,46.896743178367615,89.60325682163239,8.5,128.0,38.396743178367615,-38.396743178367615,False,approach_gt,"[206.60325622558594, 247.9052734375]",245.0,12.0,eRU-rABp8nk_3,eRU-rABp8nk,0-2s,control,1,117.0
7,16.339010179042816,40.339010179042816,16.0,8.0,-32.339010179042816,-0.33901017904281616,True,begin_gt_move_hard,"[80.8390121459961, 52.55575180053711]",48.5,3.0,eUecAF626A8_2,eUecAF626A8,2-5s,harmful,1,40.5
5,19.103256821632385,112.10325682163239,52.0,145.0,32.896743178367615,32.896743178367615,False,approach_neither,"[206.60325622558594, 244.14801025390625]",239.5,3.6666666666666665,eYbFtxZmKL4_1,eYbFtxZmKL4,2-5s,control,1,94.5
9,39.090283676981926,19.409716323018074,3.5,55.0,35.590283676981926,-35.590283676981926,False,approach_gt,"[48.09028244018555, 23.755828857421875]",12.5,2.25,elztUCeNQvQ_1,elztUCeNQvQ,2-5s,control,0,67.5
7,46.660989820957184,22.839010179042816,30.5,5.5,-17.339010179042816,-16.160989820957184,True,begin_hard_and_remain,"[80.8390121459961, 67.83448791503906]",63.5,2.3333333333333335,elztUCeNQvQ_2,elztUCeNQvQ,2-5s,harmful,0,58.0
7,0.16098982095718384,13.339010179042816,20.0,6.5,-6.839010179042816,19.839010179042816,True,begin_gt_move_hard,"[80.8390121459961, 61.559444427490234]",61.0,4.0,elztUCeNQvQ_5,elztUCeNQvQ,2-5s,control,0,67.5
6,30.769038051366806,32.230961948633194,21.5,41.5,9.269038051366806,-9.269038051366806,False,approach_gt,"[36.769039154052734, 31.354801177978516]",27.5,5.5,emGPabOePzA_1,emGPabOePzA,2-5s,control,0,69.0
1,32.02431607246399,16.02431607246399,12.5,3.5,-12.52431607246399,-19.52431607246399,True,begin_hard_and_remain,"[134.02432250976562, 118.24557495117188]",114.5,5.5,eu5bq0A3XVQ_2,eu5bq0A3XVQ,2-5s,harmful,0,118.0
9,101.24887925386429,35.75112074613571,136.0,1.0,-34.75112074613571,34.75112074613571,True,begin_hard_and_remain,"[48.251121520996094, 21.022396087646484]",13.5,3.0,eu5bq0A3XVQ_3,eu5bq0A3XVQ,2-5s,harmful,0,12.5
9,18.426307782530785,6.426307782530785,0.5,12.5,6.073692217469215,-17.926307782530785,False,approach_gt,"[20.426307678222656, 6.331446647644043]",1.5,0.75,fGGYeXR_LS8_1,fGGYeXR_LS8,2-5s,control,0,14.0
5,97.60325682163239,76.10325682163239,127.5,106.0,29.896743178367615,29.896743178367615,False,begin_hard_and_remain,"[206.60325622558594, 241.5909881591797]",236.5,4.25,fK4QBQZ6i7w_1,fK4QBQZ6i7w,2-5s,harmful,0,130.5
7,17.297916889190674,1.2020831108093262,7.0,11.0,9.797916889190674,-10.297916889190674,False,approach_gt,"[75.70207977294922, 64.10547637939453]",63.5,7.666666666666667,fPqj3nnwQOI_1,fPqj3nnwQOI,2-5s,control,0,74.5
6,3.933966875076294,19.433966875076294,2.5,13.0,-6.433966875076294,-1.433966875076294,False,approach_gt,"[101.93396759033203, 99.89888763427734]",95.5,20.5,fPqj3nnwQOI_2,fPqj3nnwQOI,2-5s,control,0,82.5
6,8.566033124923706,8.433966875076294,13.5,1.5,-6.933966875076294,4.933966875076294,True,begin_hard_and_remain,"[101.93396759033203, 94.71844482421875]",92.0,26.0,fPqj3nnwQOI_3,fPqj3nnwQOI,0-2s,harmful,1,93.5
7,52.797916889190674,20.202083110809326,66.5,6.5,-13.702083110809326,13.702083110809326,True,begin_hard_and_remain,"[75.70207977294922, 63.411434173583984]",62.0,32.0,fPqj3nnwQOI_4,fPqj3nnwQOI,0-2s,harmful,1,55.5
0,8.916648864746094,1.4166488647460938,8.0,0.5,-0.9166488647460938,-0.9166488647460938,True,begin_hard_and_remain,"[86.5833511352539, 90.50016021728516]",87.5,1.25,fWvWhLJ5Fow_1,fWvWhLJ5Fow,2-5s,control,0,88.0
5,14.554458618164062,9.554458618164062,1.0,4.0,-5.5544586181640625,-13.554458618164062,False,approach_gt,"[88.44554138183594, 100.73536682128906]",102.0,2.0,fWvWhLJ5Fow_3,fWvWhLJ5Fow,2-5s,control,0,98.0
6,1.9152612388134003,7.5847387611866,10.5,1.0,-6.5847387611866,8.5847387611866,True,begin_gt_move_hard,"[34.584739685058594, 28.23650550842285]",26.0,1.3333333333333333,fYTZVxQ8LJk_2,fYTZVxQ8LJk,2-5s,control,0,27.0
9,61.72047843039036,14.279521569609642,71.5,4.5,-9.779521569609642,9.779521569609642,True,begin_hard_and_remain,"[15.279521942138672, 7.289672374725342]",5.5,1.5,fYTZVxQ8LJk_3,fYTZVxQ8LJk,2-5s,control,0,1.0
9,27.75112074613571,38.75112074613571,2.5,8.5,-30.25112074613571,-25.25112074613571,False,approach_gt,"[48.251121520996094, 17.112689971923828]",18.0,6.666666666666667,fmEft49sPfE_2,fmEft49sPfE,2-5s,control,1,9.5
0,6.7688650488853455,42.231134951114655,0.5,48.5,6.2688650488853455,-6.2688650488853455,False,approach_gt,"[73.73113250732422, 81.96444702148438]",80.0,4.0,frOqlk0Wm5Y_1,frOqlk0Wm5Y,0-2s,control,0,31.5
3,23.44392693042755,47.05607306957245,0.0,70.5,23.44392693042755,-23.44392693042755,False,approach_gt,"[83.05607604980469, 105.40393829345703]",106.5,1.0,frOqlk0Wm5Y_3,frOqlk0Wm5Y,2-5s,control,0,36.0
6,6.850914627313614,64.85091462731361,3.5,54.5,-10.350914627313614,-3.350914627313614,False,approach_gt,"[108.85091400146484, 107.1001968383789]",98.5,3.5,fwhkCnOeyC0_1,fwhkCnOeyC0,2-5s,control,0,44.0
7,73.66098982095718,48.339010179042816,107.5,14.5,-33.839010179042816,33.839010179042816,True,begin_hard_and_remain,"[80.8390121459961, 51.12459182739258]",47.0,1.5,fwhkCnOeyC0_3,fwhkCnOeyC0,2-5s,control,0,32.5
9,1.909716323018074,16.590283676981926,28.5,10.0,-6.590283676981926,26.590283676981926,True,begin_gt_move_hard,"[48.09028244018555, 23.364450454711914]",21.5,3.75,gW7s3YAthpI_1,gW7s3YAthpI,2-5s,harmful,1,31.5
9,14.409716323018074,0.40971632301807404,27.0,13.0,12.590283676981926,12.590283676981926,False,begin_hard_and_remain,"[48.09028244018555, 34.9810676574707]",35.5,4.333333333333333,gW7s3YAthpI_2,gW7s3YAthpI,2-5s,harmful,1,48.5
3,38.52885091304779,8.97114908695221,48.5,1.0,-7.9711490869522095,9.97114908695221,True,begin_hard_and_remain,"[49.52885055541992, 60.51786804199219]",59.5,1.25,gbi6MxPf3hA_1,gbi6MxPf3hA,2-5s,control,0,58.5
9,0.5455905050039291,5.454409494996071,7.5,1.5,-3.954409494996071,6.954409494996071,True,begin_gt_move_hard,"[10.4544095993042, 4.750637531280518]",3.5,0.75,gbi6MxPf3hA_2,gbi6MxPf3hA,2-5s,control,0,5.0
9,4.045590505003929,5.454409494996071,10.5,1.0,-4.454409494996071,6.454409494996071,True,begin_gt_move_hard,"[10.4544095993042, 4.938717365264893]",4.0,0.6666666666666666,gbi6MxPf3hA_3,gbi6MxPf3hA,2-5s,control,0,5.0
7,70.11250019073486,30.112500190734863,76.0,36.0,5.887499809265137,5.887499809265137,False,begin_hard_and_remain,"[64.88749694824219, 59.79463195800781]",59.0,4.0,gbtcDoh0q3c_2,gbtcDoh0q3c,2-5s,harmful,1,95.0
9,96.3603887706995,16.6396112293005,105.5,7.5,-9.139611229300499,9.139611229300499,True,begin_hard_and_remain,"[19.139610290527344, 11.279069900512695]",10.0,2.6666666666666665,gf6H_MWCqjw_4,gf6H_MWCqjw,2-5s,harmful,0,2.5
8,17.1980639398098,4.198063939809799,12.5,0.5,-3.698063939809799,-4.698063939809799,True,begin_hard_and_remain,"[72.19806671142578, 70.37300109863281]",67.5,7.5,gkWd1HugK2w_1,gkWd1HugK2w,2-5s,control,1,68.0
7,19.982552230358124,4.517447769641876,38.5,14.0,9.482552230358124,18.517447769641876,False,begin_hard_and_remain,"[50.01744842529297, 36.29341506958008]",31.5,4.25,glAeihz0NAM_1,glAeihz0NAM,2-5s,harmful,0,45.5
9,12.548729330301285,13.451270669698715,0.5,25.5,12.048729330301285,-12.048729330301285,False,approach_gt,"[17.048728942871094, 9.204801559448242]",5.0,4.0,gr5Zss89yLQ_1,gr5Zss89yLQ,0-2s,harmful,0,30.5
6,7.589287459850311,12.910712540149689,2.0,22.5,9.589287459850311,-5.589287459850311,False,approach_gt,"[38.58928680419922, 34.26482391357422]",29.0,1.0,gr5Zss89yLQ_3,gr5Zss89yLQ,2-5s,control,0,51.5
8,0.8179153800010681,20.682084619998932,1.0,22.5,1.8179153800010681,0.18208461999893188,False,approach_neither,"[50.68208312988281, 56.487152099609375]",52.5,1.25,gr5Zss89yLQ_4,gr5Zss89yLQ,2-5s,control,0,30.0
8,3.842726409435272,3.157273590564728,2.0,9.0,5.842726409435272,-1.8427264094352722,False,approach_gt,"[62.15727233886719, 70.17202758789062]",68.0,3.0,h3UhoHIMfpw_1,h3UhoHIMfpw,2-5s,harmful,0,59.0
9,35.776382744312286,7.723617255687714,43.0,0.5,-7.223617255687714,7.223617255687714,True,begin_hard_and_remain,"[12.223617553710938, 6.434106826782227]",5.0,2.0,hDMHIDJdfDA_3,hDMHIDJdfDA,2-5s,harmful,1,4.5
5,3.685561776161194,55.685561776161194,11.0,71.5,15.814438223838806,7.314438223838806,False,approach_neither,"[123.68556213378906, 142.11598205566406]",139.5,1.75,hVUmQfBIYe8_1,hVUmQfBIYe8,2-5s,control,0,68.0
7,17.928228974342346,7.928228974342346,9.0,1.0,-6.928228974342346,-8.928228974342346,True,begin_hard_and_remain,"[65.42823028564453, 60.45894241333008]",56.5,15.0,hmd6pa2e_rs_1,hmd6pa2e_rs,0-2s,control,1,57.5
7,115.57177102565765,11.428228974342346,126.0,1.0,-10.428228974342346,10.428228974342346,True,begin_hard_and_remain,"[65.42823028564453, 62.513736724853516]",55.0,7.0,hmd6pa2e_rs_2,hmd6pa2e_rs,2-5s,harmful,1,54.0
9,202.57742926478386,20.92257073521614,237.5,14.0,-6.922570735216141,34.92257073521614,True,begin_hard_and_remain,"[38.922569274902344, 9.343481063842773]",4.0,2.6666666666666665,hmd6pa2e_rs_3,hmd6pa2e_rs,2-5s,control,1,18.0
9,18.265470713377,104.734529286623,1.0,122.0,17.265470713377,-17.265470713377,False,approach_gt,"[20.265470504760742, 6.372826099395752]",3.0,3.0,hzn_wGlzGpU_1,hzn_wGlzGpU,2-5s,harmful,0,125.0
9,7.765470713376999,12.265470713376999,2.0,2.5,-9.765470713376999,-5.765470713376999,False,approach_gt,"[20.265470504760742, 9.13151741027832]",10.5,5.0,hzn_wGlzGpU_2,hzn_wGlzGpU,0-2s,control,0,8.0
4,41.498410642147064,72.49841064214706,42.5,73.5,1.0015893578529358,1.0015893578529358,False,approach_neither,"[144.9984130859375, 150.23875427246094]",146.0,3.3333333333333335,i6MQCm58zlY_3,i6MQCm58zlY,2-5s,harmful,0,72.5
7,9.339010179042816,18.839010179042816,14.0,4.5,-14.339010179042816,4.660989820957184,True,begin_gt_move_hard,"[80.8390121459961, 67.35211181640625]",57.5,4.333333333333333,iOCpICiu4LA_2,iOCpICiu4LA,2-5s,control,1,62.0
6,50.22237539291382,29.72237539291382,35.0,14.5,-15.222375392913818,-15.222375392913818,True,begin_hard_and_remain,"[75.72237396240234, 62.39338684082031]",60.5,41.0,ilspW7JRjAg_1,ilspW7JRjAg,0-2s,control,1,46.0
3,155.33271420001984,158.83271420001984,215.5,219.0,60.167285799980164,60.167285799980164,False,approach_neither,"[227.8327178955078, 287.515869140625]",288.0,10.0,inSvboaSRwA_2,inSvboaSRwA,0-2s,harmful,0,69.0
9,3.71644227206707,23.21644227206707,12.5,7.0,-16.21644227206707,8.78355772793293,True,begin_gt_move_hard,"[26.216442108154297, 11.558813095092773]",10.0,3.0,jid4t-FzUn0_1,jid4t-FzUn0,2-5s,control,0,3.0
9,89.28355772793293,21.21644227206707,110.5,0.0,-21.21644227206707,21.21644227206707,True,begin_hard_and_remain,"[26.216442108154297, 7.192910671234131]",5.0,1.3333333333333333,jid4t-FzUn0_3,jid4t-FzUn0,2-5s,control,1,5.0
9,136.2488792538643,44.25112074613571,175.0,5.5,-38.75112074613571,38.75112074613571,True,begin_hard_and_remain,"[48.251121520996094, 17.671138763427734]",9.5,9.0,jjfUaMQaG1A_2,jjfUaMQaG1A,0-2s,harmful,1,4.0
9,6.6327353566884995,24.3672646433115,0.0,31.0,6.6327353566884995,-6.6327353566884995,False,approach_gt,"[10.132735252380371, 3.163808584213257]",3.5,1.0,jlwe9jtu5Gw_1,jlwe9jtu5Gw,2-5s,control,0,34.5
8,3.6223710477352142,0.8776289522647858,5.0,0.5,-0.37762895226478577,1.3776289522647858,True,begin_hard_and_remain,"[30.122371673583984, 33.40910339355469]",31.5,1.5,jlwe9jtu5Gw_2,jlwe9jtu5Gw,2-5s,harmful,0,31.0
9,41.3672646433115,6.6327353566884995,48.0,0.0,-6.6327353566884995,6.6327353566884995,True,begin_hard_and_remain,"[10.132735252380371, 5.263340950012207]",3.5,1.0,jlwe9jtu5Gw_3,jlwe9jtu5Gw,2-5s,control,0,3.5
3,51.34202003479004,83.84202003479004,65.5,98.0,14.157979965209961,14.157979965209961,False,approach_neither,"[85.3420181274414, 101.86457061767578]",99.5,7.5,kHIe4CfaccQ_2,kHIe4CfaccQ,2-5s,control,0,1.5
9,43.702989637851715,11.797010362148285,57.5,2.0,-9.797010362148285,13.797010362148285,True,begin_hard_and_remain,"[14.79701042175293, 6.988760471343994]",1.0,2.0,kXjzsroVTtw_1,kXjzsroVTtw,0-2s,harmful,1,3.0
9,43.077130153775215,6.922869846224785,54.0,4.0,-2.922869846224785,10.922869846224785,True,begin_hard_and_remain,"[15.922869682312012, 6.249893665313721]",5.0,2.0,kdflh3akyH8_1,kdflh3akyH8,2-5s,control,0,9.0
9,142.8884904831648,24.111509516835213,165.5,1.5,-22.611509516835213,22.611509516835213,True,begin_hard_and_remain,"[29.111509323120117, 9.370199203491211]",6.5,2.5,lTfNLKEy1RU_2,lTfNLKEy1RU,2-5s,control,0,5.0
9,9.097757771611214,10.597757771611214,1.0,0.5,-10.097757771611214,-8.097757771611214,True,begin_gt_move_hard,"[11.097757339477539, 3.709567070007324]",1.0,1.0,lVr-PxhZo8s_1,lVr-PxhZo8s,2-5s,control,0,0.5
9,7.597757771611214,9.597757771611214,2.5,4.5,-5.097757771611214,-5.097757771611214,False,approach_gt,"[11.097757339477539, 5.093039035797119]",6.0,6.0,lVr-PxhZo8s_3,lVr-PxhZo8s,0-2s,harmful,0,1.5
6,62.874322950839996,15.625677049160004,81.0,2.5,-13.125677049160004,18.125677049160004,True,begin_hard_and_remain,"[70.62567901611328, 55.762237548828125]",52.5,2.5,lgwpIImXCWA_3,lgwpIImXCWA,2-5s,control,0,55.0
5,1.0251368284225464,1.9748631715774536,0.0,10.5,8.525136828422546,-1.0251368284225464,False,approach_gt,"[67.02513885498047, 81.3085708618164]",79.5,1.0,lh801oHGtD4_2,lh801oHGtD4,2-5s,control,0,69.0
9,76.39880429208279,5.601195707917213,85.0,3.0,-2.6011957079172134,8.601195707917213,True,begin_hard_and_remain,"[15.601195335388184, 8.258158683776855]",7.0,2.0,lh801oHGtD4_3,lh801oHGtD4,2-5s,control,0,10.0
5,11.102022767066956,11.397977232933044,36.0,13.5,2.1020227670669556,24.897977232933044,False,begin_gt_move_hard,"[107.10202026367188, 128.0657501220703]",132.0,6.0,lmPMhs-9IYE_2,lmPMhs-9IYE,2-5s,control,1,118.5
8,96.75188970565796,14.751889705657959,127.5,45.5,30.74811029434204,30.74811029434204,False,begin_hard_and_remain,"[114.75189208984375, 140.85731506347656]",145.5,98.5,lrKGCtSsAkA_2,lrKGCtSsAkA,2-5s,control,1,100.0
3,160.37575721740723,51.12424278259277,210.0,1.5,-49.62424278259277,49.62424278259277,True,begin_hard_and_remain,"[182.87576293945312, 230.1438446044922]",232.5,15.0,lrKGCtSsAkA_3,lrKGCtSsAkA,0-2s,harmful,0,234.0
3,56.62424278259277,52.12424278259277,4.5,0.0,-52.12424278259277,-52.12424278259277,True,begin_hard_and_remain,"[182.87576293945312, 233.71163940429688]",235.0,8.0,lrKGCtSsAkA_4,lrKGCtSsAkA,0-2s,control,0,235.0
9,7.776083633303642,9.723916366696358,1.0,16.5,6.776083633303642,-6.776083633303642,False,approach_gt,"[10.776083946228027, 6.114064693450928]",4.0,0.5,mSF_FqBtRPs_1,mSF_FqBtRPs,2-5s,control,0,20.5
9,0.021225839853286743,11.978774160146713,3.0,9.0,-2.9787741601467133,2.9787741601467133,False,approach_neither,"[18.978775024414062, 15.712541580200195]",16.0,1.5,mWqH2xwjkYA_1,mWqH2xwjkYA,2-5s,control,0,7.0
6,18.178574919700623,0.8214250802993774,15.5,3.5,2.6785749197006226,-2.6785749197006226,False,begin_hard_and_remain,"[77.17857360839844, 79.09697723388672]",74.5,2.5,m_U506sf9p4_2,m_U506sf9p4,2-5s,harmful,1,78.0
6,7.178574919700623,20.178574919700623,4.5,17.5,-2.6785749197006226,-2.6785749197006226,False,approach_gt,"[77.17857360839844, 75.88935852050781]",74.5,3.5,m_U506sf9p4_3,m_U506sf9p4,2-5s,harmful,1,57.0
4,46.95207715034485,53.95207715034485,57.0,64.0,10.047922849655151,10.047922849655151,False,approach_neither,"[124.45207977294922, 137.4690399169922]",134.5,3.6666666666666665,m_U506sf9p4_4,m_U506sf9p4,2-5s,control,0,70.5
1,15.422431647777557,18.577568352222443,36.0,2.0,-16.577568352222443,20.577568352222443,True,begin_gt_move_hard,"[133.57757568359375, 116.78514099121094]",113.0,5.0,n-JyOqYSLQM_2,n-JyOqYSLQM,2-5s,control,1,115.0
0,156.25329679250717,120.25329679250717,182.5,146.5,26.24670320749283,26.24670320749283,False,begin_hard_and_remain,"[202.2532958984375, 233.38348388671875]",228.5,6.25,nLtNjMimLE0_1,nLtNjMimLE0,2-5s,harmful,1,82.0
9,24.66801205277443,11.83198794722557,36.5,0.0,-11.83198794722557,11.83198794722557,True,begin_hard_and_remain,"[13.831988334655762, 4.610721588134766]",2.0,1.3333333333333333,nU-AI3Cmc3M_1,nU-AI3Cmc3M,2-5s,harmful,0,2.0
9,25.1155456751585,3.3844543248414993,35.0,6.5,3.1155456751585007,9.8844543248415,False,begin_hard_and_remain,"[12.384454727172852, 5.397619247436523]",2.5,1.6666666666666667,nlC4UI4hZ60_2,nlC4UI4hZ60,2-5s,control,0,9.0
4,32.111429929733276,67.61142992973328,38.5,74.0,6.388570070266724,6.388570070266724,False,approach_neither,"[176.11143493652344, 190.09060668945312]",182.5,5.5,o7-X8DAToGc_1,o7-X8DAToGc,2-5s,control,1,108.5
1,32.02431607246399,0.024316072463989258,14.5,17.5,17.47568392753601,-17.52431607246399,False,approach_gt,"[134.02432250976562, 120.1280746459961]",116.5,7.5,o7-X8DAToGc_2,o7-X8DAToGc,2-5s,control,1,134.0
9,1.590283676981926,3.090283676981926,0.5,2.5,-0.590283676981926,-1.090283676981926,False,approach_gt,"[48.09028244018555, 37.04717254638672]",42.5,6.5,oN0IcZaHD_8_2,oN0IcZaHD_8,2-5s,control,0,45.0
9,16.548729330301285,15.548729330301285,1.0,0.0,-15.548729330301285,-15.548729330301285,True,begin_hard_and_remain,"[17.048728942871094, 7.525247573852539]",1.5,3.0,oNHCc_izsDE_1,oNHCc_izsDE,0-2s,harmful,0,1.5
7,5.291301906108856,43.791301906108856,0.5,5.5,-38.291301906108856,-4.791301906108856,False,approach_gt,"[60.29130172729492, 29.239646911621094]",22.0,4.666666666666667,os_2U4xqTqw_1,os_2U4xqTqw,2-5s,control,0,16.5
7,0.7086980938911438,41.791301906108856,3.5,33.5,-8.291301906108856,2.791301906108856,False,approach_neither,"[60.29130172729492, 50.99580764770508]",52.0,6.0,os_2U4xqTqw_2,os_2U4xqTqw,2-5s,control,0,18.5
6,18.683123618364334,20.683123618364334,2.0,4.0,-16.683123618364334,-16.683123618364334,False,approach_gt,"[81.18312072753906, 71.0416259765625]",64.5,9.0,os_2U4xqTqw_3,os_2U4xqTqw,0-2s,control,0,60.5
6,21.816876381635666,21.683123618364334,44.5,1.0,-20.683123618364334,22.683123618364334,True,begin_hard_and_remain,"[81.18312072753906, 57.392486572265625]",58.5,2.25,os_2U4xqTqw_4,os_2U4xqTqw,2-5s,harmful,0,59.5
7,15.606666564941406,11.106666564941406,2.5,2.0,-9.106666564941406,-13.106666564941406,True,begin_hard_and_remain,"[34.606666564941406, 26.284948348999023]",21.5,3.5,p9qRTh4BmSE_1,p9qRTh4BmSE,2-5s,harmful,1,23.5
9,8.91285514831543,7.58714485168457,16.0,0.5,-7.08714485168457,7.08714485168457,True,begin_hard_and_remain,"[20.58714485168457, 15.337090492248535]",13.5,10.5,p9qRTh4BmSE_2,p9qRTh4BmSE,2-5s,control,0,13.0
7,27.339010179042816,37.839010179042816,1.5,6.5,-31.339010179042816,-25.839010179042816,False,approach_gt,"[80.8390121459961, 62.1295051574707]",49.5,3.0,pCQEWAFGEjc_1,pCQEWAFGEjc,2-5s,control,0,43.0
1,54.42243164777756,108.57756835222244,67.5,95.5,-13.077568352222443,13.077568352222443,False,approach_neither,"[133.57757568359375, 114.9817886352539]",120.5,2.75,pCQEWAFGEjc_2,pCQEWAFGEjc,2-5s,harmful,1,25.0
4,25.388570070266724,46.611429929733276,40.0,32.0,-14.611429929733276,14.611429929733276,True,begin_gt_move_hard,"[176.11143493652344, 175.12667846679688]",161.5,4.5,pHYkWkZ4guE_3,pHYkWkZ4guE,2-5s,harmful,1,129.5
3,15.589343547821045,17.089343547821045,0.5,1.0,-16.089343547821045,-15.089343547821045,False,approach_gt,"[57.9106559753418, 72.80612182617188]",74.0,2.0,pI_kPedctoo_1,pI_kPedctoo,0-2s,control,0,75.0
0,14.38735157251358,19.11264842748642,6.0,27.5,8.38735157251358,-8.38735157251358,False,approach_gt,"[88.6126480102539, 97.8800277709961]",97.0,2.0,pO8kbg9IJnc_2,pO8kbg9IJnc,2-5s,control,0,69.5
0,2.3873515725135803,27.11264842748642,1.0,30.5,3.3873515725135803,-1.3873515725135803,False,approach_gt,"[88.6126480102539, 97.19554901123047]",92.0,2.0,pO8kbg9IJnc_3,pO8kbg9IJnc,2-5s,control,0,61.5
7,20.839010179042816,6.839010179042816,4.5,9.5,2.660989820957184,-16.339010179042816,False,approach_gt,"[80.8390121459961, 65.0674819946289]",64.5,5.25,paf0nyjg1Js_1,paf0nyjg1Js,2-5s,harmful,1,74.0
3,6.667285799980164,51.832714200019836,1.5,86.5,34.667285799980164,-5.167285799980164,False,approach_gt,"[227.8327178955078, 265.8336181640625]",262.5,5.0,paf0nyjg1Js_2,paf0nyjg1Js,2-5s,control,1,176.0
7,11.764166831970215,44.764166831970215,17.5,50.5,5.735833168029785,5.735833168029785,False,approach_neither,"[56.23583221435547, 46.94114303588867]",50.5,2.75,pgq2KPX5_SA_2,pgq2KPX5_SA,2-5s,harmful,1,101.0
3,37.50767707824707,147.99232292175293,1.0,184.5,36.50767707824707,-36.50767707824707,False,approach_gt,"[158.49232482910156, 196.896240234375]",195.0,3.0,pgq2KPX5_SA_4,pgq2KPX5_SA,2-5s,control,0,10.5
9,3.608669802546501,3.891330197453499,9.0,1.5,-2.391330197453499,5.391330197453499,True,begin_gt_move_hard,"[21.39133071899414, 14.306867599487305]",16.0,1.0,ptIksg9KEac_2,ptIksg9KEac,2-5s,control,0,17.5
9,103.1086698025465,2.608669802546501,110.0,9.5,6.891330197453499,6.891330197453499,False,begin_hard_and_remain,"[21.39133071899414, 14.752050399780273]",14.5,9.0,ptIksg9KEac_3,ptIksg9KEac,0-2s,control,0,24.0
9,3.859790548682213,133.6402094513178,13.0,150.5,16.859790548682213,9.140209451317787,False,approach_neither,"[26.859790802001953, 12.686077117919922]",10.0,4.0,q1ivQ_2fddk_3,q1ivQ_2fddk,2-5s,harmful,0,160.5
9,7.971898287534714,9.471898287534714,1.0,0.5,-8.971898287534714,-6.971898287534714,True,begin_gt_move_hard,"[9.971898078918457, 4.245495796203613]",1.0,1.0,q3SEOW2m4WY_1,q3SEOW2m4WY,2-5s,control,0,0.5
8,2.1442381739616394,27.64423817396164,0.5,26.0,-1.6442381739616394,-1.6442381739616394,False,approach_gt,"[29.644237518310547, 29.286163330078125]",28.0,2.0,q3SEOW2m4WY_3,q3SEOW2m4WY,0-2s,control,0,2.0
9,20.028101712465286,2.9718982875347137,26.0,3.0,0.028101712465286255,5.971898287534714,False,begin_hard_and_remain,"[9.971898078918457, 3.7385525703430176]",4.0,1.0,q3SEOW2m4WY_4,q3SEOW2m4WY,2-5s,control,0,7.0
9,65.90971632301807,2.090283676981926,75.0,7.0,4.909716323018074,9.090283676981926,False,begin_hard_and_remain,"[48.09028244018555, 34.50494384765625]",39.0,9.0,qeSl7YZAfs4_2,qeSl7YZAfs4,2-5s,harmful,0,46.0
3,55.332714200019836,108.83271420001984,98.5,152.0,43.167285799980164,43.167285799980164,False,approach_neither,"[227.8327178955078, 272.5710754394531]",271.0,2.5,r2KhpX_QgXA_1,r2KhpX_QgXA,2-5s,control,0,119.0
5,19.21735167503357,155.21735167503357,1.5,188.5,33.28264832496643,-17.71735167503357,False,approach_gt,"[167.21734619140625, 207.66065979003906]",200.5,0.75,rE6BJ0Bo4w4_3,rE6BJ0Bo4w4,2-5s,control,0,12.0
5,41.28264832496643,155.21735167503357,0.5,197.0,41.78264832496643,-40.78264832496643,False,approach_gt,"[167.21734619140625, 209.64596557617188]",209.0,3.3333333333333335,rE6BJ0Bo4w4_4,rE6BJ0Bo4w4,2-5s,control,0,12.0
5,61.23089921474457,138.76910078525543,42.0,158.0,19.230899214744568,-19.230899214744568,False,approach_gt,"[140.26910400390625, 165.53807067871094]",159.5,2.3333333333333335,rPkCYq4Zjwk_1,rPkCYq4Zjwk,2-5s,harmful,0,1.5
9,2.8500749617815018,16.6499250382185,2.0,7.5,-9.149925038218498,-0.8500749617815018,False,approach_gt,"[32.649925231933594, 21.961668014526367]",23.5,12.333333333333334,rPkCYq4Zjwk_2,rPkCYq4Zjwk,2-5s,control,0,16.0
7,5.5069791078567505,1.4930208921432495,1.5,5.5,4.0069791078567505,-4.0069791078567505,False,approach_gt,"[20.00697898864746, 17.5336856842041]",16.0,1.3333333333333333,riM7b5bJ9KQ_1,riM7b5bJ9KQ,2-5s,control,0,21.5
5,6.867421388626099,33.6325786113739,0.5,41.0,7.367421388626099,-6.367421388626099,False,approach_gt,"[51.1325798034668, 58.48942565917969]",58.5,2.5,riM7b5bJ9KQ_3,riM7b5bJ9KQ,2-5s,control,0,17.5
9,19.40881898999214,5.908818989992142,2.5,11.0,5.091181010007858,-16.90881898999214,False,approach_gt,"[20.9088191986084, 7.513497352600098]",4.0,2.0,rvtA7c1I4xo_1,rvtA7c1I4xo,2-5s,control,1,15.0
9,13.908818989992142,7.908818989992142,5.0,11.0,3.0911810100078583,-8.908818989992142,False,approach_gt,"[20.9088191986084, 6.859643936157227]",2.0,1.0,rvtA7c1I4xo_2,rvtA7c1I4xo,2-5s,harmful,0,13.0
7,2.3526042699813843,21.147395730018616,7.0,10.0,-11.147395730018616,4.647395730018616,False,approach_neither,"[35.147396087646484, 26.201440811157227]",24.0,5.0,rvtA7c1I4xo_3,rvtA7c1I4xo,2-5s,control,0,14.0
6,78.17351537942886,13.326484620571136,82.5,9.0,-4.3264846205711365,4.3264846205711365,True,begin_hard_and_remain,"[47.32648468017578, 48.00288009643555]",43.0,2.0,rvtA7c1I4xo_4,rvtA7c1I4xo,2-5s,harmful,0,34.0
7,7.609374761581421,33.10937476158142,0.5,7.5,-25.60937476158142,-7.109374761581421,False,approach_gt,"[81.109375, 58.25824737548828]",55.5,4.25,sTMKled6Q1M_1,sTMKled6Q1M,2-5s,control,0,48.0
3,20.905303478240967,64.40530347824097,21.5,2.5,-61.90530347824097,0.5946965217590332,True,begin_gt_move_hard,"[228.59469604492188, 287.303955078125]",290.5,3.0,sTMKled6Q1M_2,sTMKled6Q1M,2-5s,control,1,293.0
6,182.28503549098969,92.71496450901031,199.5,75.5,-17.214964509010315,17.214964509010315,True,begin_hard_and_remain,"[109.2149658203125, 95.82687377929688]",92.0,4.666666666666667,sTMKled6Q1M_3,sTMKled6Q1M,2-5s,harmful,0,16.5
0,15.526702582836151,6.026702582836151,17.0,7.5,1.4732974171638489,1.4732974171638489,False,begin_hard_and_remain,"[48.026702880859375, 49.514373779296875]",49.5,37.0,sVYTOURVsQ0_2,sVYTOURVsQ0,0-2s,control,1,42.0
9,9.901943117380142,3.901943117380142,0.5,5.5,1.5980568826198578,-9.401943117380142,False,approach_gt,"[11.90194320678711, 4.1702375411987305]",2.5,1.5,sl_Pxpc7beo_1,sl_Pxpc7beo,2-5s,control,0,8.0
9,5.776083633303642,1.7239163666963577,1.5,9.0,7.276083633303642,-4.276083633303642,False,approach_gt,"[10.776083946228027, 3.6962854862213135]",3.5,1.5,sqsI2UyrcBQ_1,sqsI2UyrcBQ,2-5s,harmful,0,12.5
0,0.8880002498626709,2.388000249862671,0.5,3.0,0.6119997501373291,-0.3880002498626709,False,approach_gt,"[100.11199951171875, 108.95303344726562]",105.5,2.3333333333333335,szkiW0GXEOI_1,szkiW0GXEOI,2-5s,control,0,102.5
7,3.1733853220939636,23.673385322093964,1.0,19.5,-4.173385322093964,-2.1733853220939636,False,approach_gt,"[32.17338562011719, 29.7442569732666]",28.0,12.0,t1hj7se76wQ_2,t1hj7se76wQ,2-5s,control,0,8.5
7,7.326614677906036,12.673385322093964,7.5,12.5,-0.17338532209396362,0.17338532209396362,False,approach_neither,"[32.17338562011719, 32.19990158081055]",32.0,5.0,t1hj7se76wQ_3,t1hj7se76wQ,2-5s,control,0,19.5
3,25.733598113059998,112.73359811306,67.5,154.5,41.76640188694,41.76640188694,False,approach_neither,"[189.7335968017578, 232.0063018798828]",231.5,2.25,t4prXmPwthg_2,t4prXmPwthg,2-5s,harmful,1,77.0
6,0.7747624218463898,6.22523757815361,0.5,7.5,1.2747624218463898,-0.27476242184638977,False,approach_gt,"[38.22523880004883, 40.044044494628906]",39.5,1.75,tIM-H2rdq8U_2,tIM-H2rdq8U,2-5s,control,0,32.0
7,40.1117188334465,3.1117188334465027,42.5,5.5,2.3882811665534973,2.3882811665534973,False,begin_hard_and_remain,"[28.388280868530273, 27.157352447509766]",26.0,6.0,tIM-H2rdq8U_3,tIM-H2rdq8U,0-2s,control,0,31.5
5,35.55298316478729,26.052983164787292,52.0,42.5,16.447016835212708,16.447016835212708,False,begin_hard_and_remain,"[72.55298614501953, 88.24604797363281]",89.0,3.0,tIM-H2rdq8U_4,tIM-H2rdq8U,2-5s,control,1,46.5
9,33.384155213832855,18.384155213832855,0.0,15.0,-3.3841552138328552,-33.384155213832855,False,approach_gt,"[35.3841552734375, 8.057419776916504]",2.0,1.0,taYKM1OSTwE_1,taYKM1OSTwE,2-5s,control,0,17.0
9,116.11584478616714,25.384155213832855,149.0,7.5,-17.884155213832855,32.884155213832855,True,begin_hard_and_remain,"[35.3841552734375, 9.798121452331543]",2.5,5.0,taYKM1OSTwE_2,taYKM1OSTwE,0-2s,harmful,1,10.0
9,16.031240537762642,9.031240537762642,0.5,7.5,-1.531240537762642,-15.531240537762642,False,approach_gt,"[17.531240463256836, 4.671367168426514]",1.0,0.6666666666666666,tfOIhQpYYe8_1,tfOIhQpYYe8,2-5s,control,0,8.5
9,5.968759462237358,4.531240537762642,15.0,4.5,-0.031240537762641907,9.031240537762642,True,begin_hard_and_remain,"[17.531240463256836, 7.134688854217529]",8.5,2.3333333333333335,tfOIhQpYYe8_2,tfOIhQpYYe8,2-5s,harmful,1,13.0
9,43.590283676981926,46.590283676981926,2.0,1.0,-45.590283676981926,-41.590283676981926,True,begin_gt_move_hard,"[48.09028244018555, 12.851053237915039]",2.5,1.6666666666666667,tjCNwdOUiGc_1,tjCNwdOUiGc,2-5s,harmful,0,1.5
6,16.649085372686386,106.35091462731361,20.0,103.0,-3.350914627313614,3.350914627313614,False,approach_neither,"[108.85091400146484, 105.75847625732422]",105.5,10.333333333333334,tjCNwdOUiGc_4,tjCNwdOUiGc,2-5s,control,1,2.5
0,29.539676129817963,3.0396761298179626,26.5,0.0,-3.0396761298179626,-3.0396761298179626,True,begin_hard_and_remain,"[181.9603271484375, 191.40135192871094]",185.0,8.0,twFypUcdgRc_3,twFypUcdgRc,0-2s,control,1,185.0
3,224.59469652175903,0.5946965217590332,267.0,43.0,42.40530347824097,42.40530347824097,False,begin_hard_and_remain,"[228.59469604492188, 277.613037109375]",271.0,1.5,txeXrpoMST4_1,txeXrpoMST4,2-5s,control,0,228.0
3,7.905303478240967,1.0946965217590332,24.5,43.0,41.90530347824097,16.594696521759033,False,approach_neither,"[228.59469604492188, 276.20550537109375]",270.5,1.25,txeXrpoMST4_4,txeXrpoMST4,2-5s,control,1,227.5
0,32.75329679250717,5.746703207492828,27.5,1.0,-4.746703207492828,-5.253296792507172,True,begin_hard_and_remain,"[202.2532958984375, 212.88308715820312]",209.0,10.0,uJzAf4PaExI_2,uJzAf4PaExI,0-2s,control,1,208.0
0,4.253296792507172,4.746703207492828,9.5,0.5,-4.246703207492828,5.246703207492828,True,begin_gt_move_hard,"[202.2532958984375, 210.56777954101562]",207.5,3.25,uJzAf4PaExI_3,uJzAf4PaExI,2-5s,harmful,1,207.0
0,12.746703207492828,52.25329679250717,7.0,72.0,19.74670320749283,-5.746703207492828,False,approach_gt,"[202.2532958984375, 225.25347900390625]",222.0,8.0,uY4fe5DT1gI_1,uY4fe5DT1gI,2-5s,harmful,1,150.0
9,168.90971632301807,19.090283676981926,199.5,11.5,-7.590283676981926,30.590283676981926,True,begin_hard_and_remain,"[48.09028244018555, 24.3780574798584]",17.5,13.5,uY4fe5DT1gI_2,uY4fe5DT1gI,2-5s,control,1,29.0
7,6.748645901679993,9.251354098320007,16.5,0.5,-8.751354098320007,9.751354098320007,True,begin_gt_move_hard,"[23.251354217529297, 16.706857681274414]",13.5,1.5,uhSDBwVrEdo_2,uhSDBwVrEdo,2-5s,control,0,14.0
4,1.9756081700325012,2.024391829967499,14.0,18.0,15.975608170032501,12.024391829967499,False,approach_neither,"[175.52439880371094, 197.2786865234375]",191.5,3.25,up2PpjTzyyc_1,up2PpjTzyyc,2-5s,control,1,173.5
7,46.16911441087723,31.330885589122772,27.5,50.0,18.669114410877228,-18.669114410877228,False,approach_gt,"[58.66911315917969, 46.779544830322266]",40.0,10.0,vfNKduToki4_1,vfNKduToki4,0-2s,harmful,1,90.0
6,9.374833792448044,14.874833792448044,5.0,10.5,-4.374833792448044,-4.374833792448044,False,approach_gt,"[49.87483215332031, 46.372764587402344]",45.5,1.6666666666666667,vigslb0kClE_2,vigslb0kClE,2-5s,harmful,1,35.0
9,8.395366355776787,48.89536635577679,0.0,58.5,9.604633644223213,-8.395366355776787,False,approach_gt,"[20.104633331298828, 10.466205596923828]",10.5,3.0,vruDH_YLaPI_1,vruDH_YLaPI,0-2s,harmful,0,69.0
9,3.895366355776787,1.1046336442232132,1.0,7.0,5.895366355776787,-2.895366355776787,False,approach_gt,"[20.104633331298828, 13.599846839904785]",12.0,2.0,vruDH_YLaPI_2,vruDH_YLaPI,2-5s,control,0,19.0
4,3.1202375292778015,60.3797624707222,2.0,61.5,1.1202375292778015,-1.1202375292778015,False,approach_gt,"[73.3797607421875, 77.65100860595703]",74.5,5.0,vruDH_YLaPI_3,vruDH_YLaPI,0-2s,control,0,13.0
6,69.0261165201664,20.026116520166397,50.0,1.0,-19.026116520166397,-19.026116520166397,True,begin_hard_and_remain,"[103.02611541748047, 92.5251693725586]",84.0,5.0,wAZrOPvul4Y_1,wAZrOPvul4Y,2-5s,harmful,1,83.0
9,8.909716323018074,46.590283676981926,3.5,7.0,-39.590283676981926,-5.409716323018074,False,approach_gt,"[48.09028244018555, 15.386844635009766]",8.5,3.75,wBs02amFGXs_2,wBs02amFGXs,2-5s,harmful,0,1.5
7,8.152447998523712,5.152447998523712,10.5,7.5,2.347552001476288,2.347552001476288,False,begin_hard_and_remain,"[27.847551345825195, 25.996044158935547]",25.5,4.5,wnqUgK_-fo4_1,wnqUgK_-fo4,2-5s,control,1,33.0
9,13.101195707917213,14.601195707917213,1.5,0.0,-14.601195707917213,-11.601195707917213,True,begin_gt_move_hard,"[15.601195335388184, 3.1721034049987793]",1.0,2.0,woadpeAGHUQ_1,woadpeAGHUQ,0-2s,control,0,1.0
5,1.5078871250152588,56.00788712501526,11.5,66.0,9.992112874984741,9.992112874984741,False,approach_neither,"[76.00788879394531, 88.0190200805664]",86.0,4.0,x5AH2gW_8S4_2,x5AH2gW_8S4,0-2s,harmful,1,20.0
9,15.503737047314644,6.496262952685356,26.0,4.0,-2.496262952685356,10.496262952685356,True,begin_hard_and_remain,"[18.49626350402832, 9.911879539489746]",8.0,3.0,xUWSHYoslPQ_2,xUWSHYoslPQ,2-5s,harmful,0,12.0
6,4.214964509010315,39.285035490989685,4.5,51.5,12.214964509010315,0.28503549098968506,False,approach_neither,"[109.2149658203125, 104.4561538696289]",97.0,3.0,xbLW9Wt1Jsg_3,xbLW9Wt1Jsg,2-5s,control,0,148.5
7,13.109374761581421,103.39062523841858,7.5,124.5,21.10937476158142,-5.609374761581421,False,approach_gt,"[81.109375, 64.0411376953125]",60.0,5.0,yfYNPWs7mWY_2,yfYNPWs7mWY,2-5s,control,1,184.5
4,71.38914394378662,43.88914394378662,87.0,59.5,15.610856056213379,15.610856056213379,False,begin_hard_and_remain,"[140.88914489746094, 161.70433044433594]",156.5,9.0,yrxa6_P2I80_2,yrxa6_P2I80,0-2s,harmful,1,97.0
9,18.433183655142784,75.06681634485722,3.5,97.0,21.933183655142784,-14.933183655142784,False,approach_gt,"[29.433183670043945, 12.037900924682617]",7.5,3.0,z1ax0QPpd14_1,z1ax0QPpd14,2-5s,harmful,0,104.5
6,75.87887164950371,42.62112835049629,93.0,25.5,-17.121128350496292,17.121128350496292,True,begin_hard_and_remain,"[66.62113189697266, 52.82097244262695]",49.5,11.0,z1ax0QPpd14_3,z1ax0QPpd14,0-2s,harmful,0,24.0
9,48.74887925386429,14.751120746135712,88.0,24.5,9.748879253864288,39.25112074613571,False,begin_hard_and_remain,"[48.251121520996094, 15.756477355957031]",9.0,7.0,zBXoaQ1GVlc_3,zBXoaQ1GVlc,2-5s,control,1,33.5
6,1.649085372686386,11.350914627313614,5.0,7.0,-4.350914627313614,3.350914627313614,False,approach_neither,"[108.85091400146484, 103.13819122314453]",104.5,1.75,zoctgurhvHE_1,zoctgurhvHE,2-5s,control,0,97.5
9,16.650523260235786,2.8494767397642136,22.5,3.0,0.15052326023578644,5.849476739764214,False,begin_hard_and_remain,"[13.34947681427002, 9.524505615234375]",7.5,3.6666666666666665,ztSjcZNUY7A_2,ztSjcZNUY7A,2-5s,control,0,10.5
6,6.714964509010315,32.714964509010315,18.0,8.0,-24.714964509010315,11.285035490989685,True,begin_gt_move_hard,"[109.2149658203125, 90.71765899658203]",84.5,13.0,zwoqJY03yHE_1,zwoqJY03yHE,0-2s,harmful,1,76.5
4,1.8885700702667236,32.888570070266724,17.5,0.5,-32.388570070266724,15.611429929733276,True,begin_gt_move_hard,"[176.11143493652344, 208.6119384765625]",208.5,0.75,zwoqJY03yHE_2,zwoqJY03yHE,2-5s,control,0,209.0
5,6.2942376136779785,21.20576238632202,2.0,10.5,-10.705762386322021,-4.2942376136779785,False,approach_gt,"[207.2942352294922, 243.68556213378906]",239.0,5.0,zwoqJY03yHE_4,zwoqJY03yHE,2-5s,harmful,0,228.5
