qid,vid,duration_bin,gt_duration_sec,audio_duration_sec,hard_center_hit10_2s,random25_center_hit10_2s_mean,hard_minus_random_center,cohort,p3_location_failure,replacement_status,replacement_unit,removed_random_token,added_hard_token,hard_peak_component_size,random25_top1_center_sec,replacement_top1_center_sec,random25_top1_width_gt_ratio,replacement_top1_width_gt_ratio,random25_best_gt_center_rank,replacement_best_gt_center_rank,random25_gt_center_density_top10,replacement_gt_center_density_top10
--0w1YA1Hm4_1,--0w1YA1Hm4,0-2s,1.0,299.0,0.0,0.7,-0.7,harmful,0,VALID_TOKEN_LEVEL,single_token; peak-level replacement not claimed,151,52,1,146.5,74.0,9.0,10.0,11,11,0,0
--0w1YA1Hm4_2,--0w1YA1Hm4,2-5s,4.0,299.0,0.0,0.8,-0.8,harmful,0,VALID_TOKEN_LEVEL,single_token; peak-level replacement not claimed,186,179,3,291.0,291.0,2.0,2.0,11,11,0,0
-FW109cbv0g_4,-FW109cbv0g,2-5s,2.0,96.0,0.0,1.0,-1.0,harmful,0,VALID_TOKEN_LEVEL,single_token; peak-level replacement not claimed,76,14,2,63.0,63.5,2.0,2.5,2,3,2,2
-FW109cbv0g_5,-FW109cbv0g,2-5s,3.0,96.0,0.0,0.9,-0.9,harmful,0,VALID_TOKEN_LEVEL,single_token; peak-level replacement not claimed,10,16,2,4.5,5.0,1.0,1.3333333333333333,8,8,1,1
-NrFeH-kBSM_4,-NrFeH-kBSM,2-5s,4.0,300.0,0.0,0.4,-0.4,harmful,0,VALID_TOKEN_LEVEL,single_token; peak-level replacement not claimed,97,7,8,205.5,206.5,3.25,3.25,11,11,0,0
-nQHwrRLfc0_2,-nQHwrRLfc0,0-2s,1.0,165.0,0.0,0.7,-0.7,harmful,0,VALID_TOKEN_LEVEL,single_token; peak-level replacement not claimed,70,0,12,5.0,4.5,8.0,7.0,3,3,1,1
0AsXkZkqelg_1,0AsXkZkqelg,2-5s,4.0,172.0,0.0,0.8,-0.8,harmful,0,VALID_TOKEN_LEVEL,single_token; peak-level replacement not claimed,35,4,24,2.5,2.5,1.25,1.25,1,1,1,1
0a9wVat2PWk_2,0a9wVat2PWk,2-5s,4.0,300.0,0.0,0.5,-0.5,harmful,1,VALID_TOKEN_LEVEL,single_token; peak-level replacement not claimed,293,119,4,108.5,108.5,3.25,3.25,11,11,0,0
0a9wVat2PWk_4,0a9wVat2PWk,2-5s,4.0,300.0,0.0,0.6,-0.6,harmful,0,VALID_TOKEN_LEVEL,single_token; peak-level replacement not claimed,115,111,3,17.5,111.5,3.25,2.75,4,11,1,0
14izd_i3ryE_3,14izd_i3ryE,2-5s,2.0,299.0,0.0,0.4,-0.4,harmful,1,VALID_TOKEN_LEVEL,single_token; peak-level replacement not claimed,21,47,11,45.0,45.0,6.0,6.0,3,3,1,1
1FNJbN-eHY4_1,1FNJbN-eHY4,2-5s,4.0,177.0,0.0,0.7,-0.7,harmful,1,VALID_TOKEN_LEVEL,single_token; peak-level replacement not claimed,169,11,28,4.0,7.0,2.0,2.0,8,11,1,0
1GgEpRZDWN0_1,1GgEpRZDWN0,2-5s,2.0,300.0,0.0,0.6,-0.6,harmful,1,VALID_TOKEN_LEVEL,single_token; peak-level replacement not claimed,146,170,4,18.0,18.5,5.0,4.5,11,11,0,0
1Og2TJ3bXW0_2,1Og2TJ3bXW0,2-5s,3.0,300.0,0.0,0.2,-0.2,harmful,1,VALID_TOKEN_LEVEL,single_token; peak-level replacement not claimed,154,73,6,74.5,72.5,1.6666666666666667,1.6666666666666667,11,11,0,0
1WTSW96XP6E_2,1WTSW96XP6E,2-5s,2.0,300.0,0.0,0.1,-0.1,harmful,1,VALID_TOKEN_LEVEL,single_token; peak-level replacement not claimed,119,126,2,194.0,126.5,5.0,4.5,11,11,0,0
27HIamF8pKo_3,27HIamF8pKo,0-2s,1.0,140.0,0.0,0.7,-0.7,harmful,0,VALID_TOKEN_LEVEL,single_token; peak-level replacement not claimed,69,17,15,21.5,21.5,9.0,9.0,3,3,1,1
3RultJjvTWI_2,3RultJjvTWI,0-2s,1.0,299.0,0.0,0.1,-0.1,harmful,1,VALID_TOKEN_LEVEL,single_token; peak-level replacement not claimed,282,5,10,8.5,7.5,9.0,11.0,11,11,0,0
3VHpLxtd498_3,3VHpLxtd498,0-2s,1.0,242.0,0.0,0.3,-0.3,harmful,1,VALID_TOKEN_LEVEL,single_token; peak-level replacement not claimed,145,105,1,143.5,143.5,13.0,13.0,4,11,1,0
3VHpLxtd498_4,3VHpLxtd498,2-5s,3.0,242.0,0.0,0.6,-0.6,harmful,0,VALID_TOKEN_LEVEL,single_token; peak-level replacement not claimed,203,105,1,141.0,140.5,5.333333333333333,5.0,11,11,0,0
473wBEwC35M_1,473wBEwC35M,2-5s,2.0,300.0,0.0,0.3,-0.3,harmful,1,VALID_TOKEN_LEVEL,single_token; peak-level replacement not claimed,239,135,2,206.5,206.5,11.5,11.5,9,9,1,1
4UPOUGVMlEs_3,4UPOUGVMlEs,2-5s,2.0,84.0,0.0,0.9,-0.9,harmful,0,VALID_TOKEN_LEVEL,single_token; peak-level replacement not claimed,22,44,4,54.5,44.0,1.5,2.0,5,6,1,1
52IxrdTxGs4_2,52IxrdTxGs4,0-2s,1.0,213.0,0.0,0.9,-0.9,harmful,0,VALID_TOKEN_LEVEL,single_token; peak-level replacement not claimed,161,66,10,198.0,198.0,6.0,6.0,11,11,0,0
52IxrdTxGs4_4,52IxrdTxGs4,0-2s,1.0,213.0,0.0,0.9,-0.9,harmful,0,VALID_TOKEN_LEVEL,single_token; peak-level replacement not claimed,121,2,29,6.0,6.5,12.0,11.0,3,3,1,1
5G6b_QWL3nY_3,5G6b_QWL3nY,2-5s,4.0,246.0,0.0,1.0,-1.0,harmful,0,VALID_TOKEN_LEVEL,single_token; peak-level replacement not claimed,184,205,4,71.0,207.0,2.5,2.0,4,4,1,1
6Nvu6EcpdE8_2,6Nvu6EcpdE8,0-2s,1.0,211.0,0.0,0.4,-0.4,harmful,0,VALID_TOKEN_LEVEL,single_token; peak-level replacement not claimed,122,39,1,48.5,48.5,5.0,5.0,11,11,0,0
6Nvu6EcpdE8_3,6Nvu6EcpdE8,0-2s,1.0,211.0,0.0,0.3,-0.3,harmful,1,VALID_TOKEN_LEVEL,single_token; peak-level replacement not claimed,133,71,1,116.0,115.5,10.0,11.0,11,11,0,0
7JWHbs3gu1w_1,7JWHbs3gu1w,2-5s,2.0,296.0,0.0,0.6,-0.6,harmful,1,VALID_TOKEN_LEVEL,single_token; peak-level replacement not claimed,209,271,18,183.0,270.5,6.0,6.5,4,4,1,1
7P0N61TVOxE_3,7P0N61TVOxE,2-5s,2.0,299.0,0.0,0.3,-0.3,harmful,1,VALID_TOKEN_LEVEL,single_token; peak-level replacement not claimed,206,34,19,59.5,58.0,7.5,8.0,11,11,0,0
7P6lcyeDKNI_1,7P6lcyeDKNI,2-5s,2.0,98.0,0.0,0.3,-0.3,harmful,1,VALID_TOKEN_LEVEL,single_token; peak-level replacement not claimed,39,20,1,68.0,20.5,5.0,3.5,9,9,1,1
7XXSOzDQ2z0_3,7XXSOzDQ2z0,2-5s,4.0,297.0,0.0,0.1,-0.1,harmful,1,VALID_TOKEN_LEVEL,single_token; peak-level replacement not claimed,39,260,4,144.5,144.5,2.75,2.75,11,11,0,0
83j4GgHXTLE_1,83j4GgHXTLE,2-5s,3.0,220.0,0.0,0.3,-0.3,harmful,0,VALID_TOKEN_LEVEL,single_token; peak-level replacement not claimed,213,95,6,98.5,95.0,3.0,3.3333333333333335,11,11,0,0
8o-Y4QP8LWs_2,8o-Y4QP8LWs,2-5s,4.0,300.0,0.0,0.3,-0.3,harmful,1,VALID_TOKEN_LEVEL,single_token; peak-level replacement not claimed,216,42,8,54.5,53.0,2.75,3.0,11,11,0,0
9F3sutgYTvo_2,9F3sutgYTvo,2-5s,2.0,69.0,0.0,0.8,-0.8,harmful,0,VALID_TOKEN_LEVEL,single_token; peak-level replacement not claimed,51,18,7,10.0,10.0,6.0,6.0,11,3,0,1
9dLLsZVRSZI_1,9dLLsZVRSZI,0-2s,1.0,225.0,0.0,1.0,-1.0,harmful,0,VALID_TOKEN_LEVEL,single_token; peak-level replacement not claimed,112,190,1,118.0,118.0,4.0,4.0,1,1,1,1
9ucb5HYO8ps_2,9ucb5HYO8ps,2-5s,2.0,238.0,0.0,1.0,-1.0,harmful,0,VALID_TOKEN_LEVEL,single_token; peak-level replacement not claimed,227,17,43,17.0,16.0,5.0,5.0,6,11,1,0
9vZDsGjyh5M_1,9vZDsGjyh5M,2-5s,2.0,117.0,0.0,0.9,-0.9,harmful,0,VALID_TOKEN_LEVEL,single_token; peak-level replacement not claimed,35,50,1,77.0,77.0,2.0,2.0,11,11,0,0
9z2OwpftxUE_2,9z2OwpftxUE,2-5s,2.0,208.0,0.0,0.5,-0.5,harmful,1,VALID_TOKEN_LEVEL,single_token; peak-level replacement not claimed,97,10,1,10.5,10.0,9.5,9.0,7,7,1,1
AtkD-3GjXMw_1,AtkD-3GjXMw,2-5s,2.0,132.0,0.0,0.9,-0.9,harmful,0,VALID_TOKEN_LEVEL,single_token; peak-level replacement not claimed,70,115,2,1.5,1.5,1.5,1.5,1,1,1,1
Axd__X2rixk_1,Axd__X2rixk,2-5s,2.0,267.0,0.0,0.2,-0.2,harmful,1,VALID_TOKEN_LEVEL,single_token; peak-level replacement not claimed,241,14,39,15.0,14.0,5.0,5.0,11,11,0,0
BA-lFjpzad4_2,BA-lFjpzad4,0-2s,1.0,64.0,0.0,1.0,-1.0,harmful,0,VALID_TOKEN_LEVEL,single_token; peak-level replacement not claimed,41,0,11,4.0,3.0,4.0,4.0,2,2,1,1
BDpU2Qh77NE_1,BDpU2Qh77NE,0-2s,1.0,248.0,0.0,0.8,-0.8,harmful,1,VALID_TOKEN_LEVEL,single_token; peak-level replacement not claimed,176,26,9,21.5,23.5,15.0,15.0,11,11,0,0
BL8ksJ0sTXk_3,BL8ksJ0sTXk,0-2s,1.0,299.0,0.0,0.8,-0.8,harmful,1,VALID_TOKEN_LEVEL,single_token; peak-level replacement not claimed,124,3,2,86.0,11.5,6.0,11.0,1,2,1,1
BMayJId0X1s_1,BMayJId0X1s,2-5s,3.0,193.0,0.0,1.0,-1.0,harmful,0,VALID_TOKEN_LEVEL,single_token; peak-level replacement not claimed,152,172,1,113.0,114.5,4.0,4.333333333333333,2,3,2,2
CO6-i8NLbeo_1,CO6-i8NLbeo,2-5s,4.0,187.0,0.0,0.1,-0.1,harmful,0,VALID_TOKEN_LEVEL,single_token; peak-level replacement not claimed,49,0,10,74.5,5.0,2.25,2.5,11,11,0,0
CefFMA3klxk_1,CefFMA3klxk,0-2s,1.0,299.0,0.0,0.1,-0.1,harmful,1,VALID_TOKEN_LEVEL,single_token; peak-level replacement not claimed,269,131,17,121.5,124.5,9.0,9.0,2,11,1,0
CefFMA3klxk_3,CefFMA3klxk,2-5s,2.0,299.0,0.0,0.8,-0.8,harmful,1,VALID_TOKEN_LEVEL,single_token; peak-level replacement not claimed,200,111,38,116.5,111.5,5.5,6.5,11,11,0,0
CvNAwby6Xos_1,CvNAwby6Xos,2-5s,4.0,299.0,0.0,0.9,-0.9,harmful,1,VALID_TOKEN_LEVEL,single_token; peak-level replacement not claimed,245,81,3,97.5,57.0,1.75,2.0,2,1,1,1
Dn3buZWMzwY_4,Dn3buZWMzwY,2-5s,2.0,99.0,0.0,0.8,-0.8,harmful,0,VALID_TOKEN_LEVEL,single_token; peak-level replacement not claimed,59,17,5,25.0,24.0,8.0,9.0,1,1,3,2
E3D_z0aoUEg_4,E3D_z0aoUEg,2-5s,3.0,158.0,0.0,1.0,-1.0,harmful,0,VALID_TOKEN_LEVEL,single_token; peak-level replacement not claimed,121,146,6,153.0,153.0,2.0,2.0,3,3,1,1
ECw5Yf7QoMo_3,ECw5Yf7QoMo,2-5s,2.0,299.0,0.0,0.1,-0.1,harmful,1,VALID_TOKEN_LEVEL,single_token; peak-level replacement not claimed,106,4,26,6.5,6.5,5.5,5.5,11,11,0,0
EcihYbSlyck_3,EcihYbSlyck,2-5s,2.0,157.0,0.0,0.3,-0.3,harmful,1,VALID_TOKEN_LEVEL,single_token; peak-level replacement not claimed,106,16,6,46.0,59.0,8.0,6.0,8,9,1,1
ErxgH5g3Kx0_2,ErxgH5g3Kx0,2-5s,2.0,210.0,0.0,1.0,-1.0,harmful,0,VALID_TOKEN_LEVEL,single_token; peak-level replacement not claimed,120,97,30,74.0,95.0,3.0,3.0,6,7,2,2
FXdoNvmrYxo_2,FXdoNvmrYxo,2-5s,4.0,299.0,0.0,0.9,-0.9,harmful,0,VALID_TOKEN_LEVEL,single_token; peak-level replacement not claimed,124,107,7,97.0,103.0,2.0,2.5,2,1,1,2
GGgQR7aIofY_3,GGgQR7aIofY,2-5s,3.0,168.0,0.0,0.6,-0.6,harmful,1,VALID_TOKEN_LEVEL,single_token; peak-level replacement not claimed,74,59,20,65.5,65.5,2.3333333333333335,2.3333333333333335,7,3,1,2
GOD8Bt5LfDE_2,GOD8Bt5LfDE,2-5s,3.0,129.0,0.0,0.2,-0.2,harmful,1,VALID_TOKEN_LEVEL,single_token; peak-level replacement not claimed,107,120,1,112.5,112.5,3.0,3.0,11,11,0,0
Gkb4f6yodPE_2,Gkb4f6yodPE,2-5s,3.0,299.0,0.0,0.8,-0.8,harmful,1,VALID_TOKEN_LEVEL,single_token; peak-level replacement not claimed,6,296,5,271.0,273.0,4.666666666666667,4.0,11,11,0,0
Hdxfbpnd2-8_3,Hdxfbpnd2-8,2-5s,2.0,299.0,0.0,0.9,-0.9,harmful,1,VALID_TOKEN_LEVEL,single_token; peak-level replacement not claimed,130,0,44,4.0,4.0,4.0,4.0,11,2,0,1
Hdxfbpnd2-8_4,Hdxfbpnd2-8,0-2s,1.0,299.0,0.0,0.3,-0.3,harmful,0,VALID_TOKEN_LEVEL,single_token; peak-level replacement not claimed,130,53,2,214.5,49.5,11.0,9.0,6,7,1,1
I4HpYGMMsz4_1,I4HpYGMMsz4,2-5s,4.0,238.0,0.0,0.1,-0.1,harmful,1,VALID_TOKEN_LEVEL,single_token; peak-level replacement not claimed,26,9,35,28.5,25.0,10.25,9.0,11,11,0,0
IJ6pm5Kns8A_1,IJ6pm5Kns8A,2-5s,2.0,209.0,0.0,0.2,-0.2,harmful,1,VALID_TOKEN_LEVEL,single_token; peak-level replacement not claimed,73,83,5,79.0,83.0,4.0,4.0,11,11,0,0
IsUG5SKWNZA_2,IsUG5SKWNZA,2-5s,2.0,134.0,0.0,0.2,-0.2,harmful,0,VALID_TOKEN_LEVEL,single_token; peak-level replacement not claimed,33,52,1,50.5,51.0,2.5,2.0,11,11,0,0
ItS07xtdi4s_5,ItS07xtdi4s,0-2s,1.0,160.0,0.0,0.4,-0.4,harmful,0,VALID_TOKEN_LEVEL,single_token; peak-level replacement not claimed,51,82,2,60.5,79.5,5.0,7.0,9,11,1,0
JZloTOdIY_c_3,JZloTOdIY_c,2-5s,3.0,88.0,0.0,0.2,-0.2,harmful,1,VALID_TOKEN_LEVEL,single_token; peak-level replacement not claimed,18,12,4,8.5,9.0,3.0,3.3333333333333335,11,4,0,1
JmWaRt8-u0s_1,JmWaRt8-u0s,2-5s,4.0,300.0,0.0,0.4,-0.4,harmful,1,VALID_TOKEN_LEVEL,single_token; peak-level replacement not claimed,208,32,26,16.0,17.0,5.0,5.0,2,2,1,1
K-7Y8yhcUiw_3,K-7Y8yhcUiw,2-5s,3.0,85.0,0.0,0.5,-0.5,harmful,1,VALID_TOKEN_LEVEL,single_token; peak-level replacement not claimed,40,82,2,81.5,80.5,1.0,1.0,11,11,0,0
Kel-hfZ_9h8_4,Kel-hfZ_9h8,0-2s,1.0,147.0,0.0,0.6,-0.6,harmful,1,VALID_TOKEN_LEVEL,single_token; peak-level replacement not claimed,36,116,3,47.5,47.5,3.0,3.0,11,11,0,0
KnsKf9KoNds_1,KnsKf9KoNds,0-2s,1.0,299.0,0.0,0.4,-0.4,harmful,1,VALID_TOKEN_LEVEL,single_token; peak-level replacement not claimed,190,0,3,5.5,2.0,7.0,4.0,2,2,1,1
KvrcRMfFzOE_1,KvrcRMfFzOE,2-5s,4.0,186.0,0.0,1.0,-1.0,harmful,0,VALID_TOKEN_LEVEL,single_token; peak-level replacement not claimed,136,183,5,10.5,10.0,1.25,1.5,8,8,1,1
LCwSUVuTyvg_2,LCwSUVuTyvg,2-5s,4.0,300.0,0.0,0.4,-0.4,harmful,0,VALID_TOKEN_LEVEL,single_token; peak-level replacement not claimed,275,32,35,21.5,24.0,2.75,3.0,11,5,0,1
LP_DzNUkAKY_1,LP_DzNUkAKY,0-2s,1.0,300.0,0.0,1.0,-1.0,harmful,0,VALID_TOKEN_LEVEL,single_token; peak-level replacement not claimed,145,122,3,3.0,3.0,6.0,6.0,1,1,1,1
LP_DzNUkAKY_2,LP_DzNUkAKY,2-5s,4.0,300.0,0.0,1.0,-1.0,harmful,0,VALID_TOKEN_LEVEL,single_token; peak-level replacement not claimed,201,122,2,216.5,215.5,3.25,3.25,4,1,2,3
LVvS3s9dFKw_2,LVvS3s9dFKw,2-5s,3.0,226.0,0.0,0.5,-0.5,harmful,1,VALID_TOKEN_LEVEL,single_token; peak-level replacement not claimed,66,173,3,97.5,171.0,3.0,3.3333333333333335,11,9,0,1
LvMA1Wcgu3w_1,LvMA1Wcgu3w,2-5s,2.0,282.0,0.0,1.0,-1.0,harmful,0,VALID_TOKEN_LEVEL,single_token; peak-level replacement not claimed,149,94,1,154.5,154.0,5.5,5.0,1,1,2,2
MkbP_8zJwXU_2,MkbP_8zJwXU,2-5s,2.0,99.0,0.0,0.9,-0.9,harmful,0,VALID_TOKEN_LEVEL,single_token; peak-level replacement not claimed,59,0,12,4.5,2.5,2.5,2.5,6,5,1,1
Ni3dIj90Oa4_2,Ni3dIj90Oa4,2-5s,3.0,299.0,0.0,0.2,-0.2,harmful,1,VALID_TOKEN_LEVEL,single_token; peak-level replacement not claimed,102,21,18,11.0,20.0,5.333333333333333,7.333333333333333,1,11,1,0
NlKlRKz8OKI_2,NlKlRKz8OKI,2-5s,2.0,299.0,0.0,0.9,-0.9,harmful,0,VALID_TOKEN_LEVEL,single_token; peak-level replacement not claimed,46,244,1,190.0,189.5,5.0,4.5,1,1,1,1
ObWjGBJF_94_1,ObWjGBJF_94,2-5s,2.0,299.0,0.0,0.1,-0.1,harmful,1,VALID_TOKEN_LEVEL,single_token; peak-level replacement not claimed,20,67,7,9.5,9.0,7.5,7.0,11,11,0,0
OpiWMltpj44_1,OpiWMltpj44,2-5s,3.0,77.0,0.0,0.9,-0.9,harmful,0,VALID_TOKEN_LEVEL,single_token; peak-level replacement not claimed,49,41,7,21.0,21.0,2.6666666666666665,2.6666666666666665,6,6,1,1
PYP-r0nvbFk_2,PYP-r0nvbFk,0-2s,1.0,121.0,0.0,0.1,-0.1,harmful,1,VALID_TOKEN_LEVEL,single_token; peak-level replacement not claimed,104,43,1,49.0,49.0,4.0,4.0,11,11,0,0
PYP-r0nvbFk_3,PYP-r0nvbFk,0-2s,1.0,121.0,0.0,0.9,-0.9,harmful,0,VALID_TOKEN_LEVEL,single_token; peak-level replacement not claimed,96,28,2,48.5,48.5,5.0,5.0,4,4,1,1
QHfyKaOHSz4_2,QHfyKaOHSz4,2-5s,3.0,82.0,0.0,0.7,-0.7,harmful,1,VALID_TOKEN_LEVEL,single_token; peak-level replacement not claimed,31,47,1,59.0,42.5,1.3333333333333333,1.6666666666666667,11,11,0,0
QKHpSAAjakY_3,QKHpSAAjakY,2-5s,2.0,94.0,0.0,0.4,-0.4,harmful,0,VALID_TOKEN_LEVEL,single_token; peak-level replacement not claimed,51,78,7,58.5,78.0,2.5,3.0,4,1,1,1
QOmV7O9mFwg_2,QOmV7O9mFwg,2-5s,3.0,260.0,0.0,0.6,-0.6,harmful,0,VALID_TOKEN_LEVEL,single_token; peak-level replacement not claimed,21,45,2,210.5,50.0,6.333333333333333,6.0,11,11,0,0
QRtuOWWya30_1,QRtuOWWya30,2-5s,2.0,299.0,0.0,1.0,-1.0,harmful,1,VALID_TOKEN_LEVEL,single_token; peak-level replacement not claimed,124,3,10,9.0,8.0,8.0,8.0,1,4,3,2
QvATUKXYFBs_2,QvATUKXYFBs,2-5s,3.0,119.0,0.0,0.8,-0.8,harmful,1,VALID_TOKEN_LEVEL,single_token; peak-level replacement not claimed,70,26,14,28.5,28.5,1.0,1.0,9,9,1,1
R4fXcbWFhJg_2,R4fXcbWFhJg,2-5s,3.0,133.0,0.0,0.6,-0.6,harmful,0,VALID_TOKEN_LEVEL,single_token; peak-level replacement not claimed,0,9,19,41.0,10.0,1.3333333333333333,3.3333333333333335,1,4,2,2
RfGapDlAYoQ_1,RfGapDlAYoQ,2-5s,3.0,150.0,0.0,0.8,-0.8,harmful,0,VALID_TOKEN_LEVEL,single_token; peak-level replacement not claimed,62,114,6,115.5,115.5,1.6666666666666667,1.6666666666666667,4,4,2,1
RfGapDlAYoQ_2,RfGapDlAYoQ,0-2s,1.0,150.0,0.0,0.1,-0.1,harmful,1,VALID_TOKEN_LEVEL,single_token; peak-level replacement not claimed,127,7,6,116.0,116.0,6.0,6.0,11,11,0,0
RfGapDlAYoQ_3,RfGapDlAYoQ,2-5s,4.0,150.0,0.0,0.3,-0.3,harmful,1,VALID_TOKEN_LEVEL,single_token; peak-level replacement not claimed,124,20,9,138.5,15.0,1.75,1.5,8,8,1,1
Rp4Ct_TQvAM_2,Rp4Ct_TQvAM,2-5s,2.0,299.0,0.0,0.3,-0.3,harmful,1,VALID_TOKEN_LEVEL,single_token; peak-level replacement not claimed,254,277,23,277.0,277.0,6.0,6.0,11,11,0,0
RrmBGjJqlEo_1,RrmBGjJqlEo,2-5s,2.0,300.0,0.0,1.0,-1.0,harmful,0,VALID_TOKEN_LEVEL,single_token; peak-level replacement not claimed,55,95,17,116.0,116.0,5.0,5.0,3,3,2,3
T9_ep-3BZDY_2,T9_ep-3BZDY,0-2s,1.0,299.0,0.0,0.2,-0.2,harmful,1,VALID_TOKEN_LEVEL,single_token; peak-level replacement not claimed,172,23,10,28.5,27.5,21.0,23.0,11,11,0,0
U3CAjsm1sec_1,U3CAjsm1sec,2-5s,4.0,89.0,0.0,0.1,-0.1,harmful,1,VALID_TOKEN_LEVEL,single_token; peak-level replacement not claimed,10,3,5,15.5,2.5,2.75,1.25,11,11,0,0
U90e2P9jy30_1,U90e2P9jy30,2-5s,2.0,300.0,0.0,0.9,-0.9,harmful,0,VALID_TOKEN_LEVEL,single_token; peak-level replacement not claimed,263,144,32,272.5,272.0,5.5,5.0,5,6,2,2
UE3XnVFodMI_1,UE3XnVFodMI,2-5s,4.0,249.0,0.0,0.2,-0.2,harmful,1,VALID_TOKEN_LEVEL,single_token; peak-level replacement not claimed,68,4,18,188.0,4.5,11.0,1.75,11,11,0,0
V4PLSw_WzVw_1,V4PLSw_WzVw,2-5s,4.0,82.0,0.0,0.5,-0.5,harmful,0,VALID_TOKEN_LEVEL,single_token; peak-level replacement not claimed,76,77,14,79.0,77.5,0.5,0.75,1,11,1,0
V8A0VRGdgwM_2,V8A0VRGdgwM,2-5s,2.0,77.0,0.0,0.6,-0.6,harmful,1,VALID_TOKEN_LEVEL,single_token; peak-level replacement not claimed,44,13,2,15.0,15.0,2.0,2.0,11,11,0,0
VZLZ08k3YeA_3,VZLZ08k3YeA,0-2s,1.0,142.0,0.0,0.5,-0.5,harmful,1,VALID_TOKEN_LEVEL,single_token; peak-level replacement not claimed,83,2,4,14.5,2.0,3.0,4.0,2,3,1,1
VjSEIRnLAh8_4,VjSEIRnLAh8,2-5s,2.0,300.0,0.0,0.2,-0.2,harmful,1,VALID_TOKEN_LEVEL,single_token; peak-level replacement not claimed,244,6,43,19.0,16.0,14.0,13.0,11,11,0,0
WUpeplQr3A4_1,WUpeplQr3A4,2-5s,2.0,300.0,0.0,0.3,-0.3,harmful,0,VALID_TOKEN_LEVEL,single_token; peak-level replacement not claimed,102,18,12,11.5,13.0,4.5,4.0,7,11,2,0
WUyeFOyKIg0_1,WUyeFOyKIg0,2-5s,2.0,299.0,0.0,0.3,-0.3,harmful,1,VALID_TOKEN_LEVEL,single_token; peak-level replacement not claimed,271,104,2,226.5,227.5,3.5,3.5,11,11,0,0
ZBtgrP4vU_w_2,ZBtgrP4vU_w,2-5s,2.0,300.0,0.0,0.1,-0.1,harmful,1,VALID_TOKEN_LEVEL,single_token; peak-level replacement not claimed,145,115,6,6.5,6.0,5.5,5.0,1,1,1,1
_YS5uKWoB6g_2,_YS5uKWoB6g,0-2s,1.0,237.0,0.0,0.6,-0.6,harmful,1,VALID_TOKEN_LEVEL,single_token; peak-level replacement not claimed,151,0,13,58.0,13.5,18.0,17.0,2,1,1,1
_oKXrY5Ff0g_3,_oKXrY5Ff0g,2-5s,2.0,82.0,0.0,0.7,-0.7,harmful,1,VALID_TOKEN_LEVEL,single_token; peak-level replacement not claimed,29,6,2,70.0,6.5,10.0,1.5,1,2,1,1
aMhu5eMQAsI_3,aMhu5eMQAsI,2-5s,3.0,170.0,0.0,0.9,-0.9,harmful,1,VALID_TOKEN_LEVEL,single_token; peak-level replacement not claimed,34,29,22,24.5,25.0,3.0,3.3333333333333335,2,2,1,1
aZAXO2WZn84_5,aZAXO2WZn84,0-2s,1.0,300.0,0.0,0.6,-0.6,harmful,0,VALID_TOKEN_LEVEL,single_token; peak-level replacement not claimed,227,16,21,7.0,8.5,14.0,15.0,11,11,0,0
bUTOsLXYyxg_1,bUTOsLXYyxg,2-5s,2.0,300.0,0.0,0.3,-0.3,harmful,1,VALID_TOKEN_LEVEL,single_token; peak-level replacement not claimed,78,10,7,26.5,23.5,5.5,5.5,1,11,1,0
cPiSd5nJLrI_1,cPiSd5nJLrI,2-5s,2.0,60.0,0.0,0.8,-0.8,harmful,1,VALID_TOKEN_LEVEL,single_token; peak-level replacement not claimed,18,2,8,8.0,7.0,6.0,6.0,2,2,4,3
cz0FSQDVBMw_2,cz0FSQDVBMw,0-2s,1.0,248.0,0.0,0.2,-0.2,harmful,1,VALID_TOKEN_LEVEL,single_token; peak-level replacement not claimed,36,138,6,138.0,138.5,8.0,7.0,11,11,0,0
dkiwn2FdDVw_4,dkiwn2FdDVw,2-5s,3.0,300.0,0.0,0.6,-0.6,harmful,1,VALID_TOKEN_LEVEL,single_token; peak-level replacement not claimed,14,68,20,66.5,66.5,4.333333333333333,4.333333333333333,7,7,1,1
e2rScj9UyMs_2,e2rScj9UyMs,0-2s,1.0,225.0,0.0,0.3,-0.3,harmful,0,VALID_TOKEN_LEVEL,single_token; peak-level replacement not claimed,2,224,1,160.0,221.0,14.0,8.0,1,11,1,0
eRU-rABp8nk_2,eRU-rABp8nk,2-5s,2.0,299.0,0.0,0.9,-0.9,harmful,0,VALID_TOKEN_LEVEL,single_token; peak-level replacement not claimed,104,97,2,242.5,242.5,4.5,4.5,11,11,0,0
eUecAF626A8_2,eUecAF626A8,2-5s,3.0,299.0,0.0,0.4,-0.4,harmful,1,VALID_TOKEN_LEVEL,single_token; peak-level replacement not claimed,125,51,41,54.5,52.0,3.0,3.3333333333333335,11,11,0,0
elztUCeNQvQ_2,elztUCeNQvQ,2-5s,3.0,299.0,0.0,0.5,-0.5,harmful,0,VALID_TOKEN_LEVEL,single_token; peak-level replacement not claimed,67,65,30,64.5,65.5,2.3333333333333335,2.3333333333333335,5,11,1,0
eu5bq0A3XVQ_2,eu5bq0A3XVQ,2-5s,2.0,300.0,0.0,0.8,-0.8,harmful,0,VALID_TOKEN_LEVEL,single_token; peak-level replacement not claimed,277,125,16,101.0,113.5,4.0,5.5,1,2,2,1
eu5bq0A3XVQ_3,eu5bq0A3XVQ,2-5s,3.0,300.0,0.0,0.5,-0.5,harmful,0,VALID_TOKEN_LEVEL,single_token; peak-level replacement not claimed,116,9,9,237.5,8.5,4.333333333333333,3.6666666666666665,11,11,0,0
fK4QBQZ6i7w_1,fK4QBQZ6i7w,2-5s,4.0,299.0,0.0,0.6,-0.6,harmful,0,VALID_TOKEN_LEVEL,single_token; peak-level replacement not claimed,33,131,3,237.5,123.5,4.25,2.75,2,3,2,1
fPqj3nnwQOI_3,fPqj3nnwQOI,0-2s,1.0,280.0,0.0,0.7,-0.7,harmful,1,VALID_TOKEN_LEVEL,single_token; peak-level replacement not claimed,94,97,29,86.5,89.5,25.0,27.0,5,5,1,1
fPqj3nnwQOI_4,fPqj3nnwQOI,0-2s,1.0,280.0,0.0,0.3,-0.3,harmful,1,VALID_TOKEN_LEVEL,single_token; peak-level replacement not claimed,133,49,21,66.0,65.0,32.0,34.0,11,11,0,0
gW7s3YAthpI_1,gW7s3YAthpI,2-5s,4.0,299.0,0.0,0.2,-0.2,harmful,1,VALID_TOKEN_LEVEL,single_token; peak-level replacement not claimed,54,16,33,21.5,21.0,3.75,4.0,11,2,0,1
gW7s3YAthpI_2,gW7s3YAthpI,2-5s,3.0,299.0,0.0,0.3,-0.3,harmful,1,VALID_TOKEN_LEVEL,single_token; peak-level replacement not claimed,292,49,9,59.0,57.5,4.0,4.333333333333333,11,11,0,0
gbtcDoh0q3c_2,gbtcDoh0q3c,2-5s,4.0,240.0,0.0,0.1,-0.1,harmful,1,VALID_TOKEN_LEVEL,single_token; peak-level replacement not claimed,121,94,2,58.0,58.0,4.0,4.0,11,11,0,0
gf6H_MWCqjw_4,gf6H_MWCqjw,2-5s,3.0,119.0,0.0,0.3,-0.3,harmful,0,VALID_TOKEN_LEVEL,single_token; peak-level replacement not claimed,80,3,5,13.5,9.5,3.0,3.0,11,10,0,1
glAeihz0NAM_1,glAeihz0NAM,2-5s,4.0,185.0,0.0,0.9,-0.9,harmful,0,VALID_TOKEN_LEVEL,single_token; peak-level replacement not claimed,172,44,5,13.5,13.5,3.25,3.25,6,7,2,2
gr5Zss89yLQ_1,gr5Zss89yLQ,0-2s,1.0,106.0,0.0,1.0,-1.0,harmful,0,VALID_TOKEN_LEVEL,single_token; peak-level replacement not claimed,9,30,3,4.5,5.0,3.0,4.0,1,1,2,2
h3UhoHIMfpw_1,h3UhoHIMfpw,2-5s,2.0,130.0,0.0,1.0,-1.0,harmful,0,VALID_TOKEN_LEVEL,single_token; peak-level replacement not claimed,74,59,2,66.5,66.5,3.5,3.5,1,1,1,1
hDMHIDJdfDA_3,hDMHIDJdfDA,2-5s,2.0,76.0,0.0,0.1,-0.1,harmful,1,VALID_TOKEN_LEVEL,single_token; peak-level replacement not claimed,65,2,7,6.0,5.5,2.0,2.5,11,11,0,0
hmd6pa2e_rs_2,hmd6pa2e_rs,2-5s,2.0,242.0,0.0,0.2,-0.2,harmful,1,VALID_TOKEN_LEVEL,single_token; peak-level replacement not claimed,54,59,16,53.0,55.0,9.0,9.0,11,11,0,0
hzn_wGlzGpU_1,hzn_wGlzGpU,2-5s,2.0,126.0,0.0,1.0,-1.0,harmful,0,VALID_TOKEN_LEVEL,single_token; peak-level replacement not claimed,20,124,2,3.5,3.5,3.5,3.5,1,1,1,2
i6MQCm58zlY_3,i6MQCm58zlY,2-5s,3.0,247.0,0.0,1.0,-1.0,harmful,0,VALID_TOKEN_LEVEL,single_token; peak-level replacement not claimed,113,74,5,104.0,69.0,2.6666666666666665,4.0,1,2,1,1
inSvboaSRwA_2,inSvboaSRwA,0-2s,1.0,299.0,0.0,0.5,-0.5,harmful,0,VALID_TOKEN_LEVEL,single_token; peak-level replacement not claimed,236,69,2,68.5,66.5,7.0,7.0,11,11,0,0
jjfUaMQaG1A_2,jjfUaMQaG1A,0-2s,1.0,300.0,0.0,0.7,-0.7,harmful,1,VALID_TOKEN_LEVEL,single_token; peak-level replacement not claimed,12,214,6,9.5,9.5,9.0,9.0,11,3,0,1
jlwe9jtu5Gw_2,jlwe9jtu5Gw,2-5s,2.0,63.0,0.0,1.0,-1.0,harmful,0,VALID_TOKEN_LEVEL,single_token; peak-level replacement not claimed,30,31,6,33.0,32.5,2.0,2.5,5,5,1,1
kXjzsroVTtw_1,kXjzsroVTtw,0-2s,1.0,92.0,0.0,1.0,-1.0,harmful,1,VALID_TOKEN_LEVEL,single_token; peak-level replacement not claimed,8,1,6,27.5,2.5,3.0,5.0,5,6,1,1
lVr-PxhZo8s_3,lVr-PxhZo8s,0-2s,1.0,69.0,0.0,0.8,-0.8,harmful,0,VALID_TOKEN_LEVEL,single_token; peak-level replacement not claimed,35,5,3,6.0,6.0,8.0,8.0,7,9,1,1
lrKGCtSsAkA_3,lrKGCtSsAkA,0-2s,1.0,240.0,0.0,0.8,-0.8,harmful,0,VALID_TOKEN_LEVEL,single_token; peak-level replacement not claimed,50,237,12,106.0,235.0,50.0,10.0,11,11,0,0
m_U506sf9p4_2,m_U506sf9p4,2-5s,2.0,212.0,0.0,0.7,-0.7,harmful,1,VALID_TOKEN_LEVEL,single_token; peak-level replacement not claimed,133,76,4,7.5,77.0,3.5,3.0,11,11,0,0
m_U506sf9p4_3,m_U506sf9p4,2-5s,2.0,212.0,0.0,1.0,-1.0,harmful,1,VALID_TOKEN_LEVEL,single_token; peak-level replacement not claimed,44,59,8,72.5,57.5,3.5,3.5,2,2,2,3
nLtNjMimLE0_1,nLtNjMimLE0,2-5s,4.0,299.0,0.0,0.3,-0.3,harmful,1,VALID_TOKEN_LEVEL,single_token; peak-level replacement not claimed,250,72,36,83.5,82.5,5.75,5.75,11,11,0,0
nU-AI3Cmc3M_1,nU-AI3Cmc3M,2-5s,3.0,86.0,0.0,1.0,-1.0,harmful,0,VALID_TOKEN_LEVEL,single_token; peak-level replacement not claimed,78,1,4,72.5,2.0,1.6666666666666667,1.3333333333333333,6,6,1,1
oNHCc_izsDE_1,oNHCc_izsDE,0-2s,1.0,106.0,0.0,1.0,-1.0,harmful,0,VALID_TOKEN_LEVEL,single_token; peak-level replacement not claimed,43,37,1,2.0,2.0,4.0,4.0,1,1,1,1
os_2U4xqTqw_4,os_2U4xqTqw,2-5s,4.0,223.0,0.0,0.7,-0.7,harmful,0,VALID_TOKEN_LEVEL,single_token; peak-level replacement not claimed,215,59,3,94.5,56.0,2.75,2.5,4,5,1,1
p9qRTh4BmSE_1,p9qRTh4BmSE,2-5s,2.0,128.0,0.0,0.3,-0.3,harmful,1,VALID_TOKEN_LEVEL,single_token; peak-level replacement not claimed,32,8,7,23.5,26.5,4.5,4.5,11,11,0,0
pCQEWAFGEjc_2,pCQEWAFGEjc,2-5s,4.0,299.0,0.0,0.8,-0.8,harmful,1,VALID_TOKEN_LEVEL,single_token; peak-level replacement not claimed,286,28,50,40.5,34.0,2.25,4.0,2,2,2,1
pHYkWkZ4guE_3,pHYkWkZ4guE,2-5s,2.0,300.0,0.0,0.9,-0.9,harmful,1,VALID_TOKEN_LEVEL,single_token; peak-level replacement not claimed,18,131,13,65.0,64.0,5.0,5.0,1,11,1,0
paf0nyjg1Js_1,paf0nyjg1Js,2-5s,4.0,299.0,0.0,0.4,-0.4,harmful,1,VALID_TOKEN_LEVEL,single_token; peak-level replacement not claimed,298,67,22,63.0,64.0,4.5,4.5,11,11,0,0
pgq2KPX5_SA_2,pgq2KPX5_SA,2-5s,4.0,208.0,0.0,0.2,-0.2,harmful,1,VALID_TOKEN_LEVEL,single_token; peak-level replacement not claimed,79,104,8,51.0,51.0,3.0,3.0,11,11,0,0
q1ivQ_2fddk_3,q1ivQ_2fddk,2-5s,2.0,167.0,0.0,0.9,-0.9,harmful,0,VALID_TOKEN_LEVEL,single_token; peak-level replacement not claimed,50,160,1,9.5,161.0,3.5,3.0,8,8,1,1
qeSl7YZAfs4_2,qeSl7YZAfs4,2-5s,4.0,299.0,0.0,0.5,-0.5,harmful,0,VALID_TOKEN_LEVEL,single_token; peak-level replacement not claimed,233,29,52,36.0,35.0,10.0,10.5,11,11,0,0
rPkCYq4Zjwk_1,rPkCYq4Zjwk,2-5s,3.0,203.0,0.0,0.6,-0.6,harmful,0,VALID_TOKEN_LEVEL,single_token; peak-level replacement not claimed,73,1,3,15.0,12.5,2.6666666666666665,3.6666666666666665,11,10,0,1
rvtA7c1I4xo_2,rvtA7c1I4xo,2-5s,4.0,130.0,0.0,0.9,-0.9,harmful,0,VALID_TOKEN_LEVEL,single_token; peak-level replacement not claimed,51,11,4,1.5,5.0,0.75,1.5,4,1,1,3
rvtA7c1I4xo_4,rvtA7c1I4xo,2-5s,3.0,130.0,0.0,0.8,-0.8,harmful,0,VALID_TOKEN_LEVEL,single_token; peak-level replacement not claimed,128,35,28,93.5,93.5,2.3333333333333335,2.3333333333333335,7,7,1,1
sTMKled6Q1M_3,sTMKled6Q1M,2-5s,3.0,300.0,0.0,0.9,-0.9,harmful,0,VALID_TOKEN_LEVEL,single_token; peak-level replacement not claimed,100,15,5,92.0,91.5,4.666666666666667,4.333333333333333,5,5,1,1
sqsI2UyrcBQ_1,sqsI2UyrcBQ,2-5s,2.0,67.0,0.0,1.0,-1.0,harmful,0,VALID_TOKEN_LEVEL,single_token; peak-level replacement not claimed,12,14,13,3.5,16.5,1.5,1.5,1,2,2,1
t4prXmPwthg_2,t4prXmPwthg,2-5s,4.0,249.0,0.0,0.1,-0.1,harmful,1,VALID_TOKEN_LEVEL,single_token; peak-level replacement not claimed,10,104,10,221.5,221.5,2.25,2.25,11,11,0,0
taYKM1OSTwE_2,taYKM1OSTwE,0-2s,1.0,220.0,0.0,0.3,-0.3,harmful,1,VALID_TOKEN_LEVEL,single_token; peak-level replacement not claimed,71,4,20,2.5,3.5,5.0,7.0,11,11,0,0
tfOIhQpYYe8_2,tfOIhQpYYe8,2-5s,3.0,109.0,0.0,0.1,-0.1,harmful,1,VALID_TOKEN_LEVEL,single_token; peak-level replacement not claimed,65,6,18,9.5,7.5,3.0,3.6666666666666665,11,11,0,0
tjCNwdOUiGc_1,tjCNwdOUiGc,2-5s,3.0,299.0,0.0,1.0,-1.0,harmful,0,VALID_TOKEN_LEVEL,single_token; peak-level replacement not claimed,206,1,3,3.5,4.0,2.3333333333333335,2.6666666666666665,1,1,3,3
uJzAf4PaExI_3,uJzAf4PaExI,2-5s,4.0,299.0,0.0,0.4,-0.4,harmful,1,VALID_TOKEN_LEVEL,single_token; peak-level replacement not claimed,148,204,12,206.0,206.5,2.5,3.25,11,11,0,0
uY4fe5DT1gI_1,uY4fe5DT1gI,2-5s,2.0,299.0,0.0,0.6,-0.6,harmful,1,VALID_TOKEN_LEVEL,single_token; peak-level replacement not claimed,165,147,6,222.0,221.5,8.0,7.5,11,11,0,0
vfNKduToki4_1,vfNKduToki4,0-2s,1.0,217.0,0.0,0.4,-0.4,harmful,1,VALID_TOKEN_LEVEL,single_token; peak-level replacement not claimed,15,89,2,41.0,41.0,10.0,10.0,11,11,0,0
vigslb0kClE_2,vigslb0kClE,2-5s,3.0,137.0,0.0,1.0,-1.0,harmful,1,VALID_TOKEN_LEVEL,single_token; peak-level replacement not claimed,134,38,8,31.0,33.0,2.0,2.0,1,2,2,1
vruDH_YLaPI_1,vruDH_YLaPI,0-2s,1.0,125.0,0.0,1.0,-1.0,harmful,0,VALID_TOKEN_LEVEL,single_token; peak-level replacement not claimed,43,5,2,11.0,11.0,6.0,4.0,1,1,2,3
wAZrOPvul4Y_1,wAZrOPvul4Y,2-5s,2.0,283.0,0.0,0.5,-0.5,harmful,1,VALID_TOKEN_LEVEL,single_token; peak-level replacement not claimed,255,87,10,115.0,89.0,5.0,5.0,11,11,0,0
wBs02amFGXs_2,wBs02amFGXs,2-5s,4.0,299.0,0.0,1.0,-1.0,harmful,0,VALID_TOKEN_LEVEL,single_token; peak-level replacement not claimed,186,2,3,7.0,7.0,3.5,3.5,1,1,3,3
x5AH2gW_8S4_2,x5AH2gW_8S4,0-2s,1.0,110.0,0.0,0.5,-0.5,harmful,1,VALID_TOKEN_LEVEL,single_token; peak-level replacement not claimed,105,20,2,61.0,61.0,4.0,4.0,4,4,1,1
xUWSHYoslPQ_2,xUWSHYoslPQ,2-5s,4.0,115.0,0.0,0.8,-0.8,harmful,0,VALID_TOKEN_LEVEL,single_token; peak-level replacement not claimed,94,16,22,7.0,6.5,2.5,2.25,2,2,1,1
yrxa6_P2I80_2,yrxa6_P2I80,0-2s,1.0,240.0,0.0,0.4,-0.4,harmful,1,VALID_TOKEN_LEVEL,single_token; peak-level replacement not claimed,24,95,12,157.0,156.5,10.0,9.0,7,7,1,1
z1ax0QPpd14_1,z1ax0QPpd14,2-5s,3.0,183.0,0.0,0.6,-0.6,harmful,0,VALID_TOKEN_LEVEL,single_token; peak-level replacement not claimed,61,103,3,55.5,105.0,3.6666666666666665,2.6666666666666665,5,7,1,1
z1ax0QPpd14_3,z1ax0QPpd14,0-2s,1.0,183.0,0.0,0.6,-0.6,harmful,0,VALID_TOKEN_LEVEL,single_token; peak-level replacement not claimed,59,25,20,63.0,63.0,10.0,10.0,9,9,1,1
zwoqJY03yHE_1,zwoqJY03yHE,0-2s,1.0,300.0,0.0,0.1,-0.1,harmful,1,VALID_TOKEN_LEVEL,single_token; peak-level replacement not claimed,193,82,19,83.5,80.5,13.0,13.0,11,2,0,1
zwoqJY03yHE_4,zwoqJY03yHE,2-5s,2.0,300.0,0.0,0.9,-0.9,harmful,0,VALID_TOKEN_LEVEL,single_token; peak-level replacement not claimed,195,229,3,208.5,234.5,4.5,4.5,2,3,2,1
