qid,duration_bin,cohort,audio_duration_sec,gt_duration_sec,full_center_hit10_2s,hard25_center_hit10_2s,gt_only_center_hit10_2s,full_oracle10_iou07,hard25_oracle10_iou07,gt_only_oracle10_iou07,full_width_gt_ratio,hard25_width_gt_ratio,gt_only_width_gt_ratio,hard_minus_full_center_pp,hard_minus_full_oracle_pp,hard_minus_full_width_gt_ratio
--0w1YA1Hm4_1,0-2s,harmful,299.0,1.0,1.0,0.0,1.0,0.0,0.0,0.0,9.0,11.0,12.0,-100.0,0.0,2.0
--0w1YA1Hm4_2,2-5s,harmful,299.0,4.0,1.0,0.0,0.0,0.0,0.0,0.0,2.5,2.75,2.0,-100.0,0.0,0.25
--0w1YA1Hm4_3,2-5s,control,299.0,2.0,1.0,1.0,0.0,0.0,0.0,0.0,3.0,2.0,1.0,0.0,0.0,-1.0
-FW109cbv0g_1,2-5s,control,96.0,3.0,1.0,1.0,1.0,0.0,0.0,0.0,1.3333333333333333,2.0,2.0,0.0,0.0,0.6666666666666667
-FW109cbv0g_3,2-5s,control,96.0,3.0,1.0,1.0,0.0,0.0,1.0,0.0,1.0,1.0,1.6666666666666667,0.0,100.0,0.0
-FW109cbv0g_4,2-5s,harmful,96.0,2.0,1.0,0.0,1.0,0.0,0.0,0.0,2.0,2.0,0.0,-100.0,0.0,0.0
-FW109cbv0g_5,2-5s,harmful,96.0,3.0,1.0,0.0,0.0,0.0,0.0,0.0,1.6666666666666667,1.3333333333333333,0.6666666666666666,-100.0,0.0,-0.3333333333333335
-NrFeH-kBSM_2,0-2s,control,300.0,1.0,1.0,0.0,0.0,0.0,0.0,0.0,9.0,30.0,7.0,-100.0,0.0,21.0
-NrFeH-kBSM_4,2-5s,harmful,300.0,4.0,1.0,0.0,0.0,0.0,0.0,0.0,2.5,2.75,0.25,-100.0,0.0,0.25
-mhFGevxLUg_3,2-5s,control,300.0,4.0,0.0,0.0,0.0,0.0,0.0,0.0,2.75,3.0,0.75,0.0,0.0,0.25
-nQHwrRLfc0_2,0-2s,harmful,165.0,1.0,1.0,0.0,0.0,0.0,0.0,0.0,7.0,9.0,21.0,-100.0,0.0,2.0
-oy0BkpMGAk_1,2-5s,control,80.0,4.0,1.0,1.0,0.0,0.0,0.0,0.0,1.0,2.0,3.25,0.0,0.0,1.0
-oy0BkpMGAk_3,2-5s,control,80.0,2.0,0.0,0.0,0.0,0.0,0.0,0.0,1.5,0.0,0.0,0.0,0.0,-1.5
096oTVzc5Gs_4,0-2s,control,129.0,1.0,1.0,0.0,1.0,0.0,0.0,0.0,4.0,5.0,1.0,-100.0,0.0,1.0
0AsXkZkqelg_1,2-5s,harmful,172.0,4.0,1.0,0.0,0.0,0.0,0.0,0.0,2.0,4.5,29.75,-100.0,0.0,2.5
0AsXkZkqelg_2,2-5s,control,172.0,3.0,1.0,1.0,0.0,0.0,0.0,0.0,3.3333333333333335,3.0,0.6666666666666666,0.0,0.0,-0.3333333333333335
0_K6OKtoBBU_1,2-5s,control,61.0,2.0,1.0,1.0,1.0,0.0,0.0,0.0,1.5,2.5,3.5,0.0,0.0,1.0
0_K6OKtoBBU_3,2-5s,control,61.0,2.0,1.0,1.0,1.0,0.0,0.0,1.0,1.5,0.5,5.0,0.0,0.0,-1.0
0a9wVat2PWk_2,2-5s,harmful,300.0,4.0,0.0,0.0,0.0,0.0,0.0,0.0,2.75,3.25,16.75,0.0,0.0,0.5
0a9wVat2PWk_3,2-5s,control,300.0,3.0,1.0,1.0,1.0,0.0,0.0,0.0,3.0,7.0,5.0,0.0,0.0,4.0
0a9wVat2PWk_4,2-5s,harmful,300.0,4.0,1.0,0.0,0.0,0.0,0.0,0.0,3.0,4.75,0.5,-100.0,0.0,1.75
0fMXnvD38zI_1,2-5s,control,300.0,2.0,0.0,0.0,0.0,0.0,0.0,0.0,6.5,11.0,31.0,0.0,0.0,4.5
0yETgW44MZU_2,2-5s,control,90.0,4.0,0.0,1.0,1.0,0.0,0.0,0.0,5.0,4.0,0.5,100.0,0.0,-1.0
14izd_i3ryE_3,2-5s,harmful,299.0,2.0,0.0,0.0,0.0,0.0,0.0,0.0,7.0,10.0,0.0,0.0,0.0,3.0
1FNJbN-eHY4_1,2-5s,harmful,177.0,4.0,0.0,0.0,1.0,0.0,0.0,0.0,1.75,2.25,18.25,0.0,0.0,0.5
1GgEpRZDWN0_1,2-5s,harmful,300.0,2.0,0.0,0.0,0.0,0.0,0.0,0.0,5.0,8.5,2.5,0.0,0.0,3.5
1IoHRTUp86c_3,2-5s,control,226.0,2.0,0.0,1.0,1.0,0.0,0.0,0.0,8.0,10.5,43.0,100.0,0.0,2.5
1Og2TJ3bXW0_1,2-5s,control,300.0,2.0,0.0,0.0,0.0,0.0,0.0,0.0,4.5,34.0,41.0,0.0,0.0,29.5
1Og2TJ3bXW0_2,2-5s,harmful,300.0,3.0,0.0,0.0,0.0,0.0,0.0,0.0,1.6666666666666667,14.333333333333334,0.3333333333333333,0.0,0.0,12.666666666666668
1Og2TJ3bXW0_4,2-5s,control,300.0,2.0,1.0,1.0,0.0,0.0,0.0,0.0,3.5,5.5,7.0,0.0,0.0,2.0
1WTSW96XP6E_2,2-5s,harmful,300.0,2.0,0.0,0.0,0.0,0.0,0.0,0.0,5.0,4.5,0.5,0.0,0.0,-0.5
1slvoNgzBLE_2,2-5s,control,299.0,3.0,1.0,1.0,0.0,0.0,0.0,0.0,7.666666666666667,6.333333333333333,6.666666666666667,0.0,0.0,-1.333333333333334
1slvoNgzBLE_4,2-5s,control,299.0,3.0,0.0,1.0,1.0,0.0,0.0,0.0,4.666666666666667,5.0,2.0,100.0,0.0,0.33333333333333304
1vCYiVvZ7VE_1,2-5s,control,296.0,3.0,0.0,1.0,1.0,0.0,0.0,0.0,3.3333333333333335,2.3333333333333335,2.6666666666666665,100.0,0.0,-1.0
1vCYiVvZ7VE_2,2-5s,control,296.0,2.0,1.0,1.0,0.0,0.0,0.0,0.0,4.0,4.5,0.5,0.0,0.0,0.5
27HIamF8pKo_1,2-5s,control,140.0,3.0,1.0,1.0,1.0,1.0,0.0,0.0,1.3333333333333333,1.0,1.6666666666666667,0.0,-100.0,-0.33333333333333326
27HIamF8pKo_3,0-2s,harmful,140.0,1.0,1.0,0.0,0.0,0.0,0.0,0.0,13.0,4.0,8.0,-100.0,0.0,-9.0
2JutOgAnqWA_2,2-5s,control,214.0,4.0,0.0,0.0,0.0,0.0,0.0,0.0,5.0,11.5,1.5,0.0,0.0,6.5
2KEfkDO6hlA_1,2-5s,control,233.0,3.0,0.0,1.0,0.0,0.0,0.0,0.0,2.0,3.0,1.3333333333333333,100.0,0.0,1.0
2KR0C5ysO8o_1,2-5s,control,137.0,4.0,1.0,1.0,1.0,0.0,0.0,0.0,1.5,2.5,3.25,0.0,0.0,1.0
2KR0C5ysO8o_2,2-5s,control,137.0,2.0,1.0,1.0,0.0,0.0,0.0,0.0,2.5,5.5,6.5,0.0,0.0,3.0
2RjqBRzmxaM_3,2-5s,control,122.0,2.0,0.0,1.0,1.0,0.0,0.0,0.0,2.5,19.0,0.5,100.0,0.0,16.5
2RjqBRzmxaM_4,2-5s,control,122.0,4.0,1.0,1.0,0.0,1.0,1.0,0.0,1.5,1.5,0.5,0.0,0.0,0.0
2RjqBRzmxaM_5,2-5s,control,122.0,2.0,1.0,1.0,1.0,0.0,0.0,0.0,13.0,13.0,42.0,0.0,0.0,0.0
2a6GNu6uCDE_3,2-5s,control,299.0,3.0,1.0,1.0,0.0,0.0,0.0,0.0,3.3333333333333335,3.0,0.3333333333333333,0.0,0.0,-0.3333333333333335
3RultJjvTWI_2,0-2s,harmful,299.0,1.0,0.0,0.0,0.0,0.0,0.0,0.0,10.0,14.0,93.0,0.0,0.0,4.0
3VHpLxtd498_1,0-2s,control,242.0,1.0,0.0,0.0,0.0,0.0,0.0,0.0,14.0,33.0,18.0,0.0,0.0,19.0
3VHpLxtd498_3,0-2s,harmful,242.0,1.0,0.0,0.0,0.0,0.0,0.0,0.0,12.0,12.0,4.0,0.0,0.0,0.0
3VHpLxtd498_4,2-5s,harmful,242.0,3.0,1.0,0.0,0.0,0.0,0.0,0.0,5.333333333333333,4.666666666666667,15.666666666666666,-100.0,0.0,-0.6666666666666661
3qTL7QRk-tg_4,2-5s,control,189.0,3.0,1.0,1.0,1.0,0.0,0.0,0.0,3.0,3.3333333333333335,0.3333333333333333,0.0,0.0,0.3333333333333335
3rna9zo5ZOs_2,2-5s,control,68.0,3.0,1.0,1.0,1.0,1.0,1.0,0.0,0.6666666666666666,0.6666666666666666,0.6666666666666666,0.0,0.0,0.0
3xDZ-kdGE3o_2,2-5s,control,65.0,3.0,1.0,1.0,1.0,0.0,1.0,0.0,0.6666666666666666,1.0,1.3333333333333333,0.0,100.0,0.33333333333333337
473wBEwC35M_1,2-5s,harmful,300.0,2.0,0.0,0.0,0.0,0.0,0.0,0.0,10.0,16.5,68.5,0.0,0.0,6.5
4CAMv5nlr-0_1,2-5s,control,113.0,3.0,1.0,1.0,1.0,0.0,0.0,1.0,1.6666666666666667,0.6666666666666666,0.6666666666666666,0.0,0.0,-1.0
4CAMv5nlr-0_2,2-5s,control,113.0,3.0,1.0,1.0,1.0,1.0,0.0,0.0,1.0,0.6666666666666666,0.6666666666666666,0.0,-100.0,-0.33333333333333337
4IeDBwyQ9ZQ_4,2-5s,control,300.0,3.0,1.0,1.0,0.0,0.0,0.0,0.0,3.0,3.6666666666666665,1.0,0.0,0.0,0.6666666666666665
4UPOUGVMlEs_3,2-5s,harmful,84.0,2.0,1.0,0.0,0.0,0.0,0.0,0.0,1.5,1.0,2.0,-100.0,0.0,-0.5
4_DjmCg8Ra8_1,0-2s,control,196.0,1.0,0.0,0.0,0.0,0.0,0.0,0.0,8.0,2.0,4.0,0.0,0.0,-6.0
4ftDFi4684Y_1,2-5s,control,115.0,2.0,0.0,1.0,1.0,0.0,0.0,0.0,3.0,4.0,8.5,100.0,0.0,1.0
4fz0-Kx2oNs_1,2-5s,control,300.0,4.0,0.0,0.0,0.0,0.0,0.0,0.0,2.75,6.0,1.5,0.0,0.0,3.25
4fz0-Kx2oNs_3,2-5s,control,300.0,2.0,1.0,1.0,1.0,0.0,0.0,0.0,7.5,8.5,3.5,0.0,0.0,1.0
52IxrdTxGs4_2,0-2s,harmful,213.0,1.0,1.0,0.0,0.0,0.0,0.0,0.0,7.0,9.0,3.0,-100.0,0.0,2.0
52IxrdTxGs4_3,2-5s,control,213.0,2.0,0.0,1.0,0.0,0.0,0.0,0.0,3.0,4.5,0.0,100.0,0.0,1.5
52IxrdTxGs4_4,0-2s,harmful,213.0,1.0,1.0,0.0,1.0,0.0,0.0,0.0,10.0,5.0,2.0,-100.0,0.0,-5.0
5G6b_QWL3nY_3,2-5s,harmful,246.0,4.0,1.0,0.0,0.0,0.0,0.0,0.0,2.0,3.0,26.75,-100.0,0.0,1.0
5G6b_QWL3nY_4,2-5s,control,246.0,2.0,0.0,0.0,0.0,0.0,0.0,0.0,5.0,12.0,1.5,0.0,0.0,7.0
5t6tSW0yT40_4,0-2s,control,299.0,1.0,0.0,1.0,0.0,0.0,0.0,0.0,13.0,16.0,1.0,100.0,0.0,3.0
67BsqRkh-dU_2,2-5s,control,62.0,4.0,1.0,1.0,1.0,0.0,0.0,0.0,2.25,2.5,5.75,0.0,0.0,0.25
6Nvu6EcpdE8_2,0-2s,harmful,211.0,1.0,1.0,0.0,0.0,0.0,0.0,0.0,4.0,13.0,7.0,-100.0,0.0,9.0
6Nvu6EcpdE8_3,0-2s,harmful,211.0,1.0,0.0,0.0,0.0,0.0,0.0,0.0,14.0,15.0,0.0,0.0,0.0,1.0
6OlHuvJR_Dk_1,2-5s,control,148.0,4.0,1.0,1.0,0.0,0.0,1.0,0.0,1.5,1.25,0.5,0.0,100.0,-0.25
6ZwYgzcN6Is_2,2-5s,control,97.0,3.0,1.0,1.0,1.0,0.0,0.0,0.0,1.0,1.3333333333333333,0.6666666666666666,0.0,0.0,0.33333333333333326
6pssFJ0m-kU_3,2-5s,control,140.0,4.0,1.0,1.0,0.0,0.0,0.0,0.0,2.25,3.25,0.25,0.0,0.0,1.0
7JWHbs3gu1w_1,2-5s,harmful,296.0,2.0,0.0,0.0,0.0,0.0,0.0,0.0,6.0,7.0,6.0,0.0,0.0,1.0
7JWHbs3gu1w_2,2-5s,control,296.0,2.0,1.0,1.0,0.0,0.0,0.0,0.0,3.5,3.5,0.0,0.0,0.0,0.0
7P0N61TVOxE_3,2-5s,harmful,299.0,2.0,0.0,0.0,0.0,0.0,0.0,0.0,6.5,9.5,1.0,0.0,0.0,3.0
7P6lcyeDKNI_1,2-5s,harmful,98.0,2.0,0.0,0.0,0.0,0.0,0.0,0.0,3.0,4.5,9.5,0.0,0.0,1.5
7XXSOzDQ2z0_2,2-5s,control,297.0,4.0,0.0,0.0,1.0,0.0,0.0,0.0,9.0,38.5,12.0,0.0,0.0,29.5
7XXSOzDQ2z0_3,2-5s,harmful,297.0,4.0,0.0,0.0,0.0,0.0,0.0,0.0,2.75,3.5,2.75,0.0,0.0,0.75
7bO0AJI-ihs_1,2-5s,control,65.0,3.0,1.0,1.0,1.0,0.0,0.0,0.0,1.6666666666666667,0.3333333333333333,0.3333333333333333,0.0,0.0,-1.3333333333333335
7bO0AJI-ihs_2,2-5s,control,65.0,4.0,1.0,1.0,1.0,1.0,0.0,0.0,1.25,0.25,0.0,0.0,-100.0,-1.0
7upINC4seBw_1,2-5s,control,182.0,3.0,1.0,1.0,1.0,0.0,0.0,0.0,2.0,2.3333333333333335,2.3333333333333335,0.0,0.0,0.3333333333333335
83j4GgHXTLE_1,2-5s,harmful,220.0,3.0,1.0,0.0,0.0,0.0,0.0,0.0,3.0,4.0,0.3333333333333333,-100.0,0.0,1.0
8OTd45_6cvY_2,2-5s,control,299.0,2.0,1.0,1.0,0.0,0.0,0.0,0.0,4.0,7.5,5.5,0.0,0.0,3.5
8OTd45_6cvY_4,2-5s,control,299.0,4.0,1.0,1.0,1.0,0.0,0.0,0.0,2.5,0.75,0.25,0.0,0.0,-1.75
8b9z7N25DmU_1,2-5s,control,268.0,2.0,1.0,1.0,0.0,0.0,0.0,0.0,9.0,30.0,12.5,0.0,0.0,21.0
8o-Y4QP8LWs_2,2-5s,harmful,300.0,4.0,0.0,0.0,0.0,0.0,0.0,0.0,3.0,8.75,16.5,0.0,0.0,5.75
8ycflE3dIHw_2,2-5s,control,299.0,2.0,1.0,1.0,0.0,0.0,0.0,0.0,2.5,2.5,1.5,0.0,0.0,0.0
9F3sutgYTvo_1,2-5s,control,69.0,4.0,1.0,1.0,1.0,1.0,0.0,0.0,1.75,1.25,1.0,0.0,-100.0,-0.5
9F3sutgYTvo_2,2-5s,harmful,69.0,2.0,1.0,0.0,0.0,0.0,0.0,0.0,3.0,3.5,1.5,-100.0,0.0,0.5
9dLLsZVRSZI_1,0-2s,harmful,225.0,1.0,1.0,0.0,0.0,0.0,0.0,0.0,4.0,13.0,2.0,-100.0,0.0,9.0
9ucb5HYO8ps_2,2-5s,harmful,238.0,2.0,1.0,0.0,1.0,0.0,0.0,0.0,5.0,4.5,1.5,-100.0,0.0,-0.5
9vZDsGjyh5M_1,2-5s,harmful,117.0,2.0,1.0,0.0,0.0,0.0,0.0,0.0,1.5,1.5,1.5,-100.0,0.0,0.0
9z2OwpftxUE_2,2-5s,harmful,208.0,2.0,0.0,0.0,1.0,0.0,0.0,0.0,7.5,8.5,20.5,0.0,0.0,1.0
A61Mry8zBwE_1,0-2s,control,132.0,1.0,0.0,0.0,1.0,0.0,0.0,0.0,5.0,12.0,6.0,0.0,0.0,7.0
AI1OweEW8C0_1,2-5s,control,205.0,2.0,0.0,1.0,0.0,0.0,0.0,0.0,11.0,58.0,43.5,100.0,0.0,47.0
AI1OweEW8C0_2,2-5s,control,205.0,2.0,0.0,0.0,0.0,0.0,0.0,0.0,13.5,50.5,36.0,0.0,0.0,37.0
AKHZMg9ba30_2,2-5s,control,115.0,2.0,0.0,1.0,0.0,0.0,0.0,0.0,2.0,0.5,1.5,100.0,0.0,-1.5
Aj_VMUSNjNM_2,0-2s,control,150.0,1.0,1.0,1.0,0.0,0.0,0.0,0.0,5.0,6.0,6.0,0.0,0.0,1.0
AtkD-3GjXMw_1,2-5s,harmful,132.0,2.0,1.0,0.0,0.0,0.0,0.0,0.0,1.5,4.0,1.5,-100.0,0.0,2.5
Axd__X2rixk_1,2-5s,harmful,267.0,2.0,0.0,0.0,0.0,0.0,0.0,0.0,4.0,7.0,0.5,0.0,0.0,3.0
BA-lFjpzad4_1,2-5s,control,64.0,4.0,1.0,1.0,1.0,0.0,0.0,0.0,1.75,3.25,1.25,0.0,0.0,1.5
BA-lFjpzad4_2,0-2s,harmful,64.0,1.0,1.0,0.0,1.0,0.0,0.0,0.0,4.0,10.0,5.0,-100.0,0.0,6.0
BA-lFjpzad4_3,2-5s,control,64.0,3.0,1.0,1.0,1.0,1.0,1.0,0.0,1.0,1.0,0.3333333333333333,0.0,0.0,0.0
BA-lFjpzad4_4,2-5s,control,64.0,2.0,1.0,1.0,1.0,0.0,0.0,0.0,3.5,3.5,2.5,0.0,0.0,0.0
BDpU2Qh77NE_1,0-2s,harmful,248.0,1.0,0.0,0.0,0.0,0.0,0.0,0.0,13.0,17.0,22.0,0.0,0.0,4.0
BDpU2Qh77NE_3,2-5s,control,248.0,4.0,1.0,1.0,1.0,0.0,0.0,0.0,4.25,3.25,1.75,0.0,0.0,-1.0
BL8ksJ0sTXk_3,0-2s,harmful,299.0,1.0,0.0,0.0,0.0,0.0,0.0,0.0,12.0,22.0,3.0,0.0,0.0,10.0
BMayJId0X1s_1,2-5s,harmful,193.0,3.0,1.0,0.0,0.0,0.0,0.0,0.0,4.0,5.333333333333333,7.0,-100.0,0.0,1.333333333333333
BUAPM4D3-h8_2,0-2s,control,299.0,1.0,0.0,0.0,0.0,0.0,0.0,0.0,13.0,11.0,2.0,0.0,0.0,-2.0
Ba92IrXFvJo_1,2-5s,control,246.0,2.0,0.0,0.0,0.0,0.0,0.0,0.0,4.5,9.5,4.0,0.0,0.0,5.0
Bvw2gv1fcZw_2,2-5s,control,290.0,3.0,1.0,1.0,0.0,0.0,0.0,0.0,2.6666666666666665,3.0,1.3333333333333333,0.0,0.0,0.3333333333333335
BzHTqyX69pI_2,2-5s,control,230.0,2.0,0.0,1.0,0.0,0.0,0.0,0.0,6.0,7.5,0.5,100.0,0.0,1.5
C5kmOK_l4jc_1,0-2s,control,79.0,1.0,1.0,1.0,0.0,0.0,0.0,0.0,4.0,5.0,0.0,0.0,0.0,1.0
C8kR19NvynA_1,2-5s,control,299.0,4.0,1.0,1.0,1.0,0.0,0.0,0.0,1.75,1.75,4.0,0.0,0.0,0.0
CO6-i8NLbeo_1,2-5s,harmful,187.0,4.0,1.0,0.0,0.0,0.0,0.0,0.0,3.0,3.25,3.0,-100.0,0.0,0.25
CO6-i8NLbeo_2,2-5s,control,187.0,3.0,1.0,1.0,1.0,0.0,0.0,0.0,1.3333333333333333,2.0,3.3333333333333335,0.0,0.0,0.6666666666666667
Cbe2B6ohBpw_1,2-5s,control,60.0,3.0,1.0,1.0,0.0,1.0,0.0,0.0,1.3333333333333333,2.0,6.0,0.0,-100.0,0.6666666666666667
Cbe2B6ohBpw_2,2-5s,control,60.0,2.0,1.0,1.0,1.0,0.0,0.0,0.0,1.5,1.0,0.5,0.0,0.0,-0.5
CefFMA3klxk_1,0-2s,harmful,299.0,1.0,0.0,0.0,1.0,0.0,0.0,0.0,10.0,10.0,27.0,0.0,0.0,0.0
CefFMA3klxk_3,2-5s,harmful,299.0,2.0,0.0,0.0,0.0,0.0,0.0,0.0,5.5,7.0,0.0,0.0,0.0,1.5
CvNAwby6Xos_1,2-5s,harmful,299.0,4.0,0.0,0.0,1.0,0.0,0.0,0.0,2.25,2.25,4.0,0.0,0.0,0.0
D2Xc_jZllDY_2,2-5s,control,299.0,2.0,1.0,1.0,1.0,0.0,0.0,0.0,4.0,3.5,1.0,0.0,0.0,-0.5
Dc2WEiRk0rA_2,2-5s,control,73.0,3.0,1.0,1.0,0.0,0.0,0.0,0.0,1.3333333333333333,1.0,0.3333333333333333,0.0,0.0,-0.33333333333333326
DjKGzOe_COc_1,2-5s,control,113.0,3.0,0.0,1.0,0.0,0.0,0.0,0.0,6.666666666666667,9.0,14.0,100.0,0.0,2.333333333333333
Dn3buZWMzwY_1,2-5s,control,99.0,2.0,1.0,1.0,0.0,0.0,0.0,0.0,2.0,5.0,1.0,0.0,0.0,3.0
Dn3buZWMzwY_2,0-2s,control,99.0,1.0,1.0,1.0,0.0,0.0,0.0,0.0,6.0,4.0,0.0,0.0,0.0,-2.0
Dn3buZWMzwY_3,0-2s,control,99.0,1.0,1.0,1.0,0.0,0.0,0.0,0.0,9.0,5.0,0.0,0.0,0.0,-4.0
Dn3buZWMzwY_4,2-5s,harmful,99.0,2.0,1.0,0.0,0.0,0.0,0.0,0.0,8.5,14.5,23.5,-100.0,0.0,6.0
E3D_z0aoUEg_4,2-5s,harmful,158.0,3.0,1.0,0.0,0.0,0.0,0.0,0.0,2.0,0.3333333333333333,1.6666666666666667,-100.0,0.0,-1.6666666666666667
E3Q1jfTeuWs_1,2-5s,control,60.0,2.0,0.0,1.0,1.0,0.0,0.0,0.0,1.5,1.0,1.0,100.0,0.0,-0.5
E3Q1jfTeuWs_2,2-5s,control,60.0,2.0,1.0,1.0,1.0,0.0,0.0,0.0,1.5,1.5,0.0,0.0,0.0,0.0
ECw5Yf7QoMo_3,2-5s,harmful,299.0,2.0,0.0,0.0,1.0,0.0,0.0,0.0,3.5,4.5,0.5,0.0,0.0,1.0
ESjMIqrvRj4_2,2-5s,control,299.0,4.0,1.0,1.0,1.0,0.0,0.0,0.0,4.0,4.5,9.5,0.0,0.0,0.5
ESjMIqrvRj4_5,0-2s,control,299.0,1.0,1.0,1.0,0.0,0.0,0.0,0.0,12.0,1.0,0.0,0.0,0.0,-11.0
EUZaxaWqhwg_1,2-5s,control,165.0,4.0,0.0,0.0,0.0,0.0,0.0,0.0,19.75,14.75,5.25,0.0,0.0,-5.0
EcihYbSlyck_3,2-5s,harmful,157.0,2.0,0.0,0.0,0.0,0.0,0.0,0.0,5.0,6.0,2.0,0.0,0.0,1.0
ErxgH5g3Kx0_1,0-2s,control,210.0,1.0,0.0,0.0,0.0,0.0,0.0,0.0,5.0,12.0,14.0,0.0,0.0,7.0
ErxgH5g3Kx0_2,2-5s,harmful,210.0,2.0,1.0,0.0,0.0,0.0,0.0,0.0,3.5,4.0,21.0,-100.0,0.0,0.5
EzWEO2WD_MM_1,2-5s,control,188.0,3.0,0.0,1.0,0.0,0.0,0.0,0.0,1.6666666666666667,1.3333333333333333,12.0,100.0,0.0,-0.3333333333333335
EzWEO2WD_MM_2,2-5s,control,188.0,3.0,1.0,1.0,1.0,0.0,0.0,0.0,28.333333333333332,52.666666666666664,29.666666666666668,0.0,0.0,24.333333333333332
FDwK7T1JO_0_2,2-5s,control,202.0,3.0,1.0,1.0,0.0,0.0,0.0,0.0,2.0,2.6666666666666665,1.6666666666666667,0.0,0.0,0.6666666666666665
FR7BDRhMATo_2,2-5s,control,299.0,4.0,0.0,0.0,0.0,0.0,0.0,0.0,11.75,20.0,27.75,0.0,0.0,8.25
FXdoNvmrYxo_2,2-5s,harmful,299.0,4.0,1.0,0.0,1.0,0.0,0.0,0.0,2.5,3.0,13.0,-100.0,0.0,0.5
Flk-X0gwjF4_1,2-5s,control,299.0,4.0,0.0,0.0,0.0,0.0,0.0,0.0,6.25,32.75,39.75,0.0,0.0,26.5
G3YO2unWz7k_1,0-2s,control,299.0,1.0,0.0,0.0,0.0,0.0,0.0,0.0,9.0,10.0,1.0,0.0,0.0,1.0
GGgQR7aIofY_1,2-5s,control,168.0,2.0,1.0,1.0,0.0,0.0,0.0,0.0,2.5,2.0,1.0,0.0,0.0,-0.5
GGgQR7aIofY_3,2-5s,harmful,168.0,3.0,0.0,0.0,0.0,0.0,0.0,0.0,2.6666666666666665,2.6666666666666665,0.0,0.0,0.0,0.0
GOD8Bt5LfDE_2,2-5s,harmful,129.0,3.0,0.0,0.0,0.0,0.0,0.0,0.0,2.3333333333333335,3.6666666666666665,0.0,0.0,0.0,1.333333333333333
GOD8Bt5LfDE_3,2-5s,control,129.0,2.0,0.0,1.0,0.0,0.0,0.0,0.0,2.0,3.0,1.5,100.0,0.0,1.0
Gkb4f6yodPE_2,2-5s,harmful,299.0,3.0,0.0,0.0,0.0,0.0,0.0,0.0,4.0,4.666666666666667,0.3333333333333333,0.0,0.0,0.666666666666667
H7-orYrKBeo_1,2-5s,control,93.0,4.0,0.0,1.0,1.0,0.0,0.0,0.0,5.5,4.75,11.25,100.0,0.0,-0.75
H7rd9bZtbgc_1,2-5s,control,299.0,3.0,0.0,1.0,0.0,0.0,0.0,0.0,3.3333333333333335,2.6666666666666665,38.0,100.0,0.0,-0.666666666666667
H7rd9bZtbgc_2,0-2s,control,299.0,1.0,0.0,1.0,1.0,0.0,0.0,0.0,158.0,69.0,95.0,100.0,0.0,-89.0
HVz-FJBf_iM_1,0-2s,control,67.0,1.0,1.0,1.0,1.0,0.0,0.0,0.0,4.0,8.0,8.0,0.0,0.0,4.0
HdPSebdDxe4_1,2-5s,control,121.0,2.0,1.0,1.0,1.0,0.0,0.0,0.0,2.0,3.0,4.0,0.0,0.0,1.0
HdPSebdDxe4_4,2-5s,control,121.0,4.0,1.0,1.0,0.0,1.0,0.0,0.0,0.75,0.75,3.0,0.0,-100.0,0.0
Hdxfbpnd2-8_3,2-5s,harmful,299.0,2.0,0.0,0.0,0.0,0.0,0.0,0.0,3.5,7.5,1.0,0.0,0.0,4.0
Hdxfbpnd2-8_4,0-2s,harmful,299.0,1.0,1.0,0.0,0.0,0.0,0.0,0.0,12.0,9.0,4.0,-100.0,0.0,-3.0
HxZADVzNIqs_2,2-5s,control,299.0,4.0,0.0,0.0,0.0,0.0,0.0,0.0,11.25,9.25,35.75,0.0,0.0,-2.0
HxZADVzNIqs_3,2-5s,control,299.0,3.0,0.0,0.0,0.0,0.0,0.0,0.0,9.333333333333334,6.666666666666667,8.333333333333334,0.0,0.0,-2.666666666666667
I4HpYGMMsz4_1,2-5s,harmful,238.0,4.0,0.0,0.0,1.0,0.0,0.0,0.0,10.0,11.75,35.0,0.0,0.0,1.75
IJ6pm5Kns8A_1,2-5s,harmful,209.0,2.0,0.0,0.0,1.0,0.0,0.0,0.0,3.5,3.5,3.5,0.0,0.0,0.0
IJ6pm5Kns8A_2,2-5s,control,209.0,2.0,1.0,1.0,0.0,0.0,0.0,0.0,2.5,5.0,0.5,0.0,0.0,2.5
IsUG5SKWNZA_2,2-5s,harmful,134.0,2.0,1.0,0.0,0.0,0.0,0.0,0.0,2.5,2.5,2.5,-100.0,0.0,0.0
ItS07xtdi4s_3,2-5s,control,160.0,2.0,1.0,1.0,1.0,0.0,0.0,0.0,3.0,3.0,2.5,0.0,0.0,0.0
ItS07xtdi4s_5,0-2s,harmful,160.0,1.0,1.0,0.0,1.0,0.0,0.0,0.0,4.0,5.0,14.0,-100.0,0.0,1.0
JC2ZrXzCX4Y_2,2-5s,control,209.0,2.0,0.0,0.0,1.0,0.0,0.0,0.0,6.5,5.5,21.5,0.0,0.0,-1.0
JZloTOdIY_c_3,2-5s,harmful,88.0,3.0,0.0,0.0,1.0,0.0,0.0,0.0,3.3333333333333335,2.3333333333333335,7.0,0.0,0.0,-1.0
JmWaRt8-u0s_1,2-5s,harmful,300.0,4.0,0.0,0.0,0.0,0.0,0.0,0.0,4.5,4.0,17.25,0.0,0.0,-0.5
K-7Y8yhcUiw_3,2-5s,harmful,85.0,3.0,0.0,0.0,0.0,0.0,0.0,0.0,1.0,0.6666666666666666,0.3333333333333333,0.0,0.0,-0.33333333333333337
K03ydb1uaoQ_1,2-5s,control,71.0,3.0,1.0,1.0,1.0,0.0,1.0,0.0,3.3333333333333335,2.0,2.6666666666666665,0.0,100.0,-1.3333333333333335
KJhGuhNHToA_1,2-5s,control,66.0,2.0,0.0,1.0,1.0,0.0,0.0,0.0,1.5,3.5,2.0,100.0,0.0,2.0
KJhGuhNHToA_2,2-5s,control,66.0,3.0,1.0,1.0,1.0,0.0,0.0,0.0,2.0,2.3333333333333335,4.333333333333333,0.0,0.0,0.3333333333333335
KJhGuhNHToA_4,2-5s,control,66.0,3.0,1.0,1.0,1.0,0.0,0.0,0.0,1.3333333333333333,1.0,1.0,0.0,0.0,-0.33333333333333326
K_Vre_-4KqU_2,2-5s,control,177.0,4.0,1.0,1.0,0.0,1.0,0.0,0.0,1.25,1.5,14.5,0.0,-100.0,0.25
Kel-hfZ_9h8_4,0-2s,harmful,147.0,1.0,0.0,0.0,0.0,0.0,0.0,0.0,3.0,5.0,2.0,0.0,0.0,2.0
KnsKf9KoNds_1,0-2s,harmful,299.0,1.0,0.0,0.0,1.0,0.0,0.0,0.0,9.0,9.0,16.0,0.0,0.0,0.0
KnsKf9KoNds_2,2-5s,control,299.0,3.0,0.0,0.0,0.0,0.0,0.0,0.0,3.0,3.6666666666666665,0.0,0.0,0.0,0.6666666666666665
KvrcRMfFzOE_1,2-5s,harmful,186.0,4.0,1.0,0.0,0.0,1.0,0.0,0.0,1.25,2.0,17.0,-100.0,-100.0,0.75
LB6CZ0x-kns_1,2-5s,control,138.0,2.0,1.0,1.0,1.0,0.0,0.0,0.0,3.5,59.0,56.0,0.0,0.0,55.5
LCwSUVuTyvg_2,2-5s,harmful,300.0,4.0,1.0,0.0,0.0,0.0,0.0,0.0,3.5,5.0,0.25,-100.0,0.0,1.5
LP_DzNUkAKY_1,0-2s,harmful,300.0,1.0,1.0,0.0,0.0,0.0,0.0,0.0,12.0,35.0,25.0,-100.0,0.0,23.0
LP_DzNUkAKY_2,2-5s,harmful,300.0,4.0,1.0,0.0,1.0,0.0,0.0,0.0,3.5,10.5,2.75,-100.0,0.0,7.0
LVvS3s9dFKw_2,2-5s,harmful,226.0,3.0,0.0,0.0,1.0,0.0,0.0,0.0,3.0,3.6666666666666665,20.0,0.0,0.0,0.6666666666666665
LVvS3s9dFKw_3,2-5s,control,226.0,2.0,0.0,1.0,0.0,0.0,0.0,0.0,5.0,5.5,1.0,100.0,0.0,0.5
LvMA1Wcgu3w_1,2-5s,harmful,282.0,2.0,1.0,0.0,0.0,0.0,0.0,0.0,5.0,4.0,3.5,-100.0,0.0,-1.0
MBP4RcnwGZw_1,2-5s,control,61.0,3.0,1.0,1.0,1.0,0.0,0.0,1.0,1.6666666666666667,1.3333333333333333,1.3333333333333333,0.0,0.0,-0.3333333333333335
MPLZUg89y5U_2,0-2s,control,300.0,1.0,0.0,1.0,0.0,0.0,0.0,0.0,28.0,41.0,6.0,100.0,0.0,13.0
MVGhC-xB79s_2,2-5s,control,268.0,2.0,0.0,1.0,0.0,0.0,0.0,0.0,4.5,5.0,1.0,100.0,0.0,0.5
MdlEswBfZMQ_2,2-5s,control,120.0,2.0,0.0,0.0,0.0,0.0,0.0,0.0,1.5,3.5,0.0,0.0,0.0,2.0
MkbP_8zJwXU_2,2-5s,harmful,99.0,2.0,1.0,0.0,0.0,0.0,0.0,0.0,2.5,2.5,0.0,-100.0,0.0,0.0
MvHpNzDpC6Q_1,2-5s,control,82.0,2.0,1.0,1.0,1.0,0.0,0.0,0.0,1.5,2.0,1.5,0.0,0.0,0.5
N_s9F4CI_98_2,2-5s,control,299.0,3.0,1.0,1.0,1.0,0.0,0.0,0.0,3.0,1.3333333333333333,3.0,0.0,0.0,-1.6666666666666667
NeWW30WZjPc_1,0-2s,control,128.0,1.0,0.0,0.0,0.0,0.0,0.0,0.0,6.0,8.0,0.0,0.0,0.0,2.0
Ni3dIj90Oa4_2,2-5s,harmful,299.0,3.0,0.0,0.0,0.0,0.0,0.0,0.0,4.333333333333333,4.0,21.0,0.0,0.0,-0.33333333333333304
NlKlRKz8OKI_1,2-5s,control,299.0,4.0,1.0,1.0,1.0,0.0,0.0,0.0,4.0,5.5,4.0,0.0,0.0,1.5
NlKlRKz8OKI_2,2-5s,harmful,299.0,2.0,1.0,0.0,1.0,0.0,0.0,0.0,4.5,3.5,1.0,-100.0,0.0,-1.0
OMGHnJV0l2U_1,2-5s,control,299.0,2.0,0.0,1.0,0.0,0.0,0.0,0.0,11.5,9.5,15.0,100.0,0.0,-2.0
OUUckswAaNI_4,0-2s,control,260.0,1.0,1.0,1.0,1.0,0.0,0.0,0.0,6.0,10.0,0.0,0.0,0.0,4.0
ObWjGBJF_94_1,2-5s,harmful,299.0,2.0,0.0,0.0,0.0,0.0,0.0,0.0,8.0,8.0,23.0,0.0,0.0,0.0
OpiWMltpj44_1,2-5s,harmful,77.0,3.0,1.0,0.0,1.0,0.0,0.0,0.0,5.0,2.0,1.0,-100.0,0.0,-3.0
OpiWMltpj44_3,0-2s,control,77.0,1.0,1.0,1.0,0.0,0.0,0.0,0.0,7.0,8.0,17.0,0.0,0.0,1.0
OpiWMltpj44_4,2-5s,control,77.0,2.0,1.0,1.0,1.0,0.0,0.0,0.0,1.0,1.5,0.5,0.0,0.0,0.5
Ot0bN_hz2ec_3,2-5s,control,268.0,3.0,1.0,1.0,0.0,0.0,0.0,0.0,5.0,8.0,20.666666666666668,0.0,0.0,3.0
PO8Nu3F8mkA_1,2-5s,control,164.0,3.0,1.0,1.0,1.0,0.0,0.0,0.0,2.3333333333333335,3.3333333333333335,2.0,0.0,0.0,1.0
PTyFYxXdut4_2,2-5s,control,300.0,4.0,1.0,1.0,0.0,0.0,0.0,0.0,8.75,10.0,9.25,0.0,0.0,1.25
PYP-r0nvbFk_2,0-2s,harmful,121.0,1.0,0.0,0.0,0.0,0.0,0.0,0.0,4.0,4.0,12.0,0.0,0.0,0.0
PYP-r0nvbFk_3,0-2s,harmful,121.0,1.0,1.0,0.0,0.0,0.0,0.0,0.0,5.0,6.0,1.0,-100.0,0.0,1.0
Pb6MqpdX5Jw_4,2-5s,control,120.0,2.0,1.0,1.0,1.0,0.0,0.0,0.0,3.5,3.0,3.0,0.0,0.0,-0.5
Pb6MqpdX5Jw_5,2-5s,control,120.0,2.0,1.0,1.0,0.0,0.0,0.0,0.0,3.0,3.5,0.5,0.0,0.0,0.5
QHfyKaOHSz4_2,2-5s,harmful,82.0,3.0,0.0,0.0,0.0,0.0,0.0,0.0,1.3333333333333333,1.6666666666666667,14.333333333333334,0.0,0.0,0.3333333333333335
QKHpSAAjakY_1,0-2s,control,94.0,1.0,1.0,1.0,0.0,0.0,0.0,0.0,3.0,3.0,1.0,0.0,0.0,0.0
QKHpSAAjakY_3,2-5s,harmful,94.0,2.0,1.0,0.0,0.0,0.0,0.0,0.0,5.0,0.0,1.5,-100.0,0.0,-5.0
QOmV7O9mFwg_1,2-5s,control,260.0,4.0,1.0,1.0,1.0,0.0,0.0,0.0,3.5,4.5,4.75,0.0,0.0,1.0
QOmV7O9mFwg_2,2-5s,harmful,260.0,3.0,1.0,0.0,1.0,0.0,0.0,0.0,4.333333333333333,5.333333333333333,3.6666666666666665,-100.0,0.0,1.0
QOmV7O9mFwg_3,2-5s,control,260.0,2.0,1.0,1.0,1.0,0.0,0.0,0.0,4.5,5.5,1.5,0.0,0.0,1.0
QRtuOWWya30_1,2-5s,harmful,299.0,2.0,0.0,0.0,0.0,0.0,0.0,0.0,8.0,7.0,38.5,0.0,0.0,-1.0
QvATUKXYFBs_2,2-5s,harmful,119.0,3.0,0.0,0.0,1.0,0.0,0.0,0.0,1.0,1.6666666666666667,10.333333333333334,0.0,0.0,0.6666666666666667
QvATUKXYFBs_4,2-5s,control,119.0,4.0,1.0,1.0,1.0,0.0,0.0,0.0,6.25,4.25,4.25,0.0,0.0,-2.0
R4fXcbWFhJg_1,2-5s,control,133.0,3.0,1.0,1.0,1.0,1.0,0.0,0.0,1.6666666666666667,4.0,5.666666666666667,0.0,-100.0,2.333333333333333
R4fXcbWFhJg_2,2-5s,harmful,133.0,3.0,1.0,0.0,0.0,0.0,0.0,0.0,2.0,4.0,2.6666666666666665,-100.0,0.0,2.0
RNBoH2LHQEM_2,2-5s,control,299.0,4.0,1.0,1.0,0.0,1.0,0.0,0.0,1.5,1.75,5.5,0.0,-100.0,0.25
RfGapDlAYoQ_1,2-5s,harmful,150.0,3.0,1.0,0.0,0.0,0.0,0.0,0.0,1.3333333333333333,1.6666666666666667,1.3333333333333333,-100.0,0.0,0.3333333333333335
RfGapDlAYoQ_2,0-2s,harmful,150.0,1.0,0.0,0.0,1.0,0.0,0.0,0.0,5.0,6.0,8.0,0.0,0.0,1.0
RfGapDlAYoQ_3,2-5s,harmful,150.0,4.0,0.0,0.0,0.0,0.0,0.0,0.0,1.5,1.75,0.0,0.0,0.0,0.25
Rp4Ct_TQvAM_2,2-5s,harmful,299.0,2.0,0.0,0.0,0.0,0.0,0.0,0.0,5.5,7.5,0.0,0.0,0.0,2.0
RrmBGjJqlEo_1,2-5s,harmful,300.0,2.0,1.0,0.0,1.0,0.0,0.0,0.0,5.5,5.5,4.0,-100.0,0.0,0.0
S0SQyFXbqF8_2,2-5s,control,96.0,2.0,1.0,1.0,1.0,0.0,0.0,0.0,3.0,3.5,3.0,0.0,0.0,0.5
SQHYl2Kp5ww_2,2-5s,control,300.0,4.0,0.0,1.0,1.0,0.0,0.0,0.0,28.5,33.75,32.25,100.0,0.0,5.25
T32kii824pA_2,2-5s,control,299.0,2.0,0.0,1.0,0.0,0.0,0.0,0.0,4.5,4.0,1.0,100.0,0.0,-0.5
T9_ep-3BZDY_1,0-2s,control,299.0,1.0,0.0,1.0,0.0,0.0,0.0,0.0,9.0,10.0,5.0,100.0,0.0,1.0
T9_ep-3BZDY_2,0-2s,harmful,299.0,1.0,0.0,0.0,0.0,0.0,0.0,0.0,15.0,34.0,3.0,0.0,0.0,19.0
Tgxst7Ft9js_1,2-5s,control,225.0,4.0,1.0,1.0,0.0,1.0,1.0,0.0,1.0,1.0,3.75,0.0,0.0,0.0
TtRtURWVYBE_2,2-5s,control,67.0,3.0,1.0,1.0,1.0,1.0,0.0,0.0,1.0,2.3333333333333335,2.6666666666666665,0.0,-100.0,1.3333333333333335
U3CAjsm1sec_1,2-5s,harmful,89.0,4.0,0.0,0.0,0.0,0.0,0.0,0.0,0.75,2.0,0.5,0.0,0.0,1.25
U5ij0M7T-hk_1,2-5s,control,223.0,3.0,1.0,1.0,1.0,0.0,0.0,0.0,2.0,2.0,3.3333333333333335,0.0,0.0,0.0
U90e2P9jy30_1,2-5s,harmful,300.0,2.0,1.0,0.0,0.0,0.0,0.0,0.0,5.5,7.0,5.0,-100.0,0.0,1.5
U90e2P9jy30_2,2-5s,control,300.0,3.0,0.0,0.0,0.0,0.0,0.0,0.0,4.333333333333333,1.6666666666666667,1.3333333333333333,0.0,0.0,-2.666666666666666
UAmDLPjNyMg_1,2-5s,control,137.0,2.0,1.0,1.0,1.0,0.0,0.0,0.0,3.0,1.5,1.0,0.0,0.0,-1.5
UE3XnVFodMI_1,2-5s,harmful,249.0,4.0,0.0,0.0,1.0,0.0,0.0,0.0,1.25,6.25,11.0,0.0,0.0,5.0
UQtBt6CQpwg_1,2-5s,control,59.0,2.0,1.0,1.0,1.0,0.0,0.0,0.0,1.5,1.5,7.0,0.0,0.0,0.0
UXGzbBGbqAA_2,2-5s,control,113.0,3.0,1.0,1.0,0.0,0.0,0.0,0.0,2.3333333333333335,1.3333333333333333,0.6666666666666666,0.0,0.0,-1.0000000000000002
V4PLSw_WzVw_1,2-5s,harmful,82.0,4.0,1.0,0.0,0.0,0.0,0.0,0.0,0.5,0.0,0.25,-100.0,0.0,-0.5
V4PLSw_WzVw_2,2-5s,control,82.0,2.0,1.0,1.0,0.0,0.0,0.0,0.0,2.0,1.5,0.5,0.0,0.0,-0.5
V8A0VRGdgwM_1,2-5s,control,77.0,4.0,1.0,1.0,1.0,1.0,0.0,0.0,1.25,1.25,1.75,0.0,-100.0,0.0
V8A0VRGdgwM_2,2-5s,harmful,77.0,2.0,0.0,0.0,0.0,0.0,0.0,0.0,2.0,5.0,1.5,0.0,0.0,3.0
VE6Ku0-ucUM_1,2-5s,control,66.0,2.0,1.0,1.0,0.0,1.0,1.0,0.0,1.0,1.0,10.0,0.0,0.0,0.0
VE6Ku0-ucUM_2,2-5s,control,66.0,3.0,1.0,1.0,0.0,0.0,1.0,0.0,1.0,1.0,1.6666666666666667,0.0,100.0,0.0
VE6Ku0-ucUM_3,2-5s,control,66.0,2.0,1.0,1.0,0.0,0.0,0.0,0.0,5.0,6.0,0.5,0.0,0.0,1.0
VZLZ08k3YeA_1,2-5s,control,142.0,2.0,1.0,1.0,0.0,0.0,0.0,0.0,2.0,2.0,0.0,0.0,0.0,0.0
VZLZ08k3YeA_3,0-2s,harmful,142.0,1.0,0.0,0.0,0.0,0.0,0.0,0.0,3.0,4.0,0.0,0.0,0.0,1.0
VZLZ08k3YeA_4,2-5s,control,142.0,4.0,1.0,1.0,0.0,0.0,0.0,0.0,1.5,2.75,4.0,0.0,0.0,1.25
VjSEIRnLAh8_2,2-5s,control,300.0,2.0,0.0,0.0,0.0,0.0,0.0,0.0,8.0,6.5,0.0,0.0,0.0,-1.5
VjSEIRnLAh8_4,2-5s,harmful,300.0,2.0,0.0,0.0,0.0,0.0,0.0,0.0,12.0,9.5,0.5,0.0,0.0,-2.5
WCYfCfW9NA0_4,2-5s,control,281.0,3.0,1.0,1.0,0.0,0.0,0.0,0.0,2.0,5.0,0.3333333333333333,0.0,0.0,3.0
WUpeplQr3A4_1,2-5s,harmful,300.0,2.0,1.0,0.0,0.0,0.0,0.0,0.0,4.5,4.5,7.5,-100.0,0.0,0.0
WUyeFOyKIg0_1,2-5s,harmful,299.0,2.0,0.0,0.0,1.0,0.0,0.0,0.0,4.0,4.5,0.0,0.0,0.0,0.5
WUyeFOyKIg0_2,2-5s,control,299.0,3.0,1.0,1.0,0.0,0.0,0.0,0.0,3.3333333333333335,3.3333333333333335,0.3333333333333333,0.0,0.0,0.0
Wq4OD3olO2w_1,2-5s,control,299.0,2.0,1.0,1.0,1.0,0.0,0.0,0.0,3.5,3.5,7.0,0.0,0.0,0.0
WqXFAY4k79s_1,2-5s,control,300.0,3.0,1.0,1.0,1.0,0.0,0.0,0.0,4.333333333333333,3.6666666666666665,5.0,0.0,0.0,-0.6666666666666665
XZTt1xdK8uQ_1,0-2s,control,140.0,1.0,0.0,1.0,0.0,0.0,0.0,0.0,8.0,13.0,26.0,100.0,0.0,5.0
YflmW68gL4E_2,2-5s,control,285.0,2.0,1.0,1.0,1.0,0.0,0.0,0.0,3.5,5.0,6.0,0.0,0.0,1.5
Z1Cyj4N05lk_3,2-5s,control,299.0,2.0,0.0,0.0,0.0,0.0,0.0,0.0,9.0,2.5,2.5,0.0,0.0,-6.5
Z3wDry8nnJs_1,2-5s,control,90.0,3.0,1.0,1.0,1.0,0.0,0.0,0.0,1.6666666666666667,2.3333333333333335,0.6666666666666666,0.0,0.0,0.6666666666666667
Z3wDry8nnJs_3,2-5s,control,90.0,2.0,1.0,1.0,1.0,1.0,0.0,1.0,1.5,2.0,0.0,0.0,-100.0,0.5
ZBtgrP4vU_w_2,2-5s,harmful,300.0,2.0,0.0,0.0,0.0,0.0,0.0,0.0,3.0,6.5,45.0,0.0,0.0,3.5
ZTYAQBnU4GM_1,2-5s,control,114.0,2.0,1.0,1.0,1.0,0.0,0.0,0.0,3.0,2.5,0.0,0.0,0.0,-0.5
ZUmZgPL0ges_3,2-5s,control,168.0,2.0,1.0,1.0,0.0,0.0,0.0,0.0,3.0,0.0,1.0,0.0,0.0,-3.0
Z_smJ66Tb3c_1,2-5s,control,201.0,4.0,1.0,1.0,0.0,0.0,0.0,0.0,1.5,1.5,1.75,0.0,0.0,0.0
Z_smJ66Tb3c_3,0-2s,control,201.0,1.0,0.0,0.0,0.0,0.0,0.0,0.0,8.0,10.0,1.0,0.0,0.0,2.0
Zsf2YvJfCKw_1,2-5s,control,135.0,2.0,1.0,1.0,1.0,0.0,0.0,0.0,2.5,1.5,2.5,0.0,0.0,-1.0
_AcJVyToQUQ_1,2-5s,control,115.0,2.0,1.0,1.0,1.0,0.0,0.0,0.0,3.0,3.0,3.5,0.0,0.0,0.0
_BSmz3SEW1w_1,2-5s,control,133.0,2.0,0.0,1.0,0.0,0.0,0.0,0.0,2.5,2.0,0.5,100.0,0.0,-0.5
_BSmz3SEW1w_2,2-5s,control,133.0,3.0,1.0,1.0,0.0,1.0,1.0,0.0,4.0,4.333333333333333,0.0,0.0,0.0,0.33333333333333304
_C2HinL8VlM_1,2-5s,control,73.0,4.0,1.0,1.0,1.0,1.0,1.0,0.0,0.75,1.0,1.0,0.0,0.0,0.25
_YS5uKWoB6g_2,0-2s,harmful,237.0,1.0,0.0,0.0,0.0,0.0,0.0,0.0,17.0,77.0,16.0,0.0,0.0,60.0
_YS5uKWoB6g_5,0-2s,control,237.0,1.0,0.0,0.0,0.0,0.0,0.0,0.0,12.0,28.0,6.0,0.0,0.0,16.0
_ezm-TpKj1w_1,2-5s,control,130.0,2.0,1.0,1.0,0.0,0.0,0.0,0.0,4.0,4.0,0.0,0.0,0.0,0.0
_oKXrY5Ff0g_3,2-5s,harmful,82.0,2.0,0.0,0.0,0.0,0.0,0.0,0.0,2.0,2.0,0.0,0.0,0.0,0.0
aMhu5eMQAsI_3,2-5s,harmful,170.0,3.0,0.0,0.0,1.0,0.0,0.0,0.0,3.0,2.3333333333333335,1.0,0.0,0.0,-0.6666666666666665
aZAXO2WZn84_2,2-5s,control,300.0,4.0,1.0,1.0,1.0,0.0,0.0,0.0,3.0,3.25,3.25,0.0,0.0,0.25
aZAXO2WZn84_4,2-5s,control,300.0,3.0,0.0,1.0,1.0,0.0,0.0,0.0,5.0,6.333333333333333,18.333333333333332,100.0,0.0,1.333333333333333
aZAXO2WZn84_5,0-2s,harmful,300.0,1.0,1.0,0.0,1.0,0.0,0.0,0.0,14.0,20.0,0.0,-100.0,0.0,6.0
ajheseWZmmU_2,2-5s,control,122.0,2.0,1.0,1.0,1.0,0.0,0.0,0.0,2.0,2.5,0.0,0.0,0.0,0.5
b1PXsfgQw5w_1,0-2s,control,297.0,1.0,1.0,1.0,0.0,0.0,0.0,0.0,10.0,13.0,11.0,0.0,0.0,3.0
b1PXsfgQw5w_2,0-2s,control,297.0,1.0,0.0,0.0,0.0,0.0,0.0,0.0,14.0,12.0,1.0,0.0,0.0,-2.0
bUTOsLXYyxg_1,2-5s,harmful,300.0,2.0,0.0,0.0,0.0,0.0,0.0,0.0,5.5,5.0,8.0,0.0,0.0,-0.5
bX2vDaHL26U_1,2-5s,control,74.0,3.0,1.0,1.0,1.0,0.0,1.0,0.0,1.0,0.6666666666666666,0.3333333333333333,0.0,100.0,-0.33333333333333337
bX2vDaHL26U_2,0-2s,control,74.0,1.0,1.0,1.0,1.0,0.0,0.0,0.0,4.0,1.0,2.0,0.0,0.0,-3.0
bgbnu5YKTDg_4,2-5s,control,198.0,3.0,1.0,1.0,1.0,0.0,0.0,0.0,6.333333333333333,5.666666666666667,5.333333333333333,0.0,0.0,-0.6666666666666661
bpv_LneHmfU_1,2-5s,control,138.0,3.0,1.0,1.0,0.0,0.0,0.0,0.0,1.6666666666666667,2.3333333333333335,1.6666666666666667,0.0,0.0,0.6666666666666667
cPiSd5nJLrI_1,2-5s,harmful,60.0,2.0,0.0,0.0,1.0,0.0,0.0,0.0,7.0,4.5,1.5,0.0,0.0,-2.5
cPiSd5nJLrI_2,2-5s,control,60.0,3.0,1.0,1.0,1.0,1.0,1.0,0.0,1.0,1.0,0.0,0.0,0.0,0.0
cz0FSQDVBMw_2,0-2s,harmful,248.0,1.0,0.0,0.0,1.0,0.0,0.0,0.0,8.0,14.0,15.0,0.0,0.0,6.0
d6gu2w19YQo_1,2-5s,control,102.0,2.0,1.0,1.0,1.0,0.0,0.0,0.0,2.0,2.0,2.5,0.0,0.0,0.0
dYvL6uEMl6E_1,0-2s,control,178.0,1.0,0.0,0.0,0.0,0.0,0.0,0.0,6.0,4.0,4.0,0.0,0.0,-2.0
dkiwn2FdDVw_2,2-5s,control,300.0,2.0,0.0,0.0,0.0,0.0,0.0,0.0,7.0,8.5,17.0,0.0,0.0,1.5
dkiwn2FdDVw_3,0-2s,control,300.0,1.0,0.0,1.0,0.0,0.0,0.0,0.0,12.0,26.0,21.0,100.0,0.0,14.0
dkiwn2FdDVw_4,2-5s,harmful,300.0,3.0,0.0,0.0,0.0,0.0,0.0,0.0,4.0,5.333333333333333,0.3333333333333333,0.0,0.0,1.333333333333333
e2rScj9UyMs_2,0-2s,harmful,225.0,1.0,1.0,0.0,0.0,0.0,0.0,0.0,10.0,20.0,7.0,-100.0,0.0,10.0
eRU-rABp8nk_2,2-5s,harmful,299.0,2.0,1.0,0.0,0.0,0.0,0.0,0.0,5.0,3.5,0.5,-100.0,0.0,-1.5
eRU-rABp8nk_3,0-2s,control,299.0,1.0,0.0,0.0,0.0,0.0,0.0,0.0,12.0,8.0,0.0,0.0,0.0,-4.0
eUecAF626A8_2,2-5s,harmful,299.0,3.0,0.0,0.0,0.0,0.0,0.0,0.0,3.0,3.6666666666666665,11.666666666666666,0.0,0.0,0.6666666666666665
eYbFtxZmKL4_1,2-5s,control,299.0,3.0,0.0,1.0,0.0,0.0,0.0,0.0,4.0,3.6666666666666665,1.0,100.0,0.0,-0.3333333333333335
elztUCeNQvQ_1,2-5s,control,299.0,4.0,1.0,1.0,1.0,0.0,0.0,0.0,2.25,2.0,5.5,0.0,0.0,-0.25
elztUCeNQvQ_2,2-5s,harmful,299.0,3.0,1.0,0.0,0.0,0.0,0.0,0.0,2.3333333333333335,3.6666666666666665,4.0,-100.0,0.0,1.333333333333333
elztUCeNQvQ_5,2-5s,control,299.0,2.0,1.0,1.0,1.0,0.0,0.0,0.0,4.0,5.0,4.0,0.0,0.0,1.0
emGPabOePzA_1,2-5s,control,101.0,2.0,1.0,1.0,1.0,0.0,0.0,0.0,5.5,6.5,11.0,0.0,0.0,1.0
eu5bq0A3XVQ_2,2-5s,harmful,300.0,2.0,1.0,0.0,0.0,0.0,0.0,0.0,5.5,6.0,17.0,-100.0,0.0,0.5
eu5bq0A3XVQ_3,2-5s,harmful,300.0,3.0,1.0,0.0,0.0,0.0,0.0,0.0,3.3333333333333335,3.6666666666666665,0.0,-100.0,0.0,0.33333333333333304
fGGYeXR_LS8_1,2-5s,control,127.0,4.0,1.0,1.0,0.0,1.0,1.0,0.0,0.75,1.0,1.0,0.0,0.0,0.25
fK4QBQZ6i7w_1,2-5s,harmful,299.0,4.0,1.0,0.0,0.0,0.0,0.0,0.0,2.75,3.0,0.5,-100.0,0.0,0.25
fPqj3nnwQOI_1,2-5s,control,280.0,3.0,1.0,1.0,1.0,0.0,0.0,0.0,7.0,5.0,6.333333333333333,0.0,0.0,-2.0
fPqj3nnwQOI_2,2-5s,control,280.0,2.0,1.0,1.0,1.0,0.0,0.0,0.0,17.0,9.5,16.5,0.0,0.0,-7.5
fPqj3nnwQOI_3,0-2s,harmful,280.0,1.0,0.0,0.0,0.0,0.0,0.0,0.0,20.0,26.0,36.0,0.0,0.0,6.0
fPqj3nnwQOI_4,0-2s,harmful,280.0,1.0,0.0,0.0,0.0,0.0,0.0,0.0,28.0,38.0,17.0,0.0,0.0,10.0
fWvWhLJ5Fow_1,2-5s,control,128.0,4.0,1.0,1.0,1.0,1.0,0.0,1.0,1.25,1.0,1.0,0.0,-100.0,-0.25
fWvWhLJ5Fow_3,2-5s,control,128.0,4.0,1.0,1.0,0.0,0.0,0.0,0.0,2.0,2.25,0.25,0.0,0.0,0.25
fYTZVxQ8LJk_2,2-5s,control,95.0,3.0,1.0,1.0,1.0,0.0,0.0,0.0,1.3333333333333333,3.0,0.3333333333333333,0.0,0.0,1.6666666666666667
fYTZVxQ8LJk_3,2-5s,control,95.0,2.0,1.0,1.0,0.0,0.0,0.0,0.0,1.5,2.0,0.5,0.0,0.0,0.5
fmEft49sPfE_2,2-5s,control,300.0,3.0,0.0,1.0,0.0,0.0,0.0,0.0,6.666666666666667,8.333333333333334,10.666666666666666,100.0,0.0,1.666666666666667
frOqlk0Wm5Y_1,0-2s,control,109.0,1.0,1.0,1.0,1.0,0.0,0.0,0.0,4.0,4.0,6.0,0.0,0.0,0.0
frOqlk0Wm5Y_3,2-5s,control,109.0,3.0,1.0,1.0,0.0,1.0,0.0,0.0,1.3333333333333333,7.0,5.333333333333333,0.0,-100.0,5.666666666666667
fwhkCnOeyC0_1,2-5s,control,299.0,2.0,1.0,1.0,1.0,0.0,0.0,0.0,4.0,4.5,5.5,0.0,0.0,0.5
fwhkCnOeyC0_3,2-5s,control,299.0,4.0,1.0,1.0,1.0,0.0,0.0,0.0,1.75,2.0,0.0,0.0,0.0,0.25
gW7s3YAthpI_1,2-5s,harmful,299.0,4.0,0.0,0.0,0.0,0.0,0.0,0.0,3.75,7.0,6.0,0.0,0.0,3.25
gW7s3YAthpI_2,2-5s,harmful,299.0,3.0,0.0,0.0,1.0,0.0,0.0,0.0,4.0,8.333333333333334,8.333333333333334,0.0,0.0,4.333333333333334
gbi6MxPf3hA_1,2-5s,control,65.0,4.0,1.0,1.0,0.0,0.0,0.0,0.0,1.25,1.0,4.5,0.0,0.0,-0.25
gbi6MxPf3hA_2,2-5s,control,65.0,4.0,1.0,1.0,1.0,1.0,1.0,0.0,0.75,1.0,7.0,0.0,0.0,0.25
gbi6MxPf3hA_3,2-5s,control,65.0,3.0,1.0,1.0,0.0,0.0,0.0,0.0,0.6666666666666666,1.3333333333333333,0.3333333333333333,0.0,0.0,0.6666666666666666
gbtcDoh0q3c_2,2-5s,harmful,240.0,4.0,0.0,0.0,0.0,0.0,0.0,0.0,4.25,4.5,0.5,0.0,0.0,0.25
gf6H_MWCqjw_4,2-5s,harmful,119.0,3.0,1.0,0.0,0.0,0.0,0.0,0.0,2.6666666666666665,1.6666666666666667,0.0,-100.0,0.0,-0.9999999999999998
gkWd1HugK2w_1,2-5s,control,151.0,2.0,0.0,1.0,1.0,0.0,0.0,0.0,7.5,8.5,9.0,100.0,0.0,1.0
glAeihz0NAM_1,2-5s,harmful,185.0,4.0,1.0,0.0,0.0,0.0,0.0,0.0,4.75,3.0,4.25,-100.0,0.0,-1.75
gr5Zss89yLQ_1,0-2s,harmful,106.0,1.0,1.0,0.0,0.0,0.0,0.0,0.0,4.0,22.0,14.0,-100.0,0.0,18.0
gr5Zss89yLQ_3,2-5s,control,106.0,2.0,1.0,1.0,1.0,0.0,0.0,0.0,1.0,2.0,3.0,0.0,0.0,1.0
gr5Zss89yLQ_4,2-5s,control,106.0,4.0,1.0,1.0,1.0,0.0,1.0,0.0,1.25,1.5,0.0,0.0,100.0,0.25
h3UhoHIMfpw_1,2-5s,harmful,130.0,2.0,1.0,0.0,1.0,0.0,0.0,0.0,2.5,3.0,2.5,-100.0,0.0,0.5
hDMHIDJdfDA_3,2-5s,harmful,76.0,2.0,0.0,0.0,0.0,0.0,0.0,0.0,2.0,2.0,5.0,0.0,0.0,0.0
hVUmQfBIYe8_1,2-5s,control,179.0,4.0,1.0,1.0,1.0,0.0,0.0,0.0,1.75,1.25,1.25,0.0,0.0,-0.5
hmd6pa2e_rs_1,0-2s,control,242.0,1.0,0.0,0.0,0.0,0.0,0.0,0.0,12.0,13.0,30.0,0.0,0.0,1.0
hmd6pa2e_rs_2,2-5s,harmful,242.0,2.0,0.0,0.0,0.0,0.0,0.0,0.0,7.0,8.0,6.0,0.0,0.0,1.0
hmd6pa2e_rs_3,2-5s,control,242.0,3.0,0.0,0.0,0.0,0.0,0.0,0.0,2.6666666666666665,3.3333333333333335,11.666666666666666,0.0,0.0,0.666666666666667
hzn_wGlzGpU_1,2-5s,harmful,126.0,2.0,1.0,0.0,0.0,0.0,0.0,0.0,3.0,3.5,7.0,-100.0,0.0,0.5
hzn_wGlzGpU_2,0-2s,control,126.0,1.0,1.0,1.0,1.0,0.0,0.0,0.0,5.0,10.0,13.0,0.0,0.0,5.0
i6MQCm58zlY_3,2-5s,harmful,247.0,3.0,1.0,0.0,1.0,0.0,0.0,0.0,2.6666666666666665,3.6666666666666665,1.0,-100.0,0.0,1.0
iOCpICiu4LA_2,2-5s,control,299.0,3.0,0.0,0.0,0.0,0.0,0.0,0.0,4.333333333333333,6.666666666666667,25.333333333333332,0.0,0.0,2.333333333333334
ilspW7JRjAg_1,0-2s,control,208.0,1.0,0.0,0.0,0.0,0.0,0.0,0.0,38.0,155.0,120.0,0.0,0.0,117.0
inSvboaSRwA_2,0-2s,harmful,299.0,1.0,1.0,0.0,0.0,0.0,0.0,0.0,9.0,16.0,3.0,-100.0,0.0,7.0
jid4t-FzUn0_1,2-5s,control,163.0,2.0,1.0,1.0,0.0,0.0,0.0,0.0,3.5,3.5,3.0,0.0,0.0,0.0
jid4t-FzUn0_3,2-5s,control,163.0,3.0,0.0,1.0,0.0,0.0,0.0,0.0,1.3333333333333333,2.0,0.0,100.0,0.0,0.6666666666666667
jjfUaMQaG1A_2,0-2s,harmful,300.0,1.0,0.0,0.0,1.0,0.0,0.0,0.0,9.0,13.0,0.0,0.0,0.0,4.0
jlwe9jtu5Gw_1,2-5s,control,63.0,3.0,1.0,1.0,0.0,1.0,1.0,0.0,1.0,1.3333333333333333,4.333333333333333,0.0,0.0,0.33333333333333326
jlwe9jtu5Gw_2,2-5s,harmful,63.0,2.0,1.0,0.0,1.0,0.0,0.0,0.0,1.5,2.0,0.0,-100.0,0.0,0.5
jlwe9jtu5Gw_3,2-5s,control,63.0,3.0,1.0,1.0,1.0,0.0,1.0,0.0,1.0,1.6666666666666667,0.3333333333333333,0.0,100.0,0.6666666666666667
kHIe4CfaccQ_2,2-5s,control,112.0,2.0,1.0,1.0,0.0,0.0,0.0,0.0,8.0,19.5,1.0,0.0,0.0,11.5
kXjzsroVTtw_1,0-2s,harmful,92.0,1.0,0.0,0.0,0.0,0.0,0.0,0.0,2.0,3.0,0.0,0.0,0.0,1.0
kdflh3akyH8_1,2-5s,control,99.0,2.0,1.0,1.0,1.0,0.0,0.0,0.0,2.0,3.0,0.0,0.0,0.0,1.0
lTfNLKEy1RU_2,2-5s,control,181.0,2.0,1.0,1.0,1.0,0.0,0.0,0.0,2.5,2.5,1.0,0.0,0.0,0.0
lVr-PxhZo8s_1,2-5s,control,69.0,2.0,1.0,1.0,0.0,0.0,0.0,0.0,1.0,1.0,1.5,0.0,0.0,0.0
lVr-PxhZo8s_3,0-2s,harmful,69.0,1.0,1.0,0.0,0.0,0.0,0.0,0.0,6.0,17.0,5.0,-100.0,0.0,11.0
lgwpIImXCWA_3,2-5s,control,194.0,2.0,1.0,1.0,0.0,0.0,0.0,0.0,2.5,4.0,1.5,0.0,0.0,1.5
lh801oHGtD4_2,2-5s,control,97.0,3.0,1.0,1.0,1.0,1.0,1.0,0.0,1.0,1.3333333333333333,0.3333333333333333,0.0,0.0,0.33333333333333326
lh801oHGtD4_3,2-5s,control,97.0,4.0,1.0,1.0,0.0,0.0,0.0,0.0,1.5,1.25,0.25,0.0,0.0,-0.25
lmPMhs-9IYE_2,2-5s,control,155.0,4.0,0.0,1.0,0.0,0.0,1.0,0.0,6.0,0.75,0.5,100.0,100.0,-5.25
lrKGCtSsAkA_2,2-5s,control,240.0,2.0,0.0,0.0,0.0,0.0,0.0,0.0,97.0,112.0,95.5,0.0,0.0,15.0
lrKGCtSsAkA_3,0-2s,harmful,240.0,1.0,1.0,0.0,0.0,0.0,0.0,0.0,67.0,44.0,38.0,-100.0,0.0,-23.0
lrKGCtSsAkA_4,0-2s,control,240.0,1.0,1.0,1.0,0.0,0.0,0.0,0.0,8.0,14.0,14.0,0.0,0.0,6.0
mSF_FqBtRPs_1,2-5s,control,67.0,4.0,1.0,1.0,0.0,0.0,1.0,0.0,0.5,0.75,0.25,0.0,100.0,0.25
mWqH2xwjkYA_1,2-5s,control,118.0,4.0,1.0,1.0,1.0,1.0,0.0,0.0,1.5,1.75,1.75,0.0,-100.0,0.25
m_U506sf9p4_2,2-5s,harmful,212.0,2.0,0.0,0.0,0.0,0.0,0.0,0.0,3.0,5.0,0.0,0.0,0.0,2.0
m_U506sf9p4_3,2-5s,harmful,212.0,2.0,0.0,0.0,1.0,0.0,0.0,0.0,3.5,3.0,1.0,0.0,0.0,-0.5
m_U506sf9p4_4,2-5s,control,212.0,3.0,1.0,1.0,0.0,0.0,0.0,0.0,3.6666666666666665,4.333333333333333,1.0,0.0,0.0,0.6666666666666665
n-JyOqYSLQM_2,2-5s,control,299.0,2.0,0.0,1.0,0.0,0.0,0.0,0.0,4.5,5.0,0.5,100.0,0.0,0.5
nLtNjMimLE0_1,2-5s,harmful,299.0,4.0,0.0,0.0,0.0,0.0,0.0,0.0,6.5,16.25,34.75,0.0,0.0,9.75
nU-AI3Cmc3M_1,2-5s,harmful,86.0,3.0,1.0,0.0,0.0,0.0,0.0,0.0,1.3333333333333333,4.333333333333333,0.0,-100.0,0.0,3.0
nlC4UI4hZ60_2,2-5s,control,77.0,3.0,1.0,0.0,0.0,0.0,0.0,0.0,1.6666666666666667,1.6666666666666667,0.6666666666666666,-100.0,0.0,0.0
o7-X8DAToGc_1,2-5s,control,300.0,2.0,0.0,1.0,0.0,0.0,0.0,0.0,6.0,6.5,1.0,100.0,0.0,0.5
o7-X8DAToGc_2,2-5s,control,300.0,2.0,0.0,0.0,1.0,0.0,0.0,0.0,7.0,8.5,34.0,0.0,0.0,1.5
oN0IcZaHD_8_2,2-5s,control,299.0,2.0,1.0,1.0,0.0,0.0,0.0,0.0,6.0,14.5,3.0,0.0,0.0,8.5
oNHCc_izsDE_1,0-2s,harmful,106.0,1.0,1.0,0.0,0.0,0.0,0.0,0.0,3.0,29.0,17.0,-100.0,0.0,26.0
os_2U4xqTqw_1,2-5s,control,223.0,3.0,1.0,1.0,0.0,0.0,0.0,0.0,4.666666666666667,35.0,5.333333333333333,0.0,0.0,30.333333333333332
os_2U4xqTqw_2,2-5s,control,223.0,3.0,1.0,1.0,0.0,0.0,0.0,0.0,6.0,9.0,6.333333333333333,0.0,0.0,3.0
os_2U4xqTqw_3,0-2s,control,223.0,1.0,1.0,1.0,1.0,0.0,0.0,0.0,9.0,26.0,21.0,0.0,0.0,17.0
os_2U4xqTqw_4,2-5s,harmful,223.0,4.0,1.0,0.0,0.0,0.0,0.0,0.0,2.25,4.5,0.0,-100.0,0.0,2.25
p9qRTh4BmSE_1,2-5s,harmful,128.0,2.0,0.0,0.0,0.0,0.0,0.0,0.0,3.5,5.0,9.0,0.0,0.0,1.5
p9qRTh4BmSE_2,2-5s,control,128.0,2.0,1.0,1.0,1.0,0.0,0.0,0.0,10.0,7.0,30.5,0.0,0.0,-3.0
pCQEWAFGEjc_1,2-5s,control,299.0,3.0,1.0,1.0,0.0,0.0,0.0,0.0,3.3333333333333335,3.6666666666666665,5.333333333333333,0.0,0.0,0.33333333333333304
pCQEWAFGEjc_2,2-5s,harmful,299.0,4.0,0.0,0.0,0.0,0.0,0.0,0.0,2.75,4.25,0.25,0.0,0.0,1.5
pHYkWkZ4guE_3,2-5s,harmful,300.0,2.0,0.0,0.0,0.0,0.0,0.0,0.0,4.5,7.5,18.5,0.0,0.0,3.0
pI_kPedctoo_1,0-2s,control,76.0,1.0,1.0,1.0,0.0,1.0,1.0,0.0,2.0,4.0,4.0,0.0,0.0,2.0
pO8kbg9IJnc_2,2-5s,control,131.0,4.0,1.0,1.0,1.0,0.0,0.0,0.0,2.0,2.75,5.25,0.0,0.0,0.75
pO8kbg9IJnc_3,2-5s,control,131.0,2.0,1.0,1.0,0.0,0.0,0.0,0.0,2.0,2.5,3.0,0.0,0.0,0.5
paf0nyjg1Js_1,2-5s,harmful,299.0,4.0,0.0,0.0,1.0,0.0,0.0,0.0,5.25,12.0,5.5,0.0,0.0,6.75
paf0nyjg1Js_2,2-5s,control,299.0,3.0,0.0,1.0,0.0,0.0,0.0,0.0,5.0,5.333333333333333,0.0,100.0,0.0,0.33333333333333304
pgq2KPX5_SA_2,2-5s,harmful,208.0,4.0,0.0,0.0,0.0,0.0,0.0,0.0,2.75,4.0,1.25,0.0,0.0,1.25
pgq2KPX5_SA_4,2-5s,control,208.0,2.0,1.0,1.0,0.0,0.0,0.0,0.0,3.0,4.5,10.5,0.0,0.0,1.5
ptIksg9KEac_2,2-5s,control,133.0,4.0,1.0,1.0,0.0,0.0,0.0,0.0,1.0,1.0,0.25,0.0,0.0,0.0
ptIksg9KEac_3,0-2s,control,133.0,1.0,1.0,1.0,0.0,0.0,0.0,0.0,9.0,8.0,1.0,0.0,0.0,-1.0
q1ivQ_2fddk_3,2-5s,harmful,167.0,2.0,1.0,0.0,0.0,0.0,0.0,0.0,3.5,2.5,1.0,-100.0,0.0,-1.0
q3SEOW2m4WY_1,2-5s,control,62.0,2.0,1.0,1.0,1.0,0.0,0.0,0.0,1.0,1.5,2.0,0.0,0.0,0.5
q3SEOW2m4WY_3,0-2s,control,62.0,1.0,1.0,1.0,1.0,0.0,0.0,1.0,2.0,5.0,1.0,0.0,0.0,3.0
q3SEOW2m4WY_4,2-5s,control,62.0,4.0,1.0,1.0,1.0,0.0,0.0,0.0,1.0,2.75,11.0,0.0,0.0,1.75
qeSl7YZAfs4_2,2-5s,harmful,299.0,4.0,1.0,0.0,0.0,0.0,0.0,0.0,8.25,18.0,30.5,-100.0,0.0,9.75
r2KhpX_QgXA_1,2-5s,control,299.0,4.0,1.0,1.0,0.0,0.0,0.0,0.0,2.25,2.0,11.0,0.0,0.0,-0.25
rE6BJ0Bo4w4_3,2-5s,control,242.0,4.0,1.0,1.0,1.0,0.0,0.0,0.0,0.75,1.75,1.0,0.0,0.0,1.0
rE6BJ0Bo4w4_4,2-5s,control,242.0,3.0,1.0,1.0,0.0,0.0,0.0,0.0,3.3333333333333335,3.6666666666666665,4.0,0.0,0.0,0.33333333333333304
rPkCYq4Zjwk_1,2-5s,harmful,203.0,3.0,1.0,0.0,1.0,0.0,0.0,1.0,3.3333333333333335,3.0,2.0,-100.0,0.0,-0.3333333333333335
rPkCYq4Zjwk_2,2-5s,control,203.0,3.0,1.0,1.0,0.0,0.0,0.0,0.0,11.0,40.0,19.666666666666668,0.0,0.0,29.0
riM7b5bJ9KQ_1,2-5s,control,74.0,3.0,1.0,1.0,0.0,0.0,0.0,0.0,1.3333333333333333,1.0,7.0,0.0,0.0,-0.33333333333333326
riM7b5bJ9KQ_3,2-5s,control,74.0,2.0,1.0,1.0,1.0,1.0,0.0,0.0,2.5,2.0,0.5,0.0,-100.0,-0.5
rvtA7c1I4xo_1,2-5s,control,130.0,3.0,0.0,1.0,0.0,0.0,0.0,0.0,2.0,4.0,16.333333333333332,100.0,0.0,2.0
rvtA7c1I4xo_2,2-5s,harmful,130.0,4.0,1.0,0.0,1.0,0.0,0.0,0.0,1.0,0.75,3.0,-100.0,0.0,-0.25
rvtA7c1I4xo_3,2-5s,control,130.0,2.0,1.0,1.0,1.0,0.0,0.0,0.0,4.5,4.0,3.0,0.0,0.0,-0.5
rvtA7c1I4xo_4,2-5s,harmful,130.0,3.0,1.0,0.0,0.0,0.0,0.0,0.0,1.6666666666666667,1.3333333333333333,0.6666666666666666,-100.0,0.0,-0.3333333333333335
sTMKled6Q1M_1,2-5s,control,300.0,4.0,1.0,1.0,1.0,0.0,0.0,0.0,4.25,3.5,3.5,0.0,0.0,-0.75
sTMKled6Q1M_2,2-5s,control,300.0,3.0,0.0,1.0,1.0,0.0,0.0,0.0,3.6666666666666665,5.0,8.333333333333334,100.0,0.0,1.3333333333333335
sTMKled6Q1M_3,2-5s,harmful,300.0,3.0,1.0,0.0,0.0,0.0,0.0,0.0,4.666666666666667,6.666666666666667,1.0,-100.0,0.0,2.0
sVYTOURVsQ0_2,0-2s,control,71.0,1.0,0.0,1.0,1.0,0.0,0.0,0.0,37.0,49.0,4.0,100.0,0.0,12.0
sl_Pxpc7beo_1,2-5s,control,74.0,2.0,1.0,1.0,0.0,0.0,0.0,0.0,1.5,3.0,11.5,0.0,0.0,1.5
sqsI2UyrcBQ_1,2-5s,harmful,67.0,2.0,1.0,0.0,0.0,0.0,0.0,0.0,1.5,9.0,8.5,-100.0,0.0,7.5
szkiW0GXEOI_1,2-5s,control,148.0,3.0,1.0,1.0,1.0,0.0,0.0,0.0,2.3333333333333335,2.3333333333333335,0.0,0.0,0.0,0.0
t1hj7se76wQ_2,2-5s,control,119.0,2.0,1.0,1.0,1.0,0.0,0.0,0.0,12.0,11.5,12.5,0.0,0.0,-0.5
t1hj7se76wQ_3,2-5s,control,119.0,2.0,1.0,1.0,1.0,0.0,0.0,0.0,5.0,5.5,8.0,0.0,0.0,0.5
t4prXmPwthg_2,2-5s,harmful,249.0,4.0,0.0,0.0,0.0,0.0,0.0,0.0,2.0,2.5,0.0,0.0,0.0,0.5
tIM-H2rdq8U_2,2-5s,control,105.0,4.0,1.0,1.0,1.0,0.0,0.0,1.0,2.0,1.75,2.5,0.0,0.0,-0.25
tIM-H2rdq8U_3,0-2s,control,105.0,1.0,1.0,1.0,0.0,0.0,0.0,0.0,6.0,5.0,0.0,0.0,0.0,-1.0
tIM-H2rdq8U_4,2-5s,control,105.0,2.0,0.0,0.0,0.0,0.0,0.0,0.0,3.0,3.0,3.0,0.0,0.0,0.0
taYKM1OSTwE_1,2-5s,control,220.0,4.0,1.0,1.0,0.0,1.0,1.0,0.0,1.25,1.0,3.5,0.0,0.0,-0.25
taYKM1OSTwE_2,0-2s,harmful,220.0,1.0,0.0,0.0,0.0,0.0,0.0,0.0,5.0,6.0,1.0,0.0,0.0,1.0
tfOIhQpYYe8_1,2-5s,control,109.0,3.0,1.0,1.0,1.0,1.0,0.0,0.0,0.6666666666666666,0.6666666666666666,2.3333333333333335,0.0,-100.0,0.0
tfOIhQpYYe8_2,2-5s,harmful,109.0,3.0,0.0,0.0,0.0,0.0,0.0,0.0,2.3333333333333335,5.0,18.333333333333332,0.0,0.0,2.6666666666666665
tjCNwdOUiGc_1,2-5s,harmful,299.0,3.0,1.0,0.0,0.0,0.0,0.0,0.0,1.6666666666666667,1.3333333333333333,20.333333333333332,-100.0,0.0,-0.3333333333333335
tjCNwdOUiGc_4,2-5s,control,299.0,3.0,0.0,0.0,0.0,0.0,0.0,0.0,11.0,17.0,20.333333333333332,0.0,0.0,6.0
twFypUcdgRc_3,0-2s,control,269.0,1.0,0.0,1.0,0.0,0.0,0.0,0.0,8.0,8.0,3.0,100.0,0.0,0.0
txeXrpoMST4_1,2-5s,control,300.0,4.0,1.0,1.0,0.0,0.0,0.0,0.0,1.5,1.75,2.25,0.0,0.0,0.25
txeXrpoMST4_4,2-5s,control,300.0,4.0,0.0,1.0,0.0,0.0,0.0,0.0,1.5,2.0,1.5,100.0,0.0,0.5
uJzAf4PaExI_2,0-2s,control,299.0,1.0,0.0,1.0,0.0,0.0,0.0,0.0,9.0,10.0,4.0,100.0,0.0,1.0
uJzAf4PaExI_3,2-5s,harmful,299.0,4.0,0.0,0.0,0.0,0.0,0.0,0.0,3.25,3.0,0.0,0.0,0.0,-0.25
uY4fe5DT1gI_1,2-5s,harmful,299.0,2.0,0.0,0.0,0.0,0.0,0.0,0.0,6.5,6.0,0.5,0.0,0.0,-0.5
uY4fe5DT1gI_2,2-5s,control,299.0,2.0,0.0,0.0,0.0,0.0,0.0,0.0,13.5,17.5,0.0,0.0,0.0,4.0
uhSDBwVrEdo_2,2-5s,control,86.0,2.0,1.0,1.0,1.0,0.0,0.0,0.0,1.5,2.0,1.5,0.0,0.0,0.5
up2PpjTzyyc_1,2-5s,control,299.0,4.0,0.0,1.0,0.0,0.0,0.0,0.0,3.25,4.0,3.5,100.0,0.0,0.75
vfNKduToki4_1,0-2s,harmful,217.0,1.0,0.0,0.0,0.0,0.0,0.0,0.0,10.0,17.0,20.0,0.0,0.0,7.0
vigslb0kClE_2,2-5s,harmful,137.0,3.0,0.0,0.0,1.0,0.0,0.0,0.0,2.0,1.6666666666666667,7.666666666666667,0.0,0.0,-0.33333333333333326
vruDH_YLaPI_1,0-2s,harmful,125.0,1.0,1.0,0.0,1.0,0.0,0.0,0.0,3.0,6.0,20.0,-100.0,0.0,3.0
vruDH_YLaPI_2,2-5s,control,125.0,3.0,1.0,1.0,1.0,0.0,0.0,0.0,2.0,2.3333333333333335,8.333333333333334,0.0,0.0,0.3333333333333335
vruDH_YLaPI_3,0-2s,control,125.0,1.0,1.0,1.0,0.0,0.0,0.0,0.0,5.0,7.0,0.0,0.0,0.0,2.0
wAZrOPvul4Y_1,2-5s,harmful,283.0,2.0,0.0,0.0,0.0,0.0,0.0,0.0,5.0,6.5,2.0,0.0,0.0,1.5
wBs02amFGXs_2,2-5s,harmful,299.0,4.0,1.0,0.0,1.0,0.0,0.0,0.0,3.75,4.75,38.0,-100.0,0.0,1.0
wnqUgK_-fo4_1,2-5s,control,103.0,2.0,0.0,1.0,1.0,0.0,0.0,0.0,5.0,5.0,1.0,100.0,0.0,0.0
woadpeAGHUQ_1,0-2s,control,97.0,1.0,1.0,1.0,0.0,0.0,0.0,0.0,2.0,2.0,36.0,0.0,0.0,0.0
x5AH2gW_8S4_2,0-2s,harmful,110.0,1.0,0.0,0.0,0.0,0.0,0.0,0.0,4.0,4.0,0.0,0.0,0.0,0.0
xUWSHYoslPQ_2,2-5s,harmful,115.0,4.0,1.0,0.0,1.0,0.0,0.0,0.0,3.0,5.5,2.75,-100.0,0.0,2.5
xbLW9Wt1Jsg_3,2-5s,control,300.0,4.0,1.0,1.0,1.0,0.0,0.0,0.0,2.75,4.25,2.25,0.0,0.0,1.5
yfYNPWs7mWY_2,2-5s,control,300.0,2.0,0.0,1.0,0.0,0.0,0.0,0.0,5.0,5.0,22.0,100.0,0.0,0.0
yrxa6_P2I80_2,0-2s,harmful,240.0,1.0,0.0,0.0,0.0,0.0,0.0,0.0,9.0,1.0,1.0,0.0,0.0,-8.0
z1ax0QPpd14_1,2-5s,harmful,183.0,3.0,1.0,0.0,1.0,0.0,0.0,0.0,3.0,3.6666666666666665,3.0,-100.0,0.0,0.6666666666666665
z1ax0QPpd14_3,0-2s,harmful,183.0,1.0,1.0,0.0,0.0,0.0,0.0,0.0,11.0,13.0,2.0,-100.0,0.0,2.0
zBXoaQ1GVlc_3,2-5s,control,300.0,2.0,0.0,0.0,1.0,0.0,0.0,0.0,6.5,9.5,43.0,0.0,0.0,3.0
zoctgurhvHE_1,2-5s,control,299.0,4.0,1.0,1.0,1.0,0.0,0.0,0.0,1.75,1.25,1.0,0.0,0.0,-0.5
ztSjcZNUY7A_2,2-5s,control,83.0,3.0,1.0,1.0,1.0,0.0,0.0,0.0,3.6666666666666665,8.0,3.0,0.0,0.0,4.333333333333334
zwoqJY03yHE_1,0-2s,harmful,300.0,1.0,0.0,0.0,0.0,0.0,0.0,0.0,14.0,28.0,37.0,0.0,0.0,14.0
zwoqJY03yHE_2,2-5s,control,300.0,4.0,1.0,1.0,1.0,0.0,0.0,0.0,0.75,1.75,1.5,0.0,0.0,1.0
zwoqJY03yHE_4,2-5s,harmful,300.0,2.0,1.0,0.0,1.0,0.0,0.0,0.0,5.0,2.0,0.5,-100.0,0.0,-3.0
