N_queries,N_rows,replicate_count,mean_center_hit10_1s_pct,mean_center_hit10_2s_pct,mean_positive_overlap_candidate_top10_pct,mean_oracle10_iou05_pct,mean_oracle10_iou07_pct,mean_r1_iou05_pct,mean_r1_iou07_pct,median_final_center_error_sec,median_final_width_gt_ratio,mean_effective_accessible_tokens,mean_effective_distractor_count,mean_gt_token_count,mean_valid_token_count,condition,duration_bin
90,90,1,7.777777777777778,24.444444444444443,55.55555555555556,1.1111111111111112,1.1111111111111112,0.0,0.0,38.0,5.0,1.4111111111111112,0.0,1.4111111111111112,201.1888888888889,GT_ONLY,0-2s
90,900,10,36.77777777777778,51.66666666666667,70.11111111111111,4.777777777777778,0.7777777777777778,0.7777777777777778,0.1111111111111111,29.25,8.0,51.7,50.28888888888889,1.4111111111111112,201.1888888888889,RANDOM_25,0-2s
90,900,10,32.77777777777778,49.22222222222222,67.0,6.0,1.0,1.6666666666666667,0.0,32.0,8.0,101.52222222222223,100.11111111111111,1.4111111111111112,201.1888888888889,RANDOM_50,0-2s
90,90,1,27.77777777777778,48.888888888888886,65.55555555555556,6.666666666666667,1.1111111111111112,2.2222222222222223,0.0,34.25,9.0,201.1888888888889,199.77777777777777,1.4111111111111112,201.1888888888889,RANDOM_100,0-2s
90,90,1,22.22222222222222,33.33333333333333,63.33333333333333,2.2222222222222223,1.1111111111111112,0.0,0.0,33.25,10.0,51.7,50.28888888888889,1.4111111111111112,201.1888888888889,HARD_25,0-2s
90,90,1,27.77777777777778,42.22222222222222,66.66666666666666,3.3333333333333335,2.2222222222222223,1.1111111111111112,0.0,26.75,9.0,101.52222222222223,100.11111111111111,1.4111111111111112,201.1888888888889,HARD_50,0-2s
90,90,1,27.77777777777778,48.888888888888886,65.55555555555556,6.666666666666667,1.1111111111111112,2.2222222222222223,0.0,34.25,9.0,201.1888888888889,199.77777777777777,1.4111111111111112,201.1888888888889,HARD_100,0-2s
90,90,1,27.77777777777778,48.888888888888886,65.55555555555556,6.666666666666667,1.1111111111111112,2.2222222222222223,0.0,34.25,9.0,201.1888888888889,199.77777777777777,1.4111111111111112,201.1888888888889,FULL_ACCESS,0-2s
376,376,1,30.319148936170215,42.02127659574468,65.95744680851064,10.372340425531915,1.8617021276595744,1.5957446808510638,0.26595744680851063,21.0,2.125,5.9361702127659575,0.0,5.9361702127659575,193.39361702127658,GT_ONLY,2-5s
376,3760,10,53.27127659574467,70.69148936170212,88.48404255319149,27.340425531914892,7.659574468085106,10.26595744680851,2.632978723404255,7.0,3.0,53.16489361702128,47.22872340425532,5.9361702127659575,193.39361702127658,RANDOM_25,2-5s
376,3760,10,51.46276595744681,67.76595744680851,87.36702127659575,27.26063829787234,8.962765957446809,11.063829787234042,3.2180851063829783,9.0,3.0,99.90159574468085,93.96542553191489,5.9361702127659575,193.39361702127658,RANDOM_50,2-5s
376,376,1,48.138297872340424,64.09574468085107,85.63829787234043,25.79787234042553,8.24468085106383,11.170212765957446,3.723404255319149,11.25,3.0,193.39361702127658,187.45744680851064,5.9361702127659575,193.39361702127658,RANDOM_100,2-5s
376,376,1,42.5531914893617,57.97872340425532,81.91489361702128,21.54255319148936,6.117021276595745,7.9787234042553195,2.925531914893617,18.0,3.5,53.16489361702128,47.22872340425532,5.9361702127659575,193.39361702127658,HARD_25,2-5s
376,376,1,43.08510638297872,60.37234042553191,81.64893617021278,23.404255319148938,6.914893617021277,9.840425531914894,2.6595744680851063,10.75,3.0,99.90159574468085,93.96542553191489,5.9361702127659575,193.39361702127658,HARD_50,2-5s
376,376,1,48.138297872340424,64.09574468085107,85.63829787234043,25.79787234042553,8.24468085106383,11.170212765957446,3.723404255319149,11.25,3.0,193.39361702127658,187.45744680851064,5.9361702127659575,193.39361702127658,HARD_100,2-5s
376,376,1,48.138297872340424,64.09574468085107,85.63829787234043,25.79787234042553,8.24468085106383,11.170212765957446,3.723404255319149,11.25,3.0,193.39361702127658,187.45744680851064,5.9361702127659575,193.39361702127658,FULL_ACCESS,2-5s
273,273,1,36.63003663003663,47.61904761904761,84.24908424908425,20.87912087912088,6.227106227106227,4.029304029304029,1.098901098901099,20.0,1.7777777777777777,13.813186813186814,0.0,13.813186813186814,214.86080586080587,GT_ONLY,5-10s
273,2730,10,56.41025641025641,71.20879120879121,96.19047619047619,53.88278388278388,22.16117216117216,23.589743589743588,9.267399267399268,5.0,1.5714285714285714,64.45787545787546,50.64468864468864,13.813186813186814,214.86080586080587,RANDOM_25,5-10s
273,2730,10,56.00732600732601,71.57509157509158,95.97069597069597,56.08058608058608,23.809523809523807,25.42124542124542,10.54945054945055,5.0,1.5,114.61538461538461,100.8021978021978,13.813186813186814,214.86080586080587,RANDOM_50,5-10s
273,273,1,54.94505494505495,73.62637362637363,96.33699633699634,56.41025641025641,24.90842490842491,26.373626373626376,10.256410256410255,8.0,1.4444444444444444,214.86080586080587,201.04761904761904,13.813186813186814,214.86080586080587,RANDOM_100,5-10s
273,273,1,41.75824175824176,57.509157509157504,91.20879120879121,38.095238095238095,16.117216117216117,13.91941391941392,6.95970695970696,15.5,1.7142857142857142,64.45787545787546,50.64468864468864,13.813186813186814,214.86080586080587,HARD_25,5-10s
273,273,1,51.28205128205128,64.1025641025641,93.04029304029304,49.45054945054945,18.315018315018314,18.315018315018314,7.6923076923076925,10.5,1.5714285714285714,114.61538461538461,100.8021978021978,13.813186813186814,214.86080586080587,HARD_50,5-10s
273,273,1,54.94505494505495,73.62637362637363,96.33699633699634,56.41025641025641,24.90842490842491,26.373626373626376,10.256410256410255,8.0,1.4444444444444444,214.86080586080587,201.04761904761904,13.813186813186814,214.86080586080587,HARD_100,5-10s
273,273,1,54.94505494505495,73.62637362637363,96.33699633699634,56.41025641025641,24.90842490842491,26.373626373626376,10.256410256410255,8.0,1.4444444444444444,214.86080586080587,201.04761904761904,13.813186813186814,214.86080586080587,FULL_ACCESS,5-10s
251,251,1,36.65338645418327,52.589641434262944,89.64143426294821,39.04382470119522,10.756972111553784,11.155378486055776,2.788844621513944,13.5,0.9166666666666666,27.366533864541832,0.0,27.366533864541832,220.72509960159363,GT_ONLY,10-20s
251,2510,10,55.059760956175296,73.06772908366533,97.92828685258964,69.4820717131474,33.46613545816733,31.195219123505975,13.545816733067728,5.0,1.0,76.07171314741036,48.70517928286853,27.366533864541832,220.72509960159363,RANDOM_25,10-20s
251,2510,10,56.135458167330675,71.79282868525897,97.88844621513945,70.3187250996016,35.73705179282868,31.872509960159363,16.05577689243028,5.0,0.9166666666666666,124.28685258964144,96.9203187250996,27.366533864541832,220.72509960159363,RANDOM_50,10-20s
251,251,1,54.18326693227091,68.12749003984064,97.21115537848605,69.7211155378486,38.24701195219124,31.47410358565737,16.334661354581673,5.0,0.875,220.72509960159363,193.3585657370518,27.366533864541832,220.72509960159363,RANDOM_100,10-20s
251,251,1,44.223107569721115,57.76892430278885,96.01593625498009,56.97211155378486,26.294820717131472,22.709163346613543,10.358565737051793,10.5,1.0,76.07171314741036,48.70517928286853,27.366533864541832,220.72509960159363,HARD_25,10-20s
251,251,1,47.01195219123506,63.745019920318725,98.40637450199203,62.54980079681275,31.872509960159363,28.286852589641438,13.94422310756972,6.0,0.9090909090909091,124.28685258964144,96.9203187250996,27.366533864541832,220.72509960159363,HARD_50,10-20s
251,251,1,54.18326693227091,68.12749003984064,97.21115537848605,69.7211155378486,38.24701195219124,31.47410358565737,16.334661354581673,5.0,0.875,220.72509960159363,193.3585657370518,27.366533864541832,220.72509960159363,HARD_100,10-20s
251,251,1,54.18326693227091,68.12749003984064,97.21115537848605,69.7211155378486,38.24701195219124,31.47410358565737,16.334661354581673,5.0,0.875,220.72509960159363,193.3585657370518,27.366533864541832,220.72509960159363,FULL_ACCESS,10-20s
357,357,1,35.85434173669468,48.739495798319325,95.23809523809523,52.66106442577031,28.291316526610643,18.487394957983195,5.602240896358544,17.5,0.42857142857142855,90.23529411764706,0.0,90.23529411764706,239.43977591036415,GT_ONLY,20s+
357,3570,10,38.767507002801125,54.48179271708683,99.6078431372549,69.24369747899159,40.056022408963585,34.11764705882353,12.521008403361344,11.0,0.4782608695652174,127.9327731092437,37.69747899159664,90.23529411764706,239.43977591036415,RANDOM_25,20s+
357,3570,10,39.46778711484594,55.35014005602241,99.77591036414566,69.187675070028,39.32773109243698,34.67787114845938,14.033613445378151,11.0,0.45161290322580644,165.10084033613447,74.8655462184874,90.23529411764706,239.43977591036415,RANDOM_50,20s+
357,357,1,36.41456582633053,54.621848739495796,99.71988795518207,65.54621848739495,38.93557422969188,32.773109243697476,15.686274509803921,10.5,0.43478260869565216,239.43977591036415,149.20448179271708,90.23529411764706,239.43977591036415,RANDOM_100,20s+
357,357,1,35.294117647058826,49.01960784313725,99.43977591036415,64.14565826330532,36.41456582633053,27.170868347338935,8.96358543417367,16.5,0.46938775510204084,127.9327731092437,37.69747899159664,90.23529411764706,239.43977591036415,HARD_25,20s+
357,357,1,35.01400560224089,52.94117647058824,99.43977591036415,66.38655462184873,37.81512605042017,31.932773109243694,12.605042016806722,12.5,0.45652173913043476,165.10084033613447,74.8655462184874,90.23529411764706,239.43977591036415,HARD_50,20s+
357,357,1,36.41456582633053,54.621848739495796,99.71988795518207,65.54621848739495,38.93557422969188,32.773109243697476,15.686274509803921,10.5,0.43478260869565216,239.43977591036415,149.20448179271708,90.23529411764706,239.43977591036415,HARD_100,20s+
357,357,1,36.41456582633053,54.621848739495796,99.71988795518207,65.54621848739495,38.93557422969188,32.773109243697476,15.686274509803921,10.5,0.43478260869565216,239.43977591036415,149.20448179271708,90.23529411764706,239.43977591036415,FULL_ACCESS,20s+
